Copyright 1986-2022 Xilinx, Inc. All Rights Reserved. Copyright 2022-2025 Advanced Micro Devices, Inc. All Rights Reserved.
---------------------------------------------------------------------------------------------------------------------------------------------------------
| Tool Version : Vivado v.2025.2 (win64) Build 6299465 Fri Nov 14 19:35:11 GMT 2025
| Date         : Mon May 25 21:02:40 2026
| Host         : Junsangs-PC running 64-bit major release  (build 9200)
| Command      : report_timing_summary -file {Z:/2026 CAU/AIX2026/git/Yolo_Accelerator/yolohw/fpga/IP_PACKAGING/fpga_yolohw/timing_summary_lowclock.rpt}
| Design       : system_wrapper
| Device       : 7a100t-csg324
| Speed File   : -1  PRODUCTION 1.23 2018-06-13
| Design State : Routed
---------------------------------------------------------------------------------------------------------------------------------------------------------

Timing Summary Report

------------------------------------------------------------------------------------------------
| Timer Settings
| --------------
------------------------------------------------------------------------------------------------

  Enable Multi Corner Analysis               :  Yes
  Enable Pessimism Removal                   :  Yes
  Pessimism Removal Resolution               :  Nearest Common Node
  Enable Input Delay Default Clock           :  No
  Enable Preset / Clear Arcs                 :  No
  Disable Flight Delays                      :  No
  Ignore I/O Paths                           :  No
  Timing Early Launch at Borrowing Latches   :  No
  Borrow Time for Max Delay Exceptions       :  Yes
  Merge Timing Exceptions                    :  Yes
  Inter-SLR Compensation                     :  Conservative

  Corner  Analyze    Analyze    
  Name    Max Paths  Min Paths  
  ------  ---------  ---------  
  Slow    Yes        Yes        
  Fast    Yes        Yes        


------------------------------------------------------------------------------------------------
| Report Methodology
| ------------------
------------------------------------------------------------------------------------------------

Rule       Severity          Description                                         Violations  
---------  ----------------  --------------------------------------------------  ----------  
TIMING-2   Critical Warning  Invalid primary clock source pin                    1           
TIMING-4   Critical Warning  Invalid primary clock redefinition on a clock tree  1           
TIMING-6   Critical Warning  No common primary clock between related clocks      1           
TIMING-7   Critical Warning  No common node between related clocks               1           
DPIR-1     Warning           Asynchronous driver check                           200         
LUTAR-1    Warning           LUT drives async reset alert                        2           
PDRC-190   Warning           Suboptimally placed synchronized register chain     12          
TIMING-9   Warning           Unknown CDC Logic                                   1           
TIMING-18  Warning           Missing input or output delay                       3           
XDCB-5     Warning           Runtime inefficient way to find pin objects         1           
REQP-1959  Advisory          connects_SERDES_RST_driver_not_FF                   16          

Note: This report is based on the most recent report_methodology run and may not be up-to-date. Run report_methodology on the current design for the latest report.



check_timing report

Table of Contents
-----------------
1. checking no_clock (0)
2. checking constant_clock (0)
3. checking pulse_width_clock (0)
4. checking unconstrained_internal_endpoints (0)
5. checking no_input_delay (2)
6. checking no_output_delay (3)
7. checking multiple_clock (0)
8. checking generated_clocks (0)
9. checking loops (0)
10. checking partial_input_delay (0)
11. checking partial_output_delay (0)
12. checking latch_loops (0)

1. checking no_clock (0)
------------------------
 There are 0 register/latch pins with no clock.


2. checking constant_clock (0)
------------------------------
 There are 0 register/latch pins with constant_clock.


3. checking pulse_width_clock (0)
---------------------------------
 There are 0 register/latch pins which need pulse_width check


4. checking unconstrained_internal_endpoints (0)
------------------------------------------------
 There are 0 pins that are not constrained for maximum delay.

 There are 0 pins that are not constrained for maximum delay due to constant clock.


5. checking no_input_delay (2)
------------------------------
 There are 2 input ports with no input delay specified. (HIGH)

 There are 0 input ports with no input delay but user has a false path constraint.


6. checking no_output_delay (3)
-------------------------------
 There are 3 ports with no output delay specified. (HIGH)

 There are 0 ports with no output delay but user has a false path constraint

 There are 0 ports with no output delay but with a timing clock defined on it or propagating through it


7. checking multiple_clock (0)
------------------------------
 There are 0 register/latch pins with multiple clocks.


8. checking generated_clocks (0)
--------------------------------
 There are 0 generated clocks that are not connected to a clock source.


9. checking loops (0)
---------------------
 There are 0 combinational loops in the design.


10. checking partial_input_delay (0)
------------------------------------
 There are 0 input ports with partial input delay specified.


11. checking partial_output_delay (0)
-------------------------------------
 There are 0 ports with partial output delay specified.


12. checking latch_loops (0)
----------------------------
 There are 0 combinational latch loops in the design through latch input



------------------------------------------------------------------------------------------------
| Design Timing Summary
| ---------------------
------------------------------------------------------------------------------------------------

    WNS(ns)      TNS(ns)  TNS Failing Endpoints  TNS Total Endpoints      WHS(ns)      THS(ns)  THS Failing Endpoints  THS Total Endpoints     WPWS(ns)     TPWS(ns)  TPWS Failing Endpoints  TPWS Total Endpoints  
    -------      -------  ---------------------  -------------------      -------      -------  ---------------------  -------------------     --------     --------  ----------------------  --------------------  
      0.009        0.000                      0                85658        0.050        0.000                      0                85512        0.237        0.000                       0                 31740  


All user specified timing constraints are met.


------------------------------------------------------------------------------------------------
| Clock Summary
| -------------
------------------------------------------------------------------------------------------------

Clock                                                                                                                                                            Waveform(ns)         Period(ns)      Frequency(MHz)
-----                                                                                                                                                            ------------         ----------      --------------
sys_clock                                                                                                                                                        {0.000 5.000}        10.000          100.000         
  clk_out1_system_clk_wiz_1_0                                                                                                                                    {0.000 5.000}        10.000          100.000         
  clk_out2_system_clk_wiz_1_0                                                                                                                                    {0.000 5.000}        10.000          100.000         
  clk_out3_system_clk_wiz_1_0                                                                                                                                    {0.000 2.500}        5.000           200.000         
  clkfbout_system_clk_wiz_1_0                                                                                                                                    {0.000 5.000}        10.000          100.000         
system_i/mdm_1/U0/Use_E2.BSCAN_I/Use_E2.BSCANE2_I/DRCK                                                                                                           {0.000 16.666}       33.333          30.000          
system_i/mdm_1/U0/Use_E2.BSCAN_I/Use_E2.BSCANE2_I/UPDATE                                                                                                         {0.000 16.666}       33.333          30.000          
system_i/mig_7series_0/sys_clk_i                                                                                                                                 {0.000 5.200}        10.400          96.154          
  freq_refclk_1                                                                                                                                                  {0.000 0.800}        1.600           625.000         
    u_memc_ui_top_axi/mem_intfc0/ddr_phy_top0/u_ddr_mc_phy_wrapper/u_ddr_mc_phy/ddr_phy_4lanes_0.u_ddr_phy_4lanes/ddr_byte_lane_A.ddr_byte_lane_A/iserdes_clk_1  {0.000 1.600}        3.200           312.500         
      iserdes_clkdiv_2                                                                                                                                           {0.000 6.400}        12.800          78.125          
    u_memc_ui_top_axi/mem_intfc0/ddr_phy_top0/u_ddr_mc_phy_wrapper/u_ddr_mc_phy/ddr_phy_4lanes_0.u_ddr_phy_4lanes/ddr_byte_lane_C.ddr_byte_lane_C/iserdes_clk_1  {0.000 1.600}        3.200           312.500         
      iserdes_clkdiv_3                                                                                                                                           {0.000 6.400}        12.800          78.125          
  mem_refclk_1                                                                                                                                                   {0.000 1.600}        3.200           312.500         
    oserdes_clk_4                                                                                                                                                {0.000 1.600}        3.200           312.500         
      oserdes_clkdiv_4                                                                                                                                           {0.000 3.200}        6.400           156.250         
    oserdes_clk_5                                                                                                                                                {0.000 1.600}        3.200           312.500         
      oserdes_clkdiv_5                                                                                                                                           {0.000 6.400}        12.800          78.125          
    oserdes_clk_6                                                                                                                                                {0.000 1.600}        3.200           312.500         
      oserdes_clkdiv_6                                                                                                                                           {0.000 3.200}        6.400           156.250         
    oserdes_clk_7                                                                                                                                                {0.000 1.600}        3.200           312.500         
      oserdes_clkdiv_7                                                                                                                                           {0.000 6.400}        12.800          78.125          
  pll_clk3_out_1                                                                                                                                                 {0.000 6.400}        12.800          78.125          
    clk_pll_i_1                                                                                                                                                  {0.000 6.400}        12.800          78.125          
  pll_clkfbout_1                                                                                                                                                 {0.000 5.200}        10.400          96.154          
  sync_pulse_1                                                                                                                                                   {1.400 4.600}        51.200          19.531          


------------------------------------------------------------------------------------------------
| Intra Clock Table
| -----------------
------------------------------------------------------------------------------------------------

Clock                                                                                                                                                                WNS(ns)      TNS(ns)  TNS Failing Endpoints  TNS Total Endpoints      WHS(ns)      THS(ns)  THS Failing Endpoints  THS Total Endpoints     WPWS(ns)     TPWS(ns)  TPWS Failing Endpoints  TPWS Total Endpoints  
-----                                                                                                                                                                -------      -------  ---------------------  -------------------      -------      -------  ---------------------  -------------------     --------     --------  ----------------------  --------------------  
sys_clock                                                                                                                                                                                                                                                                                                          3.000        0.000                       0                     1  
  clk_out1_system_clk_wiz_1_0                                                                                                                                          1.792        0.000                      0                22023        0.053        0.000                      0                22023        3.750        0.000                       0                  6423  
  clk_out2_system_clk_wiz_1_0                                                                                                                                                                                                                                                                                      7.845        0.000                       0                     2  
  clk_out3_system_clk_wiz_1_0                                                                                                                                          1.469        0.000                      0                  126        0.120        0.000                      0                  126        0.264        0.000                       0                    64  
  clkfbout_system_clk_wiz_1_0                                                                                                                                                                                                                                                                                      7.845        0.000                       0                     3  
system_i/mdm_1/U0/Use_E2.BSCAN_I/Use_E2.BSCANE2_I/DRCK                                                                                                                11.275        0.000                      0                  222        0.126        0.000                      0                  222       15.686        0.000                       0                   234  
system_i/mdm_1/U0/Use_E2.BSCAN_I/Use_E2.BSCANE2_I/UPDATE                                                                                                               7.551        0.000                      0                   46        0.209        0.000                      0                   46       16.166        0.000                       0                    40  
system_i/mig_7series_0/sys_clk_i                                                                                                                                                                                                                                                                                   2.200        0.000                       0                     1  
  freq_refclk_1                                                                                                                                                                                                                                                                                                    0.237        0.000                       0                     8  
    u_memc_ui_top_axi/mem_intfc0/ddr_phy_top0/u_ddr_mc_phy_wrapper/u_ddr_mc_phy/ddr_phy_4lanes_0.u_ddr_phy_4lanes/ddr_byte_lane_A.ddr_byte_lane_A/iserdes_clk_1                                                                                                                                                    1.533        0.000                       0                    16  
      iserdes_clkdiv_2                                                                                                                                                10.727        0.000                      0                   33        0.071        0.000                      0                   33        4.250        0.000                       0                     9  
    u_memc_ui_top_axi/mem_intfc0/ddr_phy_top0/u_ddr_mc_phy_wrapper/u_ddr_mc_phy/ddr_phy_4lanes_0.u_ddr_phy_4lanes/ddr_byte_lane_C.ddr_byte_lane_C/iserdes_clk_1                                                                                                                                                    1.533        0.000                       0                    16  
      iserdes_clkdiv_3                                                                                                                                                10.771        0.000                      0                   33        0.071        0.000                      0                   33        4.250        0.000                       0                     9  
  mem_refclk_1                                                                                                                                                         2.038        0.000                      0                    1        0.336        0.000                      0                    1        0.975        0.000                       0                     8  
    oserdes_clk_4                                                                                                                                                      1.627        0.000                      0                    4        0.411        0.000                      0                    4        1.533        0.000                       0                    12  
      oserdes_clkdiv_4                                                                                                                                                 4.983        0.000                      0                   36        0.090        0.000                      0                   36        1.050        0.000                       0                    11  
    oserdes_clk_5                                                                                                                                                                                                                                                                                                  1.533        0.000                       0                    12  
      oserdes_clkdiv_5                                                                                                                                                11.371        0.000                      0                   48        0.094        0.000                      0                   48        4.250        0.000                       0                    13  
    oserdes_clk_6                                                                                                                                                      1.620        0.000                      0                    4        0.413        0.000                      0                    4        1.533        0.000                       0                    12  
      oserdes_clkdiv_6                                                                                                                                                 4.777        0.000                      0                   36        0.092        0.000                      0                   36        1.050        0.000                       0                    11  
    oserdes_clk_7                                                                                                                                                                                                                                                                                                  1.533        0.000                       0                    11  
      oserdes_clkdiv_7                                                                                                                                                11.100        0.000                      0                   40        0.086        0.000                      0                   40        4.250        0.000                       0                    11  
  pll_clk3_out_1                                                                                                                                                                                                                                                                                                   3.400        0.000                       0                     3  
    clk_pll_i_1                                                                                                                                                        0.009        0.000                      0                58716        0.050        0.000                      0                58716        4.250        0.000                       0                 24800  
  pll_clkfbout_1                                                                                                                                                                                                                                                                                                   9.151        0.000                       0                     2  
  sync_pulse_1                                                                                                                                                                                                                                                                                                     1.950        0.000                       0                     8  


------------------------------------------------------------------------------------------------
| Inter Clock Table
| -----------------
------------------------------------------------------------------------------------------------

From Clock                                                                                                                                                   To Clock                                                                                                                                                         WNS(ns)      TNS(ns)  TNS Failing Endpoints  TNS Total Endpoints      WHS(ns)      THS(ns)  THS Failing Endpoints  THS Total Endpoints  
----------                                                                                                                                                   --------                                                                                                                                                         -------      -------  ---------------------  -------------------      -------      -------  ---------------------  -------------------  
clk_pll_i_1                                                                                                                                                  clk_out1_system_clk_wiz_1_0                                                                                                                                        9.773        0.000                      0                  356                                                                        
clk_pll_i_1                                                                                                                                                  clk_out3_system_clk_wiz_1_0                                                                                                                                       15.078        0.000                      0                    1                                                                        
clk_pll_i_1                                                                                                                                                  u_memc_ui_top_axi/mem_intfc0/ddr_phy_top0/u_ddr_mc_phy_wrapper/u_ddr_mc_phy/ddr_phy_4lanes_0.u_ddr_phy_4lanes/ddr_byte_lane_A.ddr_byte_lane_A/iserdes_clk_1        9.338        0.000                      0                    8       49.322        0.000                      0                    8  
clk_pll_i_1                                                                                                                                                  u_memc_ui_top_axi/mem_intfc0/ddr_phy_top0/u_ddr_mc_phy_wrapper/u_ddr_mc_phy/ddr_phy_4lanes_0.u_ddr_phy_4lanes/ddr_byte_lane_C.ddr_byte_lane_C/iserdes_clk_1       10.748        0.000                      0                    8       48.382        0.000                      0                    8  
sync_pulse_1                                                                                                                                                 mem_refclk_1                                                                                                                                                       1.382        0.000                      0                    1        0.990        0.000                      0                    1  
oserdes_clk_4                                                                                                                                                oserdes_clkdiv_4                                                                                                                                                   2.302        0.000                      0                   15        0.095        0.000                      0                   15  
oserdes_clk_5                                                                                                                                                oserdes_clkdiv_5                                                                                                                                                   2.302        0.000                      0                   13        0.095        0.000                      0                   13  
oserdes_clk_6                                                                                                                                                oserdes_clkdiv_6                                                                                                                                                   2.302        0.000                      0                   15        0.095        0.000                      0                   15  
oserdes_clk_7                                                                                                                                                oserdes_clkdiv_7                                                                                                                                                   2.302        0.000                      0                   11        0.095        0.000                      0                   11  
clk_out1_system_clk_wiz_1_0                                                                                                                                  clk_pll_i_1                                                                                                                                                        7.031        0.000                      0                  500                                                                        
clk_out3_system_clk_wiz_1_0                                                                                                                                  clk_pll_i_1                                                                                                                                                       12.909        0.000                      0                   12        0.105        0.000                      0                   12  


------------------------------------------------------------------------------------------------
| Other Path Groups Table
| -----------------------
------------------------------------------------------------------------------------------------

Path Group         From Clock         To Clock               WNS(ns)      TNS(ns)  TNS Failing Endpoints  TNS Total Endpoints      WHS(ns)      THS(ns)  THS Failing Endpoints  THS Total Endpoints  
----------         ----------         --------               -------      -------  ---------------------  -------------------      -------      -------  ---------------------  -------------------  
**async_default**  clk_pll_i_1        clk_pll_i_1              1.251        0.000                      0                 4061        0.708        0.000                      0                 4061  
**default**        clk_pll_i_1                                 1.213        0.000                      0                    1                                                                        


------------------------------------------------------------------------------------------------
| Timing Details
| --------------
------------------------------------------------------------------------------------------------


---------------------------------------------------------------------------------------------------
From Clock:  sys_clock
  To Clock:  sys_clock

Setup :           NA  Failing Endpoints,  Worst Slack           NA  ,  Total Violation           NA
Hold  :           NA  Failing Endpoints,  Worst Slack           NA  ,  Total Violation           NA
PW    :            0  Failing Endpoints,  Worst Slack        3.000ns,  Total Violation        0.000ns
---------------------------------------------------------------------------------------------------


Pulse Width Checks
--------------------------------------------------------------------------------------
Clock Name:         sys_clock
Waveform(ns):       { 0.000 5.000 }
Period(ns):         10.000
Sources:            { sys_clock }

Check Type        Corner  Lib Pin            Reference Pin  Required(ns)  Actual(ns)  Slack(ns)  Location         Pin
Min Period        n/a     MMCME2_ADV/CLKIN1  n/a            1.249         10.000      8.751      MMCME2_ADV_X1Y2  system_i/clk_wiz_1/inst/mmcm_adv_inst/CLKIN1
Max Period        n/a     MMCME2_ADV/CLKIN1  n/a            100.000       10.000      90.000     MMCME2_ADV_X1Y2  system_i/clk_wiz_1/inst/mmcm_adv_inst/CLKIN1
Low Pulse Width   Slow    MMCME2_ADV/CLKIN1  n/a            2.000         5.000       3.000      MMCME2_ADV_X1Y2  system_i/clk_wiz_1/inst/mmcm_adv_inst/CLKIN1
High Pulse Width  Slow    MMCME2_ADV/CLKIN1  n/a            2.000         5.000       3.000      MMCME2_ADV_X1Y2  system_i/clk_wiz_1/inst/mmcm_adv_inst/CLKIN1



---------------------------------------------------------------------------------------------------
From Clock:  clk_out1_system_clk_wiz_1_0
  To Clock:  clk_out1_system_clk_wiz_1_0

Setup :            0  Failing Endpoints,  Worst Slack        1.792ns,  Total Violation        0.000ns
Hold  :            0  Failing Endpoints,  Worst Slack        0.053ns,  Total Violation        0.000ns
PW    :            0  Failing Endpoints,  Worst Slack        3.750ns,  Total Violation        0.000ns
---------------------------------------------------------------------------------------------------


Max Delay Paths
--------------------------------------------------------------------------------------
Slack (MET) :             1.792ns  (required time - arrival time)
  Source:                 system_i/axi_smc/inst/m03_nodes/m03_r_node/inst/inst_mi_handler/m_sc_areset_r_reg/C
                            (rising edge-triggered cell FDRE clocked by clk_out1_system_clk_wiz_1_0  {rise@0.000ns fall@5.000ns period=10.000ns})
  Destination:            system_i/axi_smc/inst/m03_nodes/m03_r_node/inst/inst_mi_handler/gen_normal_area.inst_fifo_node_payld/gen_xpm_memory_fifo.inst_fifo/gen_mem_rep[0].inst_xpm_memory/xpm_memory_base_inst/gen_rd_b.gen_rd_b_synth_template.gen_rf_narrow_reg.doutb_reg_reg[121]/R
                            (rising edge-triggered cell FDRE clocked by clk_out1_system_clk_wiz_1_0  {rise@0.000ns fall@5.000ns period=10.000ns})
  Path Group:             clk_out1_system_clk_wiz_1_0
  Path Type:              Setup (Max at Slow Process Corner)
  Requirement:            10.000ns  (clk_out1_system_clk_wiz_1_0 rise@10.000ns - clk_out1_system_clk_wiz_1_0 rise@0.000ns)
  Data Path Delay:        7.575ns  (logic 0.456ns (6.020%)  route 7.119ns (93.980%))
  Logic Levels:           0  
  Clock Path Skew:        -0.130ns (DCD - SCD + CPR)
    Destination Clock Delay (DCD):    -1.511ns = ( 8.489 - 10.000 ) 
    Source Clock Delay      (SCD):    -0.894ns
    Clock Pessimism Removal (CPR):    0.487ns
  Clock Uncertainty:      0.074ns  ((TSJ^2 + DJ^2)^1/2) / 2 + PE
    Total System Jitter     (TSJ):    0.071ns
    Discrete Jitter          (DJ):    0.131ns
    Phase Error              (PE):    0.000ns

    Location             Delay type                Incr(ns)  Path(ns)    Netlist Resource(s)
  -------------------------------------------------------------------    -------------------
                         (clock clk_out1_system_clk_wiz_1_0 rise edge)
                                                      0.000     0.000 r  
    E3                                                0.000     0.000 r  sys_clock (IN)
                         net (fo=0)                   0.000     0.000    system_i/clk_wiz_1/inst/clk_in1
    E3                   IBUF (Prop_ibuf_I_O)         1.482     1.482 r  system_i/clk_wiz_1/inst/clkin1_ibufg/O
                         net (fo=1, routed)           1.233     2.715    system_i/clk_wiz_1/inst/clk_in1_system_clk_wiz_1_0
    MMCME2_ADV_X1Y2      MMCME2_ADV (Prop_mmcme2_adv_CLKIN1_CLKOUT0)
                                                     -7.070    -4.355 r  system_i/clk_wiz_1/inst/mmcm_adv_inst/CLKOUT0
                         net (fo=1, routed)           1.719    -2.636    system_i/clk_wiz_1/inst/clk_out1_system_clk_wiz_1_0
    BUFGCTRL_X0Y18       BUFG (Prop_bufg_I_O)         0.096    -2.540 r  system_i/clk_wiz_1/inst/clkout1_buf/O
                         net (fo=6421, routed)        1.646    -0.894    system_i/axi_smc/inst/m03_nodes/m03_r_node/inst/inst_mi_handler/m_sc_aclk
    SLICE_X9Y94          FDRE                                         r  system_i/axi_smc/inst/m03_nodes/m03_r_node/inst/inst_mi_handler/m_sc_areset_r_reg/C
  -------------------------------------------------------------------    -------------------
    SLICE_X9Y94          FDRE (Prop_fdre_C_Q)         0.456    -0.438 r  system_i/axi_smc/inst/m03_nodes/m03_r_node/inst/inst_mi_handler/m_sc_areset_r_reg/Q
                         net (fo=155, routed)         7.119     6.681    system_i/axi_smc/inst/m03_nodes/m03_r_node/inst/inst_mi_handler/gen_normal_area.inst_fifo_node_payld/gen_xpm_memory_fifo.inst_fifo/gen_mem_rep[0].inst_xpm_memory/xpm_memory_base_inst/rstb
    SLICE_X61Y56         FDRE                                         r  system_i/axi_smc/inst/m03_nodes/m03_r_node/inst/inst_mi_handler/gen_normal_area.inst_fifo_node_payld/gen_xpm_memory_fifo.inst_fifo/gen_mem_rep[0].inst_xpm_memory/xpm_memory_base_inst/gen_rd_b.gen_rd_b_synth_template.gen_rf_narrow_reg.doutb_reg_reg[121]/R
  -------------------------------------------------------------------    -------------------

                         (clock clk_out1_system_clk_wiz_1_0 rise edge)
                                                     10.000    10.000 r  
    E3                                                0.000    10.000 r  sys_clock (IN)
                         net (fo=0)                   0.000    10.000    system_i/clk_wiz_1/inst/clk_in1
    E3                   IBUF (Prop_ibuf_I_O)         1.411    11.411 r  system_i/clk_wiz_1/inst/clkin1_ibufg/O
                         net (fo=1, routed)           1.162    12.573    system_i/clk_wiz_1/inst/clk_in1_system_clk_wiz_1_0
    MMCME2_ADV_X1Y2      MMCME2_ADV (Prop_mmcme2_adv_CLKIN1_CLKOUT0)
                                                     -7.324     5.249 r  system_i/clk_wiz_1/inst/mmcm_adv_inst/CLKOUT0
                         net (fo=1, routed)           1.639     6.888    system_i/clk_wiz_1/inst/clk_out1_system_clk_wiz_1_0
    BUFGCTRL_X0Y18       BUFG (Prop_bufg_I_O)         0.091     6.979 r  system_i/clk_wiz_1/inst/clkout1_buf/O
                         net (fo=6421, routed)        1.509     8.489    system_i/axi_smc/inst/m03_nodes/m03_r_node/inst/inst_mi_handler/gen_normal_area.inst_fifo_node_payld/gen_xpm_memory_fifo.inst_fifo/gen_mem_rep[0].inst_xpm_memory/xpm_memory_base_inst/clkb
    SLICE_X61Y56         FDRE                                         r  system_i/axi_smc/inst/m03_nodes/m03_r_node/inst/inst_mi_handler/gen_normal_area.inst_fifo_node_payld/gen_xpm_memory_fifo.inst_fifo/gen_mem_rep[0].inst_xpm_memory/xpm_memory_base_inst/gen_rd_b.gen_rd_b_synth_template.gen_rf_narrow_reg.doutb_reg_reg[121]/C
                         clock pessimism              0.487     8.976    
                         clock uncertainty           -0.074     8.902    
    SLICE_X61Y56         FDRE (Setup_fdre_C_R)       -0.429     8.473    system_i/axi_smc/inst/m03_nodes/m03_r_node/inst/inst_mi_handler/gen_normal_area.inst_fifo_node_payld/gen_xpm_memory_fifo.inst_fifo/gen_mem_rep[0].inst_xpm_memory/xpm_memory_base_inst/gen_rd_b.gen_rd_b_synth_template.gen_rf_narrow_reg.doutb_reg_reg[121]
  -------------------------------------------------------------------
                         required time                          8.473    
                         arrival time                          -6.681    
  -------------------------------------------------------------------
                         slack                                  1.792    





Min Delay Paths
--------------------------------------------------------------------------------------
Slack (MET) :             0.053ns  (arrival time - required time)
  Source:                 system_i/axi_smc/inst/switchboards/r_switchboard/inst/gen_mi[0].inst_opipe_payld/gen_pipe[1].pipe_reg[1][16]/C
                            (rising edge-triggered cell FDRE clocked by clk_out1_system_clk_wiz_1_0  {rise@0.000ns fall@5.000ns period=10.000ns})
  Destination:            system_i/axi_smc/inst/s00_nodes/s00_r_node/inst/inst_mi_handler/gen_normal_area.inst_fifo_node_payld/gen_xpm_memory_fifo.inst_fifo/gen_mem_rep[0].inst_xpm_memory/xpm_memory_base_inst/gen_wr_a.gen_word_narrow.mem_reg_0_31_12_17/RAMA/I
                            (rising edge-triggered cell RAMD32 clocked by clk_out1_system_clk_wiz_1_0  {rise@0.000ns fall@5.000ns period=10.000ns})
  Path Group:             clk_out1_system_clk_wiz_1_0
  Path Type:              Hold (Min at Fast Process Corner)
  Requirement:            0.000ns  (clk_out1_system_clk_wiz_1_0 rise@0.000ns - clk_out1_system_clk_wiz_1_0 rise@0.000ns)
  Data Path Delay:        0.463ns  (logic 0.164ns (35.452%)  route 0.299ns (64.548%))
  Logic Levels:           0  
  Clock Path Skew:        0.263ns (DCD - SCD - CPR)
    Destination Clock Delay (DCD):    -0.840ns
    Source Clock Delay      (SCD):    -0.599ns
    Clock Pessimism Removal (CPR):    -0.504ns

    Location             Delay type                Incr(ns)  Path(ns)    Netlist Resource(s)
  -------------------------------------------------------------------    -------------------
                         (clock clk_out1_system_clk_wiz_1_0 rise edge)
                                                      0.000     0.000 r  
    E3                                                0.000     0.000 r  sys_clock (IN)
                         net (fo=0)                   0.000     0.000    system_i/clk_wiz_1/inst/clk_in1
    E3                   IBUF (Prop_ibuf_I_O)         0.250     0.250 r  system_i/clk_wiz_1/inst/clkin1_ibufg/O
                         net (fo=1, routed)           0.440     0.690    system_i/clk_wiz_1/inst/clk_in1_system_clk_wiz_1_0
    MMCME2_ADV_X1Y2      MMCME2_ADV (Prop_mmcme2_adv_CLKIN1_CLKOUT0)
                                                     -2.379    -1.689 r  system_i/clk_wiz_1/inst/mmcm_adv_inst/CLKOUT0
                         net (fo=1, routed)           0.499    -1.190    system_i/clk_wiz_1/inst/clk_out1_system_clk_wiz_1_0
    BUFGCTRL_X0Y18       BUFG (Prop_bufg_I_O)         0.026    -1.164 r  system_i/clk_wiz_1/inst/clkout1_buf/O
                         net (fo=6421, routed)        0.565    -0.599    system_i/axi_smc/inst/switchboards/r_switchboard/inst/gen_mi[0].inst_opipe_payld/aclk
    SLICE_X46Y57         FDRE                                         r  system_i/axi_smc/inst/switchboards/r_switchboard/inst/gen_mi[0].inst_opipe_payld/gen_pipe[1].pipe_reg[1][16]/C
  -------------------------------------------------------------------    -------------------
    SLICE_X46Y57         FDRE (Prop_fdre_C_Q)         0.164    -0.435 r  system_i/axi_smc/inst/switchboards/r_switchboard/inst/gen_mi[0].inst_opipe_payld/gen_pipe[1].pipe_reg[1][16]/Q
                         net (fo=1, routed)           0.299    -0.137    system_i/axi_smc/inst/s00_nodes/s00_r_node/inst/inst_mi_handler/gen_normal_area.inst_fifo_node_payld/gen_xpm_memory_fifo.inst_fifo/gen_mem_rep[0].inst_xpm_memory/xpm_memory_base_inst/gen_wr_a.gen_word_narrow.mem_reg_0_31_12_17/DIA0
    SLICE_X56Y60         RAMD32                                       r  system_i/axi_smc/inst/s00_nodes/s00_r_node/inst/inst_mi_handler/gen_normal_area.inst_fifo_node_payld/gen_xpm_memory_fifo.inst_fifo/gen_mem_rep[0].inst_xpm_memory/xpm_memory_base_inst/gen_wr_a.gen_word_narrow.mem_reg_0_31_12_17/RAMA/I
  -------------------------------------------------------------------    -------------------

                         (clock clk_out1_system_clk_wiz_1_0 rise edge)
                                                      0.000     0.000 r  
    E3                                                0.000     0.000 r  sys_clock (IN)
                         net (fo=0)                   0.000     0.000    system_i/clk_wiz_1/inst/clk_in1
    E3                   IBUF (Prop_ibuf_I_O)         0.438     0.438 r  system_i/clk_wiz_1/inst/clkin1_ibufg/O
                         net (fo=1, routed)           0.480     0.918    system_i/clk_wiz_1/inst/clk_in1_system_clk_wiz_1_0
    MMCME2_ADV_X1Y2      MMCME2_ADV (Prop_mmcme2_adv_CLKIN1_CLKOUT0)
                                                     -3.163    -2.245 r  system_i/clk_wiz_1/inst/mmcm_adv_inst/CLKOUT0
                         net (fo=1, routed)           0.544    -1.702    system_i/clk_wiz_1/inst/clk_out1_system_clk_wiz_1_0
    BUFGCTRL_X0Y18       BUFG (Prop_bufg_I_O)         0.029    -1.673 r  system_i/clk_wiz_1/inst/clkout1_buf/O
                         net (fo=6421, routed)        0.833    -0.840    system_i/axi_smc/inst/s00_nodes/s00_r_node/inst/inst_mi_handler/gen_normal_area.inst_fifo_node_payld/gen_xpm_memory_fifo.inst_fifo/gen_mem_rep[0].inst_xpm_memory/xpm_memory_base_inst/gen_wr_a.gen_word_narrow.mem_reg_0_31_12_17/WCLK
    SLICE_X56Y60         RAMD32                                       r  system_i/axi_smc/inst/s00_nodes/s00_r_node/inst/inst_mi_handler/gen_normal_area.inst_fifo_node_payld/gen_xpm_memory_fifo.inst_fifo/gen_mem_rep[0].inst_xpm_memory/xpm_memory_base_inst/gen_wr_a.gen_word_narrow.mem_reg_0_31_12_17/RAMA/CLK
                         clock pessimism              0.504    -0.336    
    SLICE_X56Y60         RAMD32 (Hold_ramd32_CLK_I)
                                                      0.147    -0.189    system_i/axi_smc/inst/s00_nodes/s00_r_node/inst/inst_mi_handler/gen_normal_area.inst_fifo_node_payld/gen_xpm_memory_fifo.inst_fifo/gen_mem_rep[0].inst_xpm_memory/xpm_memory_base_inst/gen_wr_a.gen_word_narrow.mem_reg_0_31_12_17/RAMA
  -------------------------------------------------------------------
                         required time                          0.189    
                         arrival time                          -0.137    
  -------------------------------------------------------------------
                         slack                                  0.053    





Pulse Width Checks
--------------------------------------------------------------------------------------
Clock Name:         clk_out1_system_clk_wiz_1_0
Waveform(ns):       { 0.000 5.000 }
Period(ns):         10.000
Sources:            { system_i/clk_wiz_1/inst/mmcm_adv_inst/CLKOUT0 }

Check Type        Corner  Lib Pin             Reference Pin  Required(ns)  Actual(ns)  Slack(ns)  Location         Pin
Min Period        n/a     RAMB36E1/CLKARDCLK  n/a            2.576         10.000      7.424      RAMB36_X2Y2      system_i/microblaze_0_local_memory/lmb_bram/U0/inst_blk_mem_gen/gnbram.gnative_mem_map_bmg.native_mem_map_blk_mem_gen/valid.cstr/ramloop[0].ram.r/prim_noinit.ram/DEVICE_7SERIES.WITH_BMM_INFO.TRUE_DP.SIMPLE_PRIM36.TDP_SP36_NO_ECC_ATTR.ram/CLKARDCLK
Max Period        n/a     MMCME2_ADV/CLKOUT0  n/a            213.360       10.000      203.360    MMCME2_ADV_X1Y2  system_i/clk_wiz_1/inst/mmcm_adv_inst/CLKOUT0
Low Pulse Width   Slow    RAMD32/CLK          n/a            1.250         5.000       3.750      SLICE_X42Y43     system_i/axi_smc/inst/m00_nodes/m00_ar_node/inst/inst_mi_handler/gen_normal_area.inst_fifo_node_payld/gen_xpm_memory_fifo.inst_fifo/gen_mem_rep[0].inst_xpm_memory/xpm_memory_base_inst/gen_wr_a.gen_word_narrow.mem_reg_0_31_0_5/RAMA/CLK
High Pulse Width  Slow    RAMD32/CLK          n/a            1.250         5.000       3.750      SLICE_X42Y43     system_i/axi_smc/inst/m00_nodes/m00_ar_node/inst/inst_mi_handler/gen_normal_area.inst_fifo_node_payld/gen_xpm_memory_fifo.inst_fifo/gen_mem_rep[0].inst_xpm_memory/xpm_memory_base_inst/gen_wr_a.gen_word_narrow.mem_reg_0_31_0_5/RAMA/CLK



---------------------------------------------------------------------------------------------------
From Clock:  clk_out2_system_clk_wiz_1_0
  To Clock:  clk_out2_system_clk_wiz_1_0

Setup :           NA  Failing Endpoints,  Worst Slack           NA  ,  Total Violation           NA
Hold  :           NA  Failing Endpoints,  Worst Slack           NA  ,  Total Violation           NA
PW    :            0  Failing Endpoints,  Worst Slack        7.845ns,  Total Violation        0.000ns
---------------------------------------------------------------------------------------------------


Pulse Width Checks
--------------------------------------------------------------------------------------
Clock Name:         clk_out2_system_clk_wiz_1_0
Waveform(ns):       { 0.000 5.000 }
Period(ns):         10.000
Sources:            { system_i/clk_wiz_1/inst/mmcm_adv_inst/CLKOUT1 }

Check Type  Corner  Lib Pin             Reference Pin  Required(ns)  Actual(ns)  Slack(ns)  Location         Pin
Min Period  n/a     BUFG/I              n/a            2.155         10.000      7.845      BUFGCTRL_X0Y17   system_i/clk_wiz_1/inst/clkout2_buf/I
Max Period  n/a     MMCME2_ADV/CLKOUT1  n/a            213.360       10.000      203.360    MMCME2_ADV_X1Y2  system_i/clk_wiz_1/inst/mmcm_adv_inst/CLKOUT1



---------------------------------------------------------------------------------------------------
From Clock:  clk_out3_system_clk_wiz_1_0
  To Clock:  clk_out3_system_clk_wiz_1_0

Setup :            0  Failing Endpoints,  Worst Slack        1.469ns,  Total Violation        0.000ns
Hold  :            0  Failing Endpoints,  Worst Slack        0.120ns,  Total Violation        0.000ns
PW    :            0  Failing Endpoints,  Worst Slack        0.264ns,  Total Violation        0.000ns
---------------------------------------------------------------------------------------------------


Max Delay Paths
--------------------------------------------------------------------------------------
Slack (MET) :             1.469ns  (required time - arrival time)
  Source:                 system_i/mig_7series_0/u_system_mig_7series_0_2_mig/temp_mon_enabled.u_tempmon/xadc_supplied_temperature.sample_timer_clr_reg/C
                            (rising edge-triggered cell FDRE clocked by clk_out3_system_clk_wiz_1_0  {rise@0.000ns fall@2.500ns period=5.000ns})
  Destination:            system_i/mig_7series_0/u_system_mig_7series_0_2_mig/temp_mon_enabled.u_tempmon/xadc_supplied_temperature.XADC_inst/DEN
                            (rising edge-triggered cell XADC clocked by clk_out3_system_clk_wiz_1_0  {rise@0.000ns fall@2.500ns period=5.000ns})
  Path Group:             clk_out3_system_clk_wiz_1_0
  Path Type:              Setup (Max at Slow Process Corner)
  Requirement:            5.000ns  (clk_out3_system_clk_wiz_1_0 rise@5.000ns - clk_out3_system_clk_wiz_1_0 rise@0.000ns)
  Data Path Delay:        2.299ns  (logic 0.456ns (19.834%)  route 1.843ns (80.166%))
  Logic Levels:           0  
  Clock Path Skew:        -0.317ns (DCD - SCD + CPR)
    Destination Clock Delay (DCD):    -1.533ns = ( 3.467 - 5.000 ) 
    Source Clock Delay      (SCD):    -0.728ns
    Clock Pessimism Removal (CPR):    0.488ns
  Clock Uncertainty:      0.067ns  ((TSJ^2 + DJ^2)^1/2) / 2 + PE
    Total System Jitter     (TSJ):    0.071ns
    Discrete Jitter          (DJ):    0.115ns
    Phase Error              (PE):    0.000ns

    Location             Delay type                Incr(ns)  Path(ns)    Netlist Resource(s)
  -------------------------------------------------------------------    -------------------
                         (clock clk_out3_system_clk_wiz_1_0 rise edge)
                                                      0.000     0.000 r  
    E3                                                0.000     0.000 r  sys_clock (IN)
                         net (fo=0)                   0.000     0.000    system_i/clk_wiz_1/inst/clk_in1
    E3                   IBUF (Prop_ibuf_I_O)         1.482     1.482 r  system_i/clk_wiz_1/inst/clkin1_ibufg/O
                         net (fo=1, routed)           1.233     2.715    system_i/clk_wiz_1/inst/clk_in1_system_clk_wiz_1_0
    MMCME2_ADV_X1Y2      MMCME2_ADV (Prop_mmcme2_adv_CLKIN1_CLKOUT2)
                                                     -7.070    -4.355 r  system_i/clk_wiz_1/inst/mmcm_adv_inst/CLKOUT2
                         net (fo=1, routed)           1.719    -2.636    system_i/clk_wiz_1/inst/clk_out3_system_clk_wiz_1_0
    BUFGCTRL_X0Y16       BUFG (Prop_bufg_I_O)         0.096    -2.540 r  system_i/clk_wiz_1/inst/clkout3_buf/O
                         net (fo=62, routed)          1.812    -0.728    system_i/mig_7series_0/u_system_mig_7series_0_2_mig/temp_mon_enabled.u_tempmon/clk_ref_i
    SLICE_X9Y160         FDRE                                         r  system_i/mig_7series_0/u_system_mig_7series_0_2_mig/temp_mon_enabled.u_tempmon/xadc_supplied_temperature.sample_timer_clr_reg/C
  -------------------------------------------------------------------    -------------------
    SLICE_X9Y160         FDRE (Prop_fdre_C_Q)         0.456    -0.272 r  system_i/mig_7series_0/u_system_mig_7series_0_2_mig/temp_mon_enabled.u_tempmon/xadc_supplied_temperature.sample_timer_clr_reg/Q
                         net (fo=3, routed)           1.843     1.571    system_i/mig_7series_0/u_system_mig_7series_0_2_mig/temp_mon_enabled.u_tempmon/xadc_supplied_temperature.xadc_den
    XADC_X0Y0            XADC                                         r  system_i/mig_7series_0/u_system_mig_7series_0_2_mig/temp_mon_enabled.u_tempmon/xadc_supplied_temperature.XADC_inst/DEN
  -------------------------------------------------------------------    -------------------

                         (clock clk_out3_system_clk_wiz_1_0 rise edge)
                                                      5.000     5.000 r  
    E3                                                0.000     5.000 r  sys_clock (IN)
                         net (fo=0)                   0.000     5.000    system_i/clk_wiz_1/inst/clk_in1
    E3                   IBUF (Prop_ibuf_I_O)         1.411     6.411 r  system_i/clk_wiz_1/inst/clkin1_ibufg/O
                         net (fo=1, routed)           1.162     7.573    system_i/clk_wiz_1/inst/clk_in1_system_clk_wiz_1_0
    MMCME2_ADV_X1Y2      MMCME2_ADV (Prop_mmcme2_adv_CLKIN1_CLKOUT2)
                                                     -7.324     0.249 r  system_i/clk_wiz_1/inst/mmcm_adv_inst/CLKOUT2
                         net (fo=1, routed)           1.639     1.888    system_i/clk_wiz_1/inst/clk_out3_system_clk_wiz_1_0
    BUFGCTRL_X0Y16       BUFG (Prop_bufg_I_O)         0.091     1.979 r  system_i/clk_wiz_1/inst/clkout3_buf/O
                         net (fo=62, routed)          1.488     3.467    system_i/mig_7series_0/u_system_mig_7series_0_2_mig/temp_mon_enabled.u_tempmon/clk_ref_i
    XADC_X0Y0            XADC                                         r  system_i/mig_7series_0/u_system_mig_7series_0_2_mig/temp_mon_enabled.u_tempmon/xadc_supplied_temperature.XADC_inst/DCLK
                         clock pessimism              0.488     3.956    
                         clock uncertainty           -0.067     3.888    
    XADC_X0Y0            XADC (Setup_xadc_DCLK_DEN)
                                                     -0.848     3.040    system_i/mig_7series_0/u_system_mig_7series_0_2_mig/temp_mon_enabled.u_tempmon/xadc_supplied_temperature.XADC_inst
  -------------------------------------------------------------------
                         required time                          3.040    
                         arrival time                          -1.571    
  -------------------------------------------------------------------
                         slack                                  1.469    





Min Delay Paths
--------------------------------------------------------------------------------------
Slack (MET) :             0.120ns  (arrival time - required time)
  Source:                 system_i/mig_7series_0/u_system_mig_7series_0_2_mig/temp_mon_enabled.u_tempmon/xadc_supplied_temperature.sample_timer_reg[10]/C
                            (rising edge-triggered cell FDRE clocked by clk_out3_system_clk_wiz_1_0  {rise@0.000ns fall@2.500ns period=5.000ns})
  Destination:            system_i/mig_7series_0/u_system_mig_7series_0_2_mig/temp_mon_enabled.u_tempmon/xadc_supplied_temperature.sample_en_reg/D
                            (rising edge-triggered cell FDRE clocked by clk_out3_system_clk_wiz_1_0  {rise@0.000ns fall@2.500ns period=5.000ns})
  Path Group:             clk_out3_system_clk_wiz_1_0
  Path Type:              Hold (Min at Fast Process Corner)
  Requirement:            0.000ns  (clk_out3_system_clk_wiz_1_0 rise@0.000ns - clk_out3_system_clk_wiz_1_0 rise@0.000ns)
  Data Path Delay:        0.253ns  (logic 0.186ns (73.457%)  route 0.067ns (26.543%))
  Logic Levels:           1  (LUT6=1)
  Clock Path Skew:        0.013ns (DCD - SCD - CPR)
    Destination Clock Delay (DCD):    -0.719ns
    Source Clock Delay      (SCD):    -0.487ns
    Clock Pessimism Removal (CPR):    -0.245ns

    Location             Delay type                Incr(ns)  Path(ns)    Netlist Resource(s)
  -------------------------------------------------------------------    -------------------
                         (clock clk_out3_system_clk_wiz_1_0 rise edge)
                                                      0.000     0.000 r  
    E3                                                0.000     0.000 r  sys_clock (IN)
                         net (fo=0)                   0.000     0.000    system_i/clk_wiz_1/inst/clk_in1
    E3                   IBUF (Prop_ibuf_I_O)         0.250     0.250 r  system_i/clk_wiz_1/inst/clkin1_ibufg/O
                         net (fo=1, routed)           0.440     0.690    system_i/clk_wiz_1/inst/clk_in1_system_clk_wiz_1_0
    MMCME2_ADV_X1Y2      MMCME2_ADV (Prop_mmcme2_adv_CLKIN1_CLKOUT2)
                                                     -2.379    -1.689 r  system_i/clk_wiz_1/inst/mmcm_adv_inst/CLKOUT2
                         net (fo=1, routed)           0.499    -1.190    system_i/clk_wiz_1/inst/clk_out3_system_clk_wiz_1_0
    BUFGCTRL_X0Y16       BUFG (Prop_bufg_I_O)         0.026    -1.164 r  system_i/clk_wiz_1/inst/clkout3_buf/O
                         net (fo=62, routed)          0.677    -0.487    system_i/mig_7series_0/u_system_mig_7series_0_2_mig/temp_mon_enabled.u_tempmon/clk_ref_i
    SLICE_X7Y160         FDRE                                         r  system_i/mig_7series_0/u_system_mig_7series_0_2_mig/temp_mon_enabled.u_tempmon/xadc_supplied_temperature.sample_timer_reg[10]/C
  -------------------------------------------------------------------    -------------------
    SLICE_X7Y160         FDRE (Prop_fdre_C_Q)         0.141    -0.346 r  system_i/mig_7series_0/u_system_mig_7series_0_2_mig/temp_mon_enabled.u_tempmon/xadc_supplied_temperature.sample_timer_reg[10]/Q
                         net (fo=2, routed)           0.067    -0.279    system_i/mig_7series_0/u_system_mig_7series_0_2_mig/temp_mon_enabled.u_tempmon/xadc_supplied_temperature.sample_timer_reg[10]
    SLICE_X6Y160         LUT6 (Prop_lut6_I0_O)        0.045    -0.234 r  system_i/mig_7series_0/u_system_mig_7series_0_2_mig/temp_mon_enabled.u_tempmon/xadc_supplied_temperature.sample_en_i_1/O
                         net (fo=1, routed)           0.000    -0.234    system_i/mig_7series_0/u_system_mig_7series_0_2_mig/temp_mon_enabled.u_tempmon/xadc_supplied_temperature.sample_en_i_1_n_0
    SLICE_X6Y160         FDRE                                         r  system_i/mig_7series_0/u_system_mig_7series_0_2_mig/temp_mon_enabled.u_tempmon/xadc_supplied_temperature.sample_en_reg/D
  -------------------------------------------------------------------    -------------------

                         (clock clk_out3_system_clk_wiz_1_0 rise edge)
                                                      0.000     0.000 r  
    E3                                                0.000     0.000 r  sys_clock (IN)
                         net (fo=0)                   0.000     0.000    system_i/clk_wiz_1/inst/clk_in1
    E3                   IBUF (Prop_ibuf_I_O)         0.438     0.438 r  system_i/clk_wiz_1/inst/clkin1_ibufg/O
                         net (fo=1, routed)           0.480     0.918    system_i/clk_wiz_1/inst/clk_in1_system_clk_wiz_1_0
    MMCME2_ADV_X1Y2      MMCME2_ADV (Prop_mmcme2_adv_CLKIN1_CLKOUT2)
                                                     -3.163    -2.245 r  system_i/clk_wiz_1/inst/mmcm_adv_inst/CLKOUT2
                         net (fo=1, routed)           0.544    -1.702    system_i/clk_wiz_1/inst/clk_out3_system_clk_wiz_1_0
    BUFGCTRL_X0Y16       BUFG (Prop_bufg_I_O)         0.029    -1.673 r  system_i/clk_wiz_1/inst/clkout3_buf/O
                         net (fo=62, routed)          0.954    -0.719    system_i/mig_7series_0/u_system_mig_7series_0_2_mig/temp_mon_enabled.u_tempmon/clk_ref_i
    SLICE_X6Y160         FDRE                                         r  system_i/mig_7series_0/u_system_mig_7series_0_2_mig/temp_mon_enabled.u_tempmon/xadc_supplied_temperature.sample_en_reg/C
                         clock pessimism              0.245    -0.474    
    SLICE_X6Y160         FDRE (Hold_fdre_C_D)         0.120    -0.354    system_i/mig_7series_0/u_system_mig_7series_0_2_mig/temp_mon_enabled.u_tempmon/xadc_supplied_temperature.sample_en_reg
  -------------------------------------------------------------------
                         required time                          0.354    
                         arrival time                          -0.234    
  -------------------------------------------------------------------
                         slack                                  0.120    





Pulse Width Checks
--------------------------------------------------------------------------------------
Clock Name:         clk_out3_system_clk_wiz_1_0
Waveform(ns):       { 0.000 2.500 }
Period(ns):         5.000
Sources:            { system_i/clk_wiz_1/inst/mmcm_adv_inst/CLKOUT2 }

Check Type        Corner  Lib Pin            Reference Pin  Required(ns)  Actual(ns)  Slack(ns)  Location         Pin
Min Period        n/a     XADC/DCLK          n/a            4.000         5.000       1.000      XADC_X0Y0        system_i/mig_7series_0/u_system_mig_7series_0_2_mig/temp_mon_enabled.u_tempmon/xadc_supplied_temperature.XADC_inst/DCLK
Max Period        n/a     IDELAYCTRL/REFCLK  n/a            5.264         5.000       0.264      IDELAYCTRL_X1Y1  system_i/mig_7series_0/u_system_mig_7series_0_2_mig/u_iodelay_ctrl/u_idelayctrl_200/REFCLK
Low Pulse Width   Slow    FDSE/C             n/a            0.500         2.500       2.000      SLICE_X9Y161     system_i/mig_7series_0/u_system_mig_7series_0_2_mig/temp_mon_enabled.u_tempmon/FSM_onehot_xadc_supplied_temperature.tempmon_state_reg[0]/C
High Pulse Width  Slow    FDSE/C             n/a            0.500         2.500       2.000      SLICE_X9Y161     system_i/mig_7series_0/u_system_mig_7series_0_2_mig/temp_mon_enabled.u_tempmon/FSM_onehot_xadc_supplied_temperature.tempmon_state_reg[0]/C



---------------------------------------------------------------------------------------------------
From Clock:  clkfbout_system_clk_wiz_1_0
  To Clock:  clkfbout_system_clk_wiz_1_0

Setup :           NA  Failing Endpoints,  Worst Slack           NA  ,  Total Violation           NA
Hold  :           NA  Failing Endpoints,  Worst Slack           NA  ,  Total Violation           NA
PW    :            0  Failing Endpoints,  Worst Slack        7.845ns,  Total Violation        0.000ns
---------------------------------------------------------------------------------------------------


Pulse Width Checks
--------------------------------------------------------------------------------------
Clock Name:         clkfbout_system_clk_wiz_1_0
Waveform(ns):       { 0.000 5.000 }
Period(ns):         10.000
Sources:            { system_i/clk_wiz_1/inst/mmcm_adv_inst/CLKFBOUT }

Check Type  Corner  Lib Pin             Reference Pin  Required(ns)  Actual(ns)  Slack(ns)  Location         Pin
Min Period  n/a     BUFG/I              n/a            2.155         10.000      7.845      BUFGCTRL_X0Y19   system_i/clk_wiz_1/inst/clkf_buf/I
Max Period  n/a     MMCME2_ADV/CLKFBIN  n/a            100.000       10.000      90.000     MMCME2_ADV_X1Y2  system_i/clk_wiz_1/inst/mmcm_adv_inst/CLKFBIN



---------------------------------------------------------------------------------------------------
From Clock:  system_i/mdm_1/U0/Use_E2.BSCAN_I/Use_E2.BSCANE2_I/DRCK
  To Clock:  system_i/mdm_1/U0/Use_E2.BSCAN_I/Use_E2.BSCANE2_I/DRCK

Setup :            0  Failing Endpoints,  Worst Slack       11.275ns,  Total Violation        0.000ns
Hold  :            0  Failing Endpoints,  Worst Slack        0.126ns,  Total Violation        0.000ns
PW    :            0  Failing Endpoints,  Worst Slack       15.686ns,  Total Violation        0.000ns
---------------------------------------------------------------------------------------------------


Max Delay Paths
--------------------------------------------------------------------------------------
Slack (MET) :             11.275ns  (required time - arrival time)
  Source:                 system_i/mdm_1/U0/MDM_Core_I1/JTAG_CONTROL_I/Use_BSCAN.SYNC_FDRE/Using_FPGA.Native/C
                            (falling edge-triggered cell FDRE clocked by system_i/mdm_1/U0/Use_E2.BSCAN_I/Use_E2.BSCANE2_I/DRCK  {rise@0.000ns fall@16.667ns period=33.333ns})
  Destination:            system_wrapper/system/system_microblaze_0_0/<hidden>/<hidden>/<hidden>/<hidden>
                            (rising edge-triggered cell FDRE clocked by system_i/mdm_1/U0/Use_E2.BSCAN_I/Use_E2.BSCANE2_I/DRCK  {rise@0.000ns fall@16.667ns period=33.333ns})
  Path Group:             system_i/mdm_1/U0/Use_E2.BSCAN_I/Use_E2.BSCANE2_I/DRCK
  Path Type:              Setup (Max at Slow Process Corner)
  Requirement:            16.667ns  (system_i/mdm_1/U0/Use_E2.BSCAN_I/Use_E2.BSCANE2_I/DRCK rise@33.333ns - system_i/mdm_1/U0/Use_E2.BSCAN_I/Use_E2.BSCANE2_I/DRCK fall@16.667ns)
  Data Path Delay:        5.272ns  (logic 0.707ns (13.411%)  route 4.565ns (86.589%))
  Logic Levels:           2  (LUT3=1 LUT6=1)
  Clock Path Skew:        -0.037ns (DCD - SCD + CPR)
    Destination Clock Delay (DCD):    3.538ns = ( 36.871 - 33.333 ) 
    Source Clock Delay      (SCD):    3.885ns = ( 20.552 - 16.667 ) 
    Clock Pessimism Removal (CPR):    0.310ns
  Clock Uncertainty:      0.035ns  ((TSJ^2 + TIJ^2)^1/2 + DJ) / 2 + PE
    Total System Jitter     (TSJ):    0.071ns
    Total Input Jitter      (TIJ):    0.000ns
    Discrete Jitter          (DJ):    0.000ns
    Phase Error              (PE):    0.000ns

    Location             Delay type                Incr(ns)  Path(ns)    Netlist Resource(s)
  -------------------------------------------------------------------    -------------------
                         (clock system_i/mdm_1/U0/Use_E2.BSCAN_I/Use_E2.BSCANE2_I/DRCK fall edge)
                                                     16.667    16.667 f  
    BSCAN_X0Y1           BSCANE2                      0.000    16.667 f  system_i/mdm_1/U0/Use_E2.BSCAN_I/Use_E2.BSCANE2_I/DRCK
                         net (fo=1, routed)           2.077    18.744    system_i/mdm_1/U0/No_Dbg_Reg_Access.BUFG_DRCK/DRCK
    BUFGCTRL_X0Y1        BUFG (Prop_bufg_I_O)         0.096    18.840 f  system_i/mdm_1/U0/No_Dbg_Reg_Access.BUFG_DRCK/Using_FPGA.Native/O
                         net (fo=233, routed)         1.712    20.552    system_i/mdm_1/U0/MDM_Core_I1/JTAG_CONTROL_I/Use_BSCAN.SYNC_FDRE/Using_FPGA.Native_0
    SLICE_X3Y81          FDRE                                         r  system_i/mdm_1/U0/MDM_Core_I1/JTAG_CONTROL_I/Use_BSCAN.SYNC_FDRE/Using_FPGA.Native/C  (IS_INVERTED)
  -------------------------------------------------------------------    -------------------
    SLICE_X3Y81          FDRE (Prop_fdre_C_Q)         0.459    21.011 r  system_i/mdm_1/U0/MDM_Core_I1/JTAG_CONTROL_I/Use_BSCAN.SYNC_FDRE/Using_FPGA.Native/Q
                         net (fo=4, routed)           0.424    21.435    system_i/mdm_1/U0/MDM_Core_I1/JTAG_CONTROL_I/Use_BSCAN.SYNC_FDRE/sync
    SLICE_X3Y81          LUT6 (Prop_lut6_I0_O)        0.124    21.559 r  system_i/mdm_1/U0/MDM_Core_I1/JTAG_CONTROL_I/Use_BSCAN.SYNC_FDRE/Dbg_Shift_0_INST_0/O
                         net (fo=8, routed)           3.761    25.321    system_wrapper/system/system_microblaze_0_0/<hidden>/<hidden>/<hidden>/<hidden>
    SLICE_X43Y18         LUT3 (Prop_lut3_I2_O)        0.124    25.445 r  system_wrapper/system/system_microblaze_0_0/<hidden>/<hidden>/<hidden>/<hidden>
                         net (fo=1, routed)           0.379    25.824    system_wrapper/system/system_microblaze_0_0/<hidden>/<hidden>/<hidden>/<hidden>
    SLICE_X43Y18         FDRE                                         r  system_wrapper/system/system_microblaze_0_0/<hidden>/<hidden>/<hidden>/<hidden>
  -------------------------------------------------------------------    -------------------

                         (clock system_i/mdm_1/U0/Use_E2.BSCAN_I/Use_E2.BSCANE2_I/DRCK rise edge)
                                                     33.333    33.333 r  
    BSCAN_X0Y1           BSCANE2                      0.000    33.333 r  system_i/mdm_1/U0/Use_E2.BSCAN_I/Use_E2.BSCANE2_I/DRCK
                         net (fo=1, routed)           1.780    35.113    system_i/mdm_1/U0/No_Dbg_Reg_Access.BUFG_DRCK/DRCK
    BUFGCTRL_X0Y1        BUFG (Prop_bufg_I_O)         0.091    35.204 r  system_i/mdm_1/U0/No_Dbg_Reg_Access.BUFG_DRCK/Using_FPGA.Native/O
                         net (fo=233, routed)         1.667    36.871    system_wrapper/system/system_microblaze_0_0/<hidden>/<hidden>/<hidden>/<hidden>
    SLICE_X43Y18         FDRE                                         r  system_wrapper/system/system_microblaze_0_0/<hidden>/<hidden>/<hidden>/<hidden>
                         clock pessimism              0.310    37.181    
                         clock uncertainty           -0.035    37.146    
    SLICE_X43Y18         FDRE (Setup_fdre_C_D)       -0.047    37.099    system_wrapper/system/system_microblaze_0_0/<hidden>/<hidden>/<hidden>/<hidden>
  -------------------------------------------------------------------
                         required time                         37.099    
                         arrival time                         -25.824    
  -------------------------------------------------------------------
                         slack                                 11.275    





Min Delay Paths
--------------------------------------------------------------------------------------
Slack (MET) :             0.126ns  (arrival time - required time)
  Source:                 system_wrapper/system/system_microblaze_0_0/<hidden>/<hidden>/<hidden>/<hidden>
                            (rising edge-triggered cell FDRE clocked by system_i/mdm_1/U0/Use_E2.BSCAN_I/Use_E2.BSCANE2_I/DRCK  {rise@0.000ns fall@16.667ns period=33.333ns})
  Destination:            system_wrapper/system/system_microblaze_0_0/<hidden>/<hidden>/<hidden>/<hidden>
                            (rising edge-triggered cell FDRE clocked by system_i/mdm_1/U0/Use_E2.BSCAN_I/Use_E2.BSCANE2_I/DRCK  {rise@0.000ns fall@16.667ns period=33.333ns})
  Path Group:             system_i/mdm_1/U0/Use_E2.BSCAN_I/Use_E2.BSCANE2_I/DRCK
  Path Type:              Hold (Min at Fast Process Corner)
  Requirement:            0.000ns  (system_i/mdm_1/U0/Use_E2.BSCAN_I/Use_E2.BSCANE2_I/DRCK rise@0.000ns - system_i/mdm_1/U0/Use_E2.BSCAN_I/Use_E2.BSCANE2_I/DRCK rise@0.000ns)
  Data Path Delay:        0.465ns  (logic 0.141ns (30.342%)  route 0.324ns (69.658%))
  Logic Levels:           0  
  Clock Path Skew:        0.267ns (DCD - SCD - CPR)
    Destination Clock Delay (DCD):    1.896ns
    Source Clock Delay      (SCD):    1.486ns
    Clock Pessimism Removal (CPR):    0.142ns

    Location             Delay type                Incr(ns)  Path(ns)    Netlist Resource(s)
  -------------------------------------------------------------------    -------------------
                         (clock system_i/mdm_1/U0/Use_E2.BSCAN_I/Use_E2.BSCANE2_I/DRCK rise edge)
                                                      0.000     0.000 r  
    BSCAN_X0Y1           BSCANE2                      0.000     0.000 r  system_i/mdm_1/U0/Use_E2.BSCAN_I/Use_E2.BSCANE2_I/DRCK
                         net (fo=1, routed)           0.831     0.831    system_i/mdm_1/U0/No_Dbg_Reg_Access.BUFG_DRCK/DRCK
    BUFGCTRL_X0Y1        BUFG (Prop_bufg_I_O)         0.026     0.857 r  system_i/mdm_1/U0/No_Dbg_Reg_Access.BUFG_DRCK/Using_FPGA.Native/O
                         net (fo=233, routed)         0.629     1.486    system_wrapper/system/system_microblaze_0_0/<hidden>/<hidden>/<hidden>/<hidden>
    SLICE_X51Y4          FDRE                                         r  system_wrapper/system/system_microblaze_0_0/<hidden>/<hidden>/<hidden>/<hidden>
  -------------------------------------------------------------------    -------------------
    SLICE_X51Y4          FDRE (Prop_fdre_C_Q)         0.141     1.627 r  system_wrapper/system/system_microblaze_0_0/<hidden>/<hidden>/<hidden>/<hidden>
                         net (fo=3, routed)           0.324     1.951    system_wrapper/system/system_microblaze_0_0/<hidden>/<hidden>/<hidden>/<hidden>
    SLICE_X61Y5          FDRE                                         r  system_wrapper/system/system_microblaze_0_0/<hidden>/<hidden>/<hidden>/<hidden>
  -------------------------------------------------------------------    -------------------

                         (clock system_i/mdm_1/U0/Use_E2.BSCAN_I/Use_E2.BSCANE2_I/DRCK rise edge)
                                                      0.000     0.000 r  
    BSCAN_X0Y1           BSCANE2                      0.000     0.000 r  system_i/mdm_1/U0/Use_E2.BSCAN_I/Use_E2.BSCANE2_I/DRCK
                         net (fo=1, routed)           0.962     0.962    system_i/mdm_1/U0/No_Dbg_Reg_Access.BUFG_DRCK/DRCK
    BUFGCTRL_X0Y1        BUFG (Prop_bufg_I_O)         0.029     0.991 r  system_i/mdm_1/U0/No_Dbg_Reg_Access.BUFG_DRCK/Using_FPGA.Native/O
                         net (fo=233, routed)         0.905     1.896    system_wrapper/system/system_microblaze_0_0/<hidden>/<hidden>/<hidden>/<hidden>
    SLICE_X61Y5          FDRE                                         r  system_wrapper/system/system_microblaze_0_0/<hidden>/<hidden>/<hidden>/<hidden>
                         clock pessimism             -0.142     1.753    
    SLICE_X61Y5          FDRE (Hold_fdre_C_D)         0.072     1.825    system_wrapper/system/system_microblaze_0_0/<hidden>/<hidden>/<hidden>/<hidden>
  -------------------------------------------------------------------
                         required time                         -1.825    
                         arrival time                           1.951    
  -------------------------------------------------------------------
                         slack                                  0.126    





Pulse Width Checks
--------------------------------------------------------------------------------------
Clock Name:         system_i/mdm_1/U0/Use_E2.BSCAN_I/Use_E2.BSCANE2_I/DRCK
Waveform(ns):       { 0.000 16.667 }
Period(ns):         33.333
Sources:            { system_i/mdm_1/U0/Use_E2.BSCAN_I/Use_E2.BSCANE2_I/DRCK }

Check Type        Corner  Lib Pin     Reference Pin  Required(ns)  Actual(ns)  Slack(ns)  Location       Pin
Min Period        n/a     BUFG/I      n/a            2.155         33.333      31.178     BUFGCTRL_X0Y1  system_i/mdm_1/U0/No_Dbg_Reg_Access.BUFG_DRCK/Using_FPGA.Native/I
Low Pulse Width   Slow    SRL16E/CLK  n/a            0.980         16.666      15.686     SLICE_X2Y74    system_i/mdm_1/U0/MDM_Core_I1/Use_BSCAN.Config_Reg_reg[12]_srl13_MDM_Core_I1_Use_BSCAN.Config_Reg_reg_c_11/CLK
High Pulse Width  Slow    SRL16E/CLK  n/a            0.980         16.666      15.686     SLICE_X2Y74    system_i/mdm_1/U0/MDM_Core_I1/Use_BSCAN.Config_Reg_reg[12]_srl13_MDM_Core_I1_Use_BSCAN.Config_Reg_reg_c_11/CLK



---------------------------------------------------------------------------------------------------
From Clock:  system_i/mdm_1/U0/Use_E2.BSCAN_I/Use_E2.BSCANE2_I/UPDATE
  To Clock:  system_i/mdm_1/U0/Use_E2.BSCAN_I/Use_E2.BSCANE2_I/UPDATE

Setup :            0  Failing Endpoints,  Worst Slack        7.551ns,  Total Violation        0.000ns
Hold  :            0  Failing Endpoints,  Worst Slack        0.209ns,  Total Violation        0.000ns
PW    :            0  Failing Endpoints,  Worst Slack       16.166ns,  Total Violation        0.000ns
---------------------------------------------------------------------------------------------------


Max Delay Paths
--------------------------------------------------------------------------------------
Slack (MET) :             7.551ns  (required time - arrival time)
  Source:                 system_i/mdm_1/U0/MDM_Core_I1/JTAG_CONTROL_I/Use_BSCAN.command_reg[1]/C
                            (falling edge-triggered cell FDRE clocked by system_i/mdm_1/U0/Use_E2.BSCAN_I/Use_E2.BSCANE2_I/UPDATE  {rise@0.000ns fall@16.667ns period=33.333ns})
  Destination:            system_wrapper/system/system_microblaze_0_0/<hidden>/<hidden>/<hidden>/<hidden>
                            (rising edge-triggered cell FDRE clocked by system_i/mdm_1/U0/Use_E2.BSCAN_I/Use_E2.BSCANE2_I/UPDATE  {rise@0.000ns fall@16.667ns period=33.333ns})
  Path Group:             system_i/mdm_1/U0/Use_E2.BSCAN_I/Use_E2.BSCANE2_I/UPDATE
  Path Type:              Setup (Max at Slow Process Corner)
  Requirement:            16.667ns  (system_i/mdm_1/U0/Use_E2.BSCAN_I/Use_E2.BSCANE2_I/UPDATE rise@33.333ns - system_i/mdm_1/U0/Use_E2.BSCAN_I/Use_E2.BSCANE2_I/UPDATE fall@16.667ns)
  Data Path Delay:        8.845ns  (logic 1.126ns (12.731%)  route 7.719ns (87.269%))
  Logic Levels:           3  (LUT3=1 LUT4=1 LUT5=1)
  Clock Path Skew:        -0.030ns (DCD - SCD + CPR)
    Destination Clock Delay (DCD):    3.387ns = ( 36.720 - 33.333 ) 
    Source Clock Delay      (SCD):    3.708ns = ( 20.374 - 16.667 ) 
    Clock Pessimism Removal (CPR):    0.290ns
  Clock Uncertainty:      0.035ns  ((TSJ^2 + TIJ^2)^1/2 + DJ) / 2 + PE
    Total System Jitter     (TSJ):    0.071ns
    Total Input Jitter      (TIJ):    0.000ns
    Discrete Jitter          (DJ):    0.000ns
    Phase Error              (PE):    0.000ns

    Location             Delay type                Incr(ns)  Path(ns)    Netlist Resource(s)
  -------------------------------------------------------------------    -------------------
                         (clock system_i/mdm_1/U0/Use_E2.BSCAN_I/Use_E2.BSCANE2_I/UPDATE fall edge)
                                                     16.667    16.667 f  
    BSCAN_X0Y1           BSCANE2                      0.000    16.667 f  system_i/mdm_1/U0/Use_E2.BSCAN_I/Use_E2.BSCANE2_I/UPDATE
                         net (fo=1, routed)           1.900    18.567    system_i/mdm_1/U0/Use_E2.BSCAN_I/Dbg_Update_0
    BUFGCTRL_X0Y2        BUFG (Prop_bufg_I_O)         0.096    18.663 f  system_i/mdm_1/U0/Use_E2.BSCAN_I/Dbg_Update_0_BUFG_inst/O
                         net (fo=39, routed)          1.711    20.374    system_i/mdm_1/U0/MDM_Core_I1/JTAG_CONTROL_I/CLK
    SLICE_X2Y80          FDRE                                         r  system_i/mdm_1/U0/MDM_Core_I1/JTAG_CONTROL_I/Use_BSCAN.command_reg[1]/C  (IS_INVERTED)
  -------------------------------------------------------------------    -------------------
    SLICE_X2Y80          FDRE (Prop_fdre_C_Q)         0.524    20.898 f  system_i/mdm_1/U0/MDM_Core_I1/JTAG_CONTROL_I/Use_BSCAN.command_reg[1]/Q
                         net (fo=7, routed)           1.204    22.102    system_i/mdm_1/U0/MDM_Core_I1/JTAG_CONTROL_I/Use_BSCAN.FDC_I/command[1]
    SLICE_X3Y79          LUT3 (Prop_lut3_I2_O)        0.152    22.254 f  system_i/mdm_1/U0/MDM_Core_I1/JTAG_CONTROL_I/Use_BSCAN.FDC_I/Dbg_Reg_En_0[1]_INST_0/O
                         net (fo=2, routed)           1.108    23.362    system_wrapper/system/system_microblaze_0_0/<hidden>/<hidden>/<hidden>/<hidden>
    SLICE_X3Y78          LUT4 (Prop_lut4_I1_O)        0.326    23.688 f  system_wrapper/system/system_microblaze_0_0/<hidden>/<hidden>/<hidden>/<hidden>
                         net (fo=7, routed)           3.063    26.751    system_wrapper/system/system_microblaze_0_0/<hidden>/<hidden>/<hidden>/<hidden>
    SLICE_X42Y31         LUT5 (Prop_lut5_I4_O)        0.124    26.875 r  system_wrapper/system/system_microblaze_0_0/<hidden>/<hidden>/<hidden>/<hidden>
                         net (fo=8, routed)           2.344    29.219    system_wrapper/system/system_microblaze_0_0/<hidden>/<hidden>/<hidden>/<hidden>
    SLICE_X51Y5          FDRE                                         r  system_wrapper/system/system_microblaze_0_0/<hidden>/<hidden>/<hidden>/<hidden>
  -------------------------------------------------------------------    -------------------

                         (clock system_i/mdm_1/U0/Use_E2.BSCAN_I/Use_E2.BSCANE2_I/UPDATE rise edge)
                                                     33.333    33.333 r  
    BSCAN_X0Y1           BSCANE2                      0.000    33.333 r  system_i/mdm_1/U0/Use_E2.BSCAN_I/Use_E2.BSCANE2_I/UPDATE
                         net (fo=1, routed)           1.623    34.956    system_i/mdm_1/U0/Use_E2.BSCAN_I/Dbg_Update_0
    BUFGCTRL_X0Y2        BUFG (Prop_bufg_I_O)         0.091    35.047 r  system_i/mdm_1/U0/Use_E2.BSCAN_I/Dbg_Update_0_BUFG_inst/O
                         net (fo=39, routed)          1.673    36.720    system_wrapper/system/system_microblaze_0_0/<hidden>/<hidden>/<hidden>/<hidden>
    SLICE_X51Y5          FDRE                                         r  system_wrapper/system/system_microblaze_0_0/<hidden>/<hidden>/<hidden>/<hidden>
                         clock pessimism              0.290    37.010    
                         clock uncertainty           -0.035    36.975    
    SLICE_X51Y5          FDRE (Setup_fdre_C_CE)      -0.205    36.770    system_wrapper/system/system_microblaze_0_0/<hidden>/<hidden>/<hidden>/<hidden>
  -------------------------------------------------------------------
                         required time                         36.770    
                         arrival time                         -29.219    
  -------------------------------------------------------------------
                         slack                                  7.551    





Min Delay Paths
--------------------------------------------------------------------------------------
Slack (MET) :             0.209ns  (arrival time - required time)
  Source:                 system_i/mdm_1/U0/MDM_Core_I1/JTAG_CONTROL_I/Debug_Rst_i_reg/C
                            (rising edge-triggered cell FDRE clocked by system_i/mdm_1/U0/Use_E2.BSCAN_I/Use_E2.BSCANE2_I/UPDATE  {rise@0.000ns fall@16.667ns period=33.333ns})
  Destination:            system_i/mdm_1/U0/MDM_Core_I1/JTAG_CONTROL_I/Debug_Rst_i_reg/D
                            (rising edge-triggered cell FDRE clocked by system_i/mdm_1/U0/Use_E2.BSCAN_I/Use_E2.BSCANE2_I/UPDATE  {rise@0.000ns fall@16.667ns period=33.333ns})
  Path Group:             system_i/mdm_1/U0/Use_E2.BSCAN_I/Use_E2.BSCANE2_I/UPDATE
  Path Type:              Hold (Min at Fast Process Corner)
  Requirement:            0.000ns  (system_i/mdm_1/U0/Use_E2.BSCAN_I/Use_E2.BSCANE2_I/UPDATE rise@0.000ns - system_i/mdm_1/U0/Use_E2.BSCAN_I/Use_E2.BSCANE2_I/UPDATE rise@0.000ns)
  Data Path Delay:        0.300ns  (logic 0.186ns (61.957%)  route 0.114ns (38.043%))
  Logic Levels:           1  (LUT6=1)
  Clock Path Skew:        0.000ns (DCD - SCD - CPR)
    Destination Clock Delay (DCD):    1.713ns
    Source Clock Delay      (SCD):    1.320ns
    Clock Pessimism Removal (CPR):    0.393ns

    Location             Delay type                Incr(ns)  Path(ns)    Netlist Resource(s)
  -------------------------------------------------------------------    -------------------
                         (clock system_i/mdm_1/U0/Use_E2.BSCAN_I/Use_E2.BSCANE2_I/UPDATE rise edge)
                                                      0.000     0.000 r  
    BSCAN_X0Y1           BSCANE2                      0.000     0.000 r  system_i/mdm_1/U0/Use_E2.BSCAN_I/Use_E2.BSCANE2_I/UPDATE
                         net (fo=1, routed)           0.701     0.701    system_i/mdm_1/U0/Use_E2.BSCAN_I/Dbg_Update_0
    BUFGCTRL_X0Y2        BUFG (Prop_bufg_I_O)         0.026     0.727 r  system_i/mdm_1/U0/Use_E2.BSCAN_I/Dbg_Update_0_BUFG_inst/O
                         net (fo=39, routed)          0.593     1.320    system_i/mdm_1/U0/MDM_Core_I1/JTAG_CONTROL_I/CLK
    SLICE_X1Y79          FDRE                                         r  system_i/mdm_1/U0/MDM_Core_I1/JTAG_CONTROL_I/Debug_Rst_i_reg/C
  -------------------------------------------------------------------    -------------------
    SLICE_X1Y79          FDRE (Prop_fdre_C_Q)         0.141     1.461 r  system_i/mdm_1/U0/MDM_Core_I1/JTAG_CONTROL_I/Debug_Rst_i_reg/Q
                         net (fo=2, routed)           0.114     1.575    system_i/mdm_1/U0/MDM_Core_I1/JTAG_CONTROL_I/Use_BSCAN.FDC_I/Dbg_Rst_0
    SLICE_X1Y79          LUT6 (Prop_lut6_I5_O)        0.045     1.620 r  system_i/mdm_1/U0/MDM_Core_I1/JTAG_CONTROL_I/Use_BSCAN.FDC_I/Debug_Rst_i_i_1/O
                         net (fo=1, routed)           0.000     1.620    system_i/mdm_1/U0/MDM_Core_I1/JTAG_CONTROL_I/Use_BSCAN.FDC_I_n_34
    SLICE_X1Y79          FDRE                                         r  system_i/mdm_1/U0/MDM_Core_I1/JTAG_CONTROL_I/Debug_Rst_i_reg/D
  -------------------------------------------------------------------    -------------------

                         (clock system_i/mdm_1/U0/Use_E2.BSCAN_I/Use_E2.BSCANE2_I/UPDATE rise edge)
                                                      0.000     0.000 r  
    BSCAN_X0Y1           BSCANE2                      0.000     0.000 r  system_i/mdm_1/U0/Use_E2.BSCAN_I/Use_E2.BSCANE2_I/UPDATE
                         net (fo=1, routed)           0.820     0.820    system_i/mdm_1/U0/Use_E2.BSCAN_I/Dbg_Update_0
    BUFGCTRL_X0Y2        BUFG (Prop_bufg_I_O)         0.029     0.849 r  system_i/mdm_1/U0/Use_E2.BSCAN_I/Dbg_Update_0_BUFG_inst/O
                         net (fo=39, routed)          0.864     1.713    system_i/mdm_1/U0/MDM_Core_I1/JTAG_CONTROL_I/CLK
    SLICE_X1Y79          FDRE                                         r  system_i/mdm_1/U0/MDM_Core_I1/JTAG_CONTROL_I/Debug_Rst_i_reg/C
                         clock pessimism             -0.393     1.320    
    SLICE_X1Y79          FDRE (Hold_fdre_C_D)         0.091     1.411    system_i/mdm_1/U0/MDM_Core_I1/JTAG_CONTROL_I/Debug_Rst_i_reg
  -------------------------------------------------------------------
                         required time                         -1.411    
                         arrival time                           1.620    
  -------------------------------------------------------------------
                         slack                                  0.209    





Pulse Width Checks
--------------------------------------------------------------------------------------
Clock Name:         system_i/mdm_1/U0/Use_E2.BSCAN_I/Use_E2.BSCANE2_I/UPDATE
Waveform(ns):       { 0.000 16.667 }
Period(ns):         33.333
Sources:            { system_i/mdm_1/U0/Use_E2.BSCAN_I/Use_E2.BSCANE2_I/UPDATE }

Check Type        Corner  Lib Pin  Reference Pin  Required(ns)  Actual(ns)  Slack(ns)  Location       Pin
Min Period        n/a     BUFG/I   n/a            2.155         33.333      31.178     BUFGCTRL_X0Y2  system_i/mdm_1/U0/Use_E2.BSCAN_I/Dbg_Update_0_BUFG_inst/I
Low Pulse Width   Slow    FDCE/C   n/a            0.500         16.666      16.166     SLICE_X3Y77    system_i/mdm_1/U0/MDM_Core_I1/Use_BSCAN.PORT_Selector_1_reg[0]/C
High Pulse Width  Slow    FDCE/C   n/a            0.500         16.666      16.166     SLICE_X3Y77    system_i/mdm_1/U0/MDM_Core_I1/Use_BSCAN.PORT_Selector_1_reg[0]/C



---------------------------------------------------------------------------------------------------
From Clock:  system_i/mig_7series_0/sys_clk_i
  To Clock:  system_i/mig_7series_0/sys_clk_i

Setup :           NA  Failing Endpoints,  Worst Slack           NA  ,  Total Violation           NA
Hold  :           NA  Failing Endpoints,  Worst Slack           NA  ,  Total Violation           NA
PW    :            0  Failing Endpoints,  Worst Slack        2.200ns,  Total Violation        0.000ns
---------------------------------------------------------------------------------------------------


Pulse Width Checks
--------------------------------------------------------------------------------------
Clock Name:         system_i/mig_7series_0/sys_clk_i
Waveform(ns):       { 0.000 5.200 }
Period(ns):         10.400
Sources:            { system_i/mig_7series_0/sys_clk_i }

Check Type        Corner  Lib Pin           Reference Pin  Required(ns)  Actual(ns)  Slack(ns)  Location        Pin
Min Period        n/a     PLLE2_ADV/CLKIN1  n/a            1.249         10.400      9.151      PLLE2_ADV_X1Y1  system_i/mig_7series_0/u_system_mig_7series_0_2_mig/u_ddr2_infrastructure/plle2_i/CLKIN1
Max Period        n/a     PLLE2_ADV/CLKIN1  n/a            52.633        10.400      42.233     PLLE2_ADV_X1Y1  system_i/mig_7series_0/u_system_mig_7series_0_2_mig/u_ddr2_infrastructure/plle2_i/CLKIN1
Low Pulse Width   Slow    PLLE2_ADV/CLKIN1  n/a            3.000         5.200       2.200      PLLE2_ADV_X1Y1  system_i/mig_7series_0/u_system_mig_7series_0_2_mig/u_ddr2_infrastructure/plle2_i/CLKIN1
High Pulse Width  Slow    PLLE2_ADV/CLKIN1  n/a            3.000         5.200       2.200      PLLE2_ADV_X1Y1  system_i/mig_7series_0/u_system_mig_7series_0_2_mig/u_ddr2_infrastructure/plle2_i/CLKIN1



---------------------------------------------------------------------------------------------------
From Clock:  freq_refclk_1
  To Clock:  freq_refclk_1

Setup :           NA  Failing Endpoints,  Worst Slack           NA  ,  Total Violation           NA
Hold  :           NA  Failing Endpoints,  Worst Slack           NA  ,  Total Violation           NA
PW    :            0  Failing Endpoints,  Worst Slack        0.237ns,  Total Violation        0.000ns
---------------------------------------------------------------------------------------------------


Pulse Width Checks
--------------------------------------------------------------------------------------
Clock Name:         freq_refclk_1
Waveform(ns):       { 0.000 0.800 }
Period(ns):         1.600
Sources:            { system_i/mig_7series_0/u_system_mig_7series_0_2_mig/u_ddr2_infrastructure/plle2_i/CLKOUT0 }

Check Type        Corner  Lib Pin                    Reference Pin  Required(ns)  Actual(ns)  Slack(ns)  Location             Pin
Min Period        n/a     PHASER_OUT_PHY/FREQREFCLK  n/a            1.250         1.600       0.350      PHASER_OUT_PHY_X1Y4  system_i/mig_7series_0/u_system_mig_7series_0_2_mig/u_memc_ui_top_axi/mem_intfc0/ddr_phy_top0/u_ddr_mc_phy_wrapper/u_ddr_mc_phy/ddr_phy_4lanes_0.u_ddr_phy_4lanes/ddr_byte_lane_A.ddr_byte_lane_A/phaser_out/FREQREFCLK
Max Period        n/a     PHASER_OUT_PHY/FREQREFCLK  n/a            2.500         1.600       0.900      PHASER_OUT_PHY_X1Y4  system_i/mig_7series_0/u_system_mig_7series_0_2_mig/u_memc_ui_top_axi/mem_intfc0/ddr_phy_top0/u_ddr_mc_phy_wrapper/u_ddr_mc_phy/ddr_phy_4lanes_0.u_ddr_phy_4lanes/ddr_byte_lane_A.ddr_byte_lane_A/phaser_out/FREQREFCLK
Low Pulse Width   Slow    PHASER_REF/CLKIN           n/a            0.562         0.800       0.238      PHASER_REF_X1Y1      system_i/mig_7series_0/u_system_mig_7series_0_2_mig/u_memc_ui_top_axi/mem_intfc0/ddr_phy_top0/u_ddr_mc_phy_wrapper/u_ddr_mc_phy/ddr_phy_4lanes_0.u_ddr_phy_4lanes/phaser_ref_i/CLKIN
High Pulse Width  Slow    PHASER_IN_PHY/FREQREFCLK   n/a            0.563         0.800       0.237      PHASER_IN_PHY_X1Y4   system_i/mig_7series_0/u_system_mig_7series_0_2_mig/u_memc_ui_top_axi/mem_intfc0/ddr_phy_top0/u_ddr_mc_phy_wrapper/u_ddr_mc_phy/ddr_phy_4lanes_0.u_ddr_phy_4lanes/ddr_byte_lane_A.ddr_byte_lane_A/phaser_in_gen.phaser_in/FREQREFCLK



---------------------------------------------------------------------------------------------------
From Clock:  u_memc_ui_top_axi/mem_intfc0/ddr_phy_top0/u_ddr_mc_phy_wrapper/u_ddr_mc_phy/ddr_phy_4lanes_0.u_ddr_phy_4lanes/ddr_byte_lane_A.ddr_byte_lane_A/iserdes_clk_1
  To Clock:  u_memc_ui_top_axi/mem_intfc0/ddr_phy_top0/u_ddr_mc_phy_wrapper/u_ddr_mc_phy/ddr_phy_4lanes_0.u_ddr_phy_4lanes/ddr_byte_lane_A.ddr_byte_lane_A/iserdes_clk_1

Setup :           NA  Failing Endpoints,  Worst Slack           NA  ,  Total Violation           NA
Hold  :           NA  Failing Endpoints,  Worst Slack           NA  ,  Total Violation           NA
PW    :            0  Failing Endpoints,  Worst Slack        1.533ns,  Total Violation        0.000ns
---------------------------------------------------------------------------------------------------


Pulse Width Checks
--------------------------------------------------------------------------------------
Clock Name:         u_memc_ui_top_axi/mem_intfc0/ddr_phy_top0/u_ddr_mc_phy_wrapper/u_ddr_mc_phy/ddr_phy_4lanes_0.u_ddr_phy_4lanes/ddr_byte_lane_A.ddr_byte_lane_A/iserdes_clk_1
Waveform(ns):       { 0.000 1.600 }
Period(ns):         3.200
Sources:            { system_i/mig_7series_0/u_system_mig_7series_0_2_mig/u_memc_ui_top_axi/mem_intfc0/ddr_phy_top0/u_ddr_mc_phy_wrapper/u_ddr_mc_phy/ddr_phy_4lanes_0.u_ddr_phy_4lanes/ddr_byte_lane_A.ddr_byte_lane_A/phaser_in_gen.phaser_in/ICLK }

Check Type  Corner  Lib Pin        Reference Pin  Required(ns)  Actual(ns)  Slack(ns)  Location      Pin
Min Period  n/a     ISERDESE2/CLK  n/a            1.667         3.200       1.533      ILOGIC_X1Y52  system_i/mig_7series_0/u_system_mig_7series_0_2_mig/u_memc_ui_top_axi/mem_intfc0/ddr_phy_top0/u_ddr_mc_phy_wrapper/u_ddr_mc_phy/ddr_phy_4lanes_0.u_ddr_phy_4lanes/ddr_byte_lane_A.ddr_byte_lane_A/ddr_byte_group_io/input_[1].iserdes_dq_.iserdesdq/CLK



---------------------------------------------------------------------------------------------------
From Clock:  iserdes_clkdiv_2
  To Clock:  iserdes_clkdiv_2

Setup :            0  Failing Endpoints,  Worst Slack       10.727ns,  Total Violation        0.000ns
Hold  :            0  Failing Endpoints,  Worst Slack        0.071ns,  Total Violation        0.000ns
PW    :            0  Failing Endpoints,  Worst Slack        4.250ns,  Total Violation        0.000ns
---------------------------------------------------------------------------------------------------


Max Delay Paths
--------------------------------------------------------------------------------------
Slack (MET) :             10.727ns  (required time - arrival time)
  Source:                 system_i/mig_7series_0/u_system_mig_7series_0_2_mig/u_memc_ui_top_axi/mem_intfc0/ddr_phy_top0/u_ddr_mc_phy_wrapper/u_ddr_mc_phy/ddr_phy_4lanes_0.u_ddr_phy_4lanes/ddr_byte_lane_A.ddr_byte_lane_A/ddr_byte_group_io/input_[1].iserdes_dq_.iserdesdq/CLKDIVP
                            (rising edge-triggered cell ISERDESE2 clocked by iserdes_clkdiv_2  {rise@0.000ns fall@6.400ns period=12.800ns})
  Destination:            system_i/mig_7series_0/u_system_mig_7series_0_2_mig/u_memc_ui_top_axi/mem_intfc0/ddr_phy_top0/u_ddr_mc_phy_wrapper/u_ddr_mc_phy/ddr_phy_4lanes_0.u_ddr_phy_4lanes/ddr_byte_lane_A.ddr_byte_lane_A/in_fifo_gen.in_fifo/D1[2]
                            (rising edge-triggered cell IN_FIFO clocked by iserdes_clkdiv_2  {rise@0.000ns fall@6.400ns period=12.800ns})
  Path Group:             iserdes_clkdiv_2
  Path Type:              Setup (Max at Slow Process Corner)
  Requirement:            12.800ns  (iserdes_clkdiv_2 rise@12.800ns - iserdes_clkdiv_2 rise@0.000ns)
  Data Path Delay:        0.975ns  (logic 0.425ns (43.593%)  route 0.550ns (56.407%))
  Logic Levels:           0  
  Clock Path Skew:        -0.473ns (DCD - SCD + CPR)
    Destination Clock Delay (DCD):    4.070ns = ( 16.870 - 12.800 ) 
    Source Clock Delay      (SCD):    4.750ns
    Clock Pessimism Removal (CPR):    0.207ns
  Clock Uncertainty:      0.054ns  ((TSJ^2 + DJ^2)^1/2) / 2 + PE
    Total System Jitter     (TSJ):    0.071ns
    Discrete Jitter          (DJ):    0.081ns
    Phase Error              (PE):    0.000ns

    Location             Delay type                Incr(ns)  Path(ns)    Netlist Resource(s)
  -------------------------------------------------------------------    -------------------
                         (clock iserdes_clkdiv_2 rise edge)
                                                      0.000     0.000 r  
    BUFGCTRL_X0Y17       BUFG                         0.000     0.000 r  system_i/clk_wiz_1/inst/clkout2_buf/O
                         net (fo=1, routed)           1.666     1.666    system_i/mig_7series_0/u_system_mig_7series_0_2_mig/u_ddr2_infrastructure/mmcm_clk
    PLLE2_ADV_X1Y1       PLLE2_ADV (Prop_plle2_adv_CLKIN1_CLKOUT0)
                                                      0.088     1.754 r  system_i/mig_7series_0/u_system_mig_7series_0_2_mig/u_ddr2_infrastructure/plle2_i/CLKOUT0
                         net (fo=7, routed)           0.620     2.374    system_i/mig_7series_0/u_system_mig_7series_0_2_mig/u_memc_ui_top_axi/mem_intfc0/ddr_phy_top0/u_ddr_mc_phy_wrapper/u_ddr_mc_phy/ddr_phy_4lanes_0.u_ddr_phy_4lanes/ddr_byte_lane_A.ddr_byte_lane_A/freq_refclk
    PHASER_IN_PHY_X1Y4   PHASER_IN_PHY (Prop_phaser_in_phy_FREQREFCLK_ICLK)
                                                      1.730     4.105 r  system_i/mig_7series_0/u_system_mig_7series_0_2_mig/u_memc_ui_top_axi/mem_intfc0/ddr_phy_top0/u_ddr_mc_phy_wrapper/u_ddr_mc_phy/ddr_phy_4lanes_0.u_ddr_phy_4lanes/ddr_byte_lane_A.ddr_byte_lane_A/phaser_in_gen.phaser_in/ICLK
    PHASER_IN_PHY_X1Y4   PHASER_IN_PHY (Prop_phaser_in_phy_ICLK_ICLKDIV)
                                                      0.173     4.278 r  system_i/mig_7series_0/u_system_mig_7series_0_2_mig/u_memc_ui_top_axi/mem_intfc0/ddr_phy_top0/u_ddr_mc_phy_wrapper/u_ddr_mc_phy/ddr_phy_4lanes_0.u_ddr_phy_4lanes/ddr_byte_lane_A.ddr_byte_lane_A/phaser_in_gen.phaser_in/ICLKDIV
                         net (fo=9, routed)           0.473     4.751    system_i/mig_7series_0/u_system_mig_7series_0_2_mig/u_memc_ui_top_axi/mem_intfc0/ddr_phy_top0/u_ddr_mc_phy_wrapper/u_ddr_mc_phy/ddr_phy_4lanes_0.u_ddr_phy_4lanes/ddr_byte_lane_A.ddr_byte_lane_A/ddr_byte_group_io/iserdes_clkdiv
    ILOGIC_X1Y52         ISERDESE2                                    r  system_i/mig_7series_0/u_system_mig_7series_0_2_mig/u_memc_ui_top_axi/mem_intfc0/ddr_phy_top0/u_ddr_mc_phy_wrapper/u_ddr_mc_phy/ddr_phy_4lanes_0.u_ddr_phy_4lanes/ddr_byte_lane_A.ddr_byte_lane_A/ddr_byte_group_io/input_[1].iserdes_dq_.iserdesdq/CLKDIVP
  -------------------------------------------------------------------    -------------------
    ILOGIC_X1Y52         ISERDESE2 (Prop_iserdese2_CLKDIVP_Q2)
                                                      0.425     5.176 r  system_i/mig_7series_0/u_system_mig_7series_0_2_mig/u_memc_ui_top_axi/mem_intfc0/ddr_phy_top0/u_ddr_mc_phy_wrapper/u_ddr_mc_phy/ddr_phy_4lanes_0.u_ddr_phy_4lanes/ddr_byte_lane_A.ddr_byte_lane_A/ddr_byte_group_io/input_[1].iserdes_dq_.iserdesdq/Q2
                         net (fo=1, routed)           0.550     5.725    system_i/mig_7series_0/u_system_mig_7series_0_2_mig/u_memc_ui_top_axi/mem_intfc0/ddr_phy_top0/u_ddr_mc_phy_wrapper/u_ddr_mc_phy/ddr_phy_4lanes_0.u_ddr_phy_4lanes/ddr_byte_lane_A.ddr_byte_lane_A/if_d1[2]
    IN_FIFO_X1Y4         IN_FIFO                                      r  system_i/mig_7series_0/u_system_mig_7series_0_2_mig/u_memc_ui_top_axi/mem_intfc0/ddr_phy_top0/u_ddr_mc_phy_wrapper/u_ddr_mc_phy/ddr_phy_4lanes_0.u_ddr_phy_4lanes/ddr_byte_lane_A.ddr_byte_lane_A/in_fifo_gen.in_fifo/D1[2]
  -------------------------------------------------------------------    -------------------

                         (clock iserdes_clkdiv_2 rise edge)
                                                     12.800    12.800 r  
    BUFGCTRL_X0Y17       BUFG                         0.000    12.800 r  system_i/clk_wiz_1/inst/clkout2_buf/O
                         net (fo=1, routed)           1.544    14.344    system_i/mig_7series_0/u_system_mig_7series_0_2_mig/u_ddr2_infrastructure/mmcm_clk
    PLLE2_ADV_X1Y1       PLLE2_ADV (Prop_plle2_adv_CLKIN1_CLKOUT0)
                                                      0.083    14.427 r  system_i/mig_7series_0/u_system_mig_7series_0_2_mig/u_ddr2_infrastructure/plle2_i/CLKOUT0
                         net (fo=7, routed)           0.588    15.015    system_i/mig_7series_0/u_system_mig_7series_0_2_mig/u_memc_ui_top_axi/mem_intfc0/ddr_phy_top0/u_ddr_mc_phy_wrapper/u_ddr_mc_phy/ddr_phy_4lanes_0.u_ddr_phy_4lanes/ddr_byte_lane_A.ddr_byte_lane_A/freq_refclk
    PHASER_IN_PHY_X1Y4   PHASER_IN_PHY (Prop_phaser_in_phy_FREQREFCLK_ICLK)
                                                      1.692    16.707 r  system_i/mig_7series_0/u_system_mig_7series_0_2_mig/u_memc_ui_top_axi/mem_intfc0/ddr_phy_top0/u_ddr_mc_phy_wrapper/u_ddr_mc_phy/ddr_phy_4lanes_0.u_ddr_phy_4lanes/ddr_byte_lane_A.ddr_byte_lane_A/phaser_in_gen.phaser_in/ICLK
    PHASER_IN_PHY_X1Y4   PHASER_IN_PHY (Prop_phaser_in_phy_ICLK_ICLKDIV)
                                                      0.163    16.870 r  system_i/mig_7series_0/u_system_mig_7series_0_2_mig/u_memc_ui_top_axi/mem_intfc0/ddr_phy_top0/u_ddr_mc_phy_wrapper/u_ddr_mc_phy/ddr_phy_4lanes_0.u_ddr_phy_4lanes/ddr_byte_lane_A.ddr_byte_lane_A/phaser_in_gen.phaser_in/ICLKDIV
                         net (fo=9, routed)           0.000    16.870    system_i/mig_7series_0/u_system_mig_7series_0_2_mig/u_memc_ui_top_axi/mem_intfc0/ddr_phy_top0/u_ddr_mc_phy_wrapper/u_ddr_mc_phy/ddr_phy_4lanes_0.u_ddr_phy_4lanes/ddr_byte_lane_A.ddr_byte_lane_A/iserdes_clkdiv
    IN_FIFO_X1Y4         IN_FIFO                                      r  system_i/mig_7series_0/u_system_mig_7series_0_2_mig/u_memc_ui_top_axi/mem_intfc0/ddr_phy_top0/u_ddr_mc_phy_wrapper/u_ddr_mc_phy/ddr_phy_4lanes_0.u_ddr_phy_4lanes/ddr_byte_lane_A.ddr_byte_lane_A/in_fifo_gen.in_fifo/WRCLK
                         clock pessimism              0.207    17.077    
                         clock uncertainty           -0.054    17.024    
    IN_FIFO_X1Y4         IN_FIFO (Setup_in_fifo_WRCLK_D1[2])
                                                     -0.571    16.453    system_i/mig_7series_0/u_system_mig_7series_0_2_mig/u_memc_ui_top_axi/mem_intfc0/ddr_phy_top0/u_ddr_mc_phy_wrapper/u_ddr_mc_phy/ddr_phy_4lanes_0.u_ddr_phy_4lanes/ddr_byte_lane_A.ddr_byte_lane_A/in_fifo_gen.in_fifo
  -------------------------------------------------------------------
                         required time                         16.453    
                         arrival time                          -5.725    
  -------------------------------------------------------------------
                         slack                                 10.727    





Min Delay Paths
--------------------------------------------------------------------------------------
Slack (MET) :             0.071ns  (arrival time - required time)
  Source:                 system_i/mig_7series_0/u_system_mig_7series_0_2_mig/u_memc_ui_top_axi/mem_intfc0/ddr_phy_top0/u_ddr_mc_phy_wrapper/u_ddr_mc_phy/ddr_phy_4lanes_0.u_ddr_phy_4lanes/ddr_byte_lane_A.ddr_byte_lane_A/phaser_in_gen.phaser_in/ICLKDIV
                            (rising edge-triggered cell PHASER_IN_PHY clocked by iserdes_clkdiv_2  {rise@0.000ns fall@6.400ns period=12.800ns})
  Destination:            system_i/mig_7series_0/u_system_mig_7series_0_2_mig/u_memc_ui_top_axi/mem_intfc0/ddr_phy_top0/u_ddr_mc_phy_wrapper/u_ddr_mc_phy/ddr_phy_4lanes_0.u_ddr_phy_4lanes/ddr_byte_lane_A.ddr_byte_lane_A/in_fifo_gen.in_fifo/WREN
                            (rising edge-triggered cell IN_FIFO clocked by iserdes_clkdiv_2  {rise@0.000ns fall@6.400ns period=12.800ns})
  Path Group:             iserdes_clkdiv_2
  Path Type:              Hold (Min at Fast Process Corner)
  Requirement:            0.000ns  (iserdes_clkdiv_2 rise@0.000ns - iserdes_clkdiv_2 rise@0.000ns)
  Data Path Delay:        0.058ns  (logic 0.058ns (100.000%)  route 0.000ns (0.000%))
  Logic Levels:           0  
  Clock Path Skew:        0.000ns (DCD - SCD - CPR)
    Destination Clock Delay (DCD):    2.655ns
    Source Clock Delay      (SCD):    2.332ns
    Clock Pessimism Removal (CPR):    0.323ns

    Location             Delay type                Incr(ns)  Path(ns)    Netlist Resource(s)
  -------------------------------------------------------------------    -------------------
                         (clock iserdes_clkdiv_2 rise edge)
                                                      0.000     0.000 r  
    BUFGCTRL_X0Y17       BUFG                         0.000     0.000 r  system_i/clk_wiz_1/inst/clkout2_buf/O
                         net (fo=1, routed)           0.566     0.566    system_i/mig_7series_0/u_system_mig_7series_0_2_mig/u_ddr2_infrastructure/mmcm_clk
    PLLE2_ADV_X1Y1       PLLE2_ADV (Prop_plle2_adv_CLKIN1_CLKOUT0)
                                                      0.050     0.616 r  system_i/mig_7series_0/u_system_mig_7series_0_2_mig/u_ddr2_infrastructure/plle2_i/CLKOUT0
                         net (fo=7, routed)           0.205     0.821    system_i/mig_7series_0/u_system_mig_7series_0_2_mig/u_memc_ui_top_axi/mem_intfc0/ddr_phy_top0/u_ddr_mc_phy_wrapper/u_ddr_mc_phy/ddr_phy_4lanes_0.u_ddr_phy_4lanes/ddr_byte_lane_A.ddr_byte_lane_A/freq_refclk
    PHASER_IN_PHY_X1Y4   PHASER_IN_PHY (Prop_phaser_in_phy_FREQREFCLK_ICLK)
                                                      1.421     2.242 r  system_i/mig_7series_0/u_system_mig_7series_0_2_mig/u_memc_ui_top_axi/mem_intfc0/ddr_phy_top0/u_ddr_mc_phy_wrapper/u_ddr_mc_phy/ddr_phy_4lanes_0.u_ddr_phy_4lanes/ddr_byte_lane_A.ddr_byte_lane_A/phaser_in_gen.phaser_in/ICLK
    PHASER_IN_PHY_X1Y4   PHASER_IN_PHY (Prop_phaser_in_phy_ICLK_ICLKDIV)
                                                      0.090     2.332 r  system_i/mig_7series_0/u_system_mig_7series_0_2_mig/u_memc_ui_top_axi/mem_intfc0/ddr_phy_top0/u_ddr_mc_phy_wrapper/u_ddr_mc_phy/ddr_phy_4lanes_0.u_ddr_phy_4lanes/ddr_byte_lane_A.ddr_byte_lane_A/phaser_in_gen.phaser_in/ICLKDIV
  -------------------------------------------------------------------    -------------------
    PHASER_IN_PHY_X1Y4   PHASER_IN_PHY (Prop_phaser_in_phy_ICLKDIV_WRENABLE)
                                                      0.058     2.390 r  system_i/mig_7series_0/u_system_mig_7series_0_2_mig/u_memc_ui_top_axi/mem_intfc0/ddr_phy_top0/u_ddr_mc_phy_wrapper/u_ddr_mc_phy/ddr_phy_4lanes_0.u_ddr_phy_4lanes/ddr_byte_lane_A.ddr_byte_lane_A/phaser_in_gen.phaser_in/WRENABLE
                         net (fo=1, routed)           0.000     2.390    system_i/mig_7series_0/u_system_mig_7series_0_2_mig/u_memc_ui_top_axi/mem_intfc0/ddr_phy_top0/u_ddr_mc_phy_wrapper/u_ddr_mc_phy/ddr_phy_4lanes_0.u_ddr_phy_4lanes/ddr_byte_lane_A.ddr_byte_lane_A/ififo_wr_enable
    IN_FIFO_X1Y4         IN_FIFO                                      r  system_i/mig_7series_0/u_system_mig_7series_0_2_mig/u_memc_ui_top_axi/mem_intfc0/ddr_phy_top0/u_ddr_mc_phy_wrapper/u_ddr_mc_phy/ddr_phy_4lanes_0.u_ddr_phy_4lanes/ddr_byte_lane_A.ddr_byte_lane_A/in_fifo_gen.in_fifo/WREN
  -------------------------------------------------------------------    -------------------

                         (clock iserdes_clkdiv_2 rise edge)
                                                      0.000     0.000 r  
    BUFGCTRL_X0Y17       BUFG                         0.000     0.000 r  system_i/clk_wiz_1/inst/clkout2_buf/O
                         net (fo=1, routed)           0.835     0.835    system_i/mig_7series_0/u_system_mig_7series_0_2_mig/u_ddr2_infrastructure/mmcm_clk
    PLLE2_ADV_X1Y1       PLLE2_ADV (Prop_plle2_adv_CLKIN1_CLKOUT0)
                                                      0.053     0.888 r  system_i/mig_7series_0/u_system_mig_7series_0_2_mig/u_ddr2_infrastructure/plle2_i/CLKOUT0
                         net (fo=7, routed)           0.226     1.114    system_i/mig_7series_0/u_system_mig_7series_0_2_mig/u_memc_ui_top_axi/mem_intfc0/ddr_phy_top0/u_ddr_mc_phy_wrapper/u_ddr_mc_phy/ddr_phy_4lanes_0.u_ddr_phy_4lanes/ddr_byte_lane_A.ddr_byte_lane_A/freq_refclk
    PHASER_IN_PHY_X1Y4   PHASER_IN_PHY (Prop_phaser_in_phy_FREQREFCLK_ICLK)
                                                      1.445     2.559 r  system_i/mig_7series_0/u_system_mig_7series_0_2_mig/u_memc_ui_top_axi/mem_intfc0/ddr_phy_top0/u_ddr_mc_phy_wrapper/u_ddr_mc_phy/ddr_phy_4lanes_0.u_ddr_phy_4lanes/ddr_byte_lane_A.ddr_byte_lane_A/phaser_in_gen.phaser_in/ICLK
    PHASER_IN_PHY_X1Y4   PHASER_IN_PHY (Prop_phaser_in_phy_ICLK_ICLKDIV)
                                                      0.096     2.655 r  system_i/mig_7series_0/u_system_mig_7series_0_2_mig/u_memc_ui_top_axi/mem_intfc0/ddr_phy_top0/u_ddr_mc_phy_wrapper/u_ddr_mc_phy/ddr_phy_4lanes_0.u_ddr_phy_4lanes/ddr_byte_lane_A.ddr_byte_lane_A/phaser_in_gen.phaser_in/ICLKDIV
                         net (fo=9, routed)           0.000     2.655    system_i/mig_7series_0/u_system_mig_7series_0_2_mig/u_memc_ui_top_axi/mem_intfc0/ddr_phy_top0/u_ddr_mc_phy_wrapper/u_ddr_mc_phy/ddr_phy_4lanes_0.u_ddr_phy_4lanes/ddr_byte_lane_A.ddr_byte_lane_A/iserdes_clkdiv
    IN_FIFO_X1Y4         IN_FIFO                                      r  system_i/mig_7series_0/u_system_mig_7series_0_2_mig/u_memc_ui_top_axi/mem_intfc0/ddr_phy_top0/u_ddr_mc_phy_wrapper/u_ddr_mc_phy/ddr_phy_4lanes_0.u_ddr_phy_4lanes/ddr_byte_lane_A.ddr_byte_lane_A/in_fifo_gen.in_fifo/WRCLK
                         clock pessimism             -0.323     2.332    
    IN_FIFO_X1Y4         IN_FIFO (Hold_in_fifo_WRCLK_WREN)
                                                     -0.013     2.319    system_i/mig_7series_0/u_system_mig_7series_0_2_mig/u_memc_ui_top_axi/mem_intfc0/ddr_phy_top0/u_ddr_mc_phy_wrapper/u_ddr_mc_phy/ddr_phy_4lanes_0.u_ddr_phy_4lanes/ddr_byte_lane_A.ddr_byte_lane_A/in_fifo_gen.in_fifo
  -------------------------------------------------------------------
                         required time                         -2.319    
                         arrival time                           2.390    
  -------------------------------------------------------------------
                         slack                                  0.071    





Pulse Width Checks
--------------------------------------------------------------------------------------
Clock Name:         iserdes_clkdiv_2
Waveform(ns):       { 0.000 6.400 }
Period(ns):         12.800
Sources:            { system_i/mig_7series_0/u_system_mig_7series_0_2_mig/u_memc_ui_top_axi/mem_intfc0/ddr_phy_top0/u_ddr_mc_phy_wrapper/u_ddr_mc_phy/ddr_phy_4lanes_0.u_ddr_phy_4lanes/ddr_byte_lane_A.ddr_byte_lane_A/phaser_in_gen.phaser_in/ICLKDIV }

Check Type        Corner  Lib Pin        Reference Pin  Required(ns)  Actual(ns)  Slack(ns)  Location      Pin
Min Period        n/a     IN_FIFO/WRCLK  n/a            5.000         12.800      7.800      IN_FIFO_X1Y4  system_i/mig_7series_0/u_system_mig_7series_0_2_mig/u_memc_ui_top_axi/mem_intfc0/ddr_phy_top0/u_ddr_mc_phy_wrapper/u_ddr_mc_phy/ddr_phy_4lanes_0.u_ddr_phy_4lanes/ddr_byte_lane_A.ddr_byte_lane_A/in_fifo_gen.in_fifo/WRCLK
Low Pulse Width   Slow    IN_FIFO/WRCLK  n/a            2.150         6.400       4.250      IN_FIFO_X1Y4  system_i/mig_7series_0/u_system_mig_7series_0_2_mig/u_memc_ui_top_axi/mem_intfc0/ddr_phy_top0/u_ddr_mc_phy_wrapper/u_ddr_mc_phy/ddr_phy_4lanes_0.u_ddr_phy_4lanes/ddr_byte_lane_A.ddr_byte_lane_A/in_fifo_gen.in_fifo/WRCLK
High Pulse Width  Slow    IN_FIFO/WRCLK  n/a            2.150         6.400       4.250      IN_FIFO_X1Y4  system_i/mig_7series_0/u_system_mig_7series_0_2_mig/u_memc_ui_top_axi/mem_intfc0/ddr_phy_top0/u_ddr_mc_phy_wrapper/u_ddr_mc_phy/ddr_phy_4lanes_0.u_ddr_phy_4lanes/ddr_byte_lane_A.ddr_byte_lane_A/in_fifo_gen.in_fifo/WRCLK



---------------------------------------------------------------------------------------------------
From Clock:  u_memc_ui_top_axi/mem_intfc0/ddr_phy_top0/u_ddr_mc_phy_wrapper/u_ddr_mc_phy/ddr_phy_4lanes_0.u_ddr_phy_4lanes/ddr_byte_lane_C.ddr_byte_lane_C/iserdes_clk_1
  To Clock:  u_memc_ui_top_axi/mem_intfc0/ddr_phy_top0/u_ddr_mc_phy_wrapper/u_ddr_mc_phy/ddr_phy_4lanes_0.u_ddr_phy_4lanes/ddr_byte_lane_C.ddr_byte_lane_C/iserdes_clk_1

Setup :           NA  Failing Endpoints,  Worst Slack           NA  ,  Total Violation           NA
Hold  :           NA  Failing Endpoints,  Worst Slack           NA  ,  Total Violation           NA
PW    :            0  Failing Endpoints,  Worst Slack        1.533ns,  Total Violation        0.000ns
---------------------------------------------------------------------------------------------------


Pulse Width Checks
--------------------------------------------------------------------------------------
Clock Name:         u_memc_ui_top_axi/mem_intfc0/ddr_phy_top0/u_ddr_mc_phy_wrapper/u_ddr_mc_phy/ddr_phy_4lanes_0.u_ddr_phy_4lanes/ddr_byte_lane_C.ddr_byte_lane_C/iserdes_clk_1
Waveform(ns):       { 0.000 1.600 }
Period(ns):         3.200
Sources:            { system_i/mig_7series_0/u_system_mig_7series_0_2_mig/u_memc_ui_top_axi/mem_intfc0/ddr_phy_top0/u_ddr_mc_phy_wrapper/u_ddr_mc_phy/ddr_phy_4lanes_0.u_ddr_phy_4lanes/ddr_byte_lane_C.ddr_byte_lane_C/phaser_in_gen.phaser_in/ICLK }

Check Type  Corner  Lib Pin        Reference Pin  Required(ns)  Actual(ns)  Slack(ns)  Location      Pin
Min Period  n/a     ISERDESE2/CLK  n/a            1.667         3.200       1.533      ILOGIC_X1Y75  system_i/mig_7series_0/u_system_mig_7series_0_2_mig/u_memc_ui_top_axi/mem_intfc0/ddr_phy_top0/u_ddr_mc_phy_wrapper/u_ddr_mc_phy/ddr_phy_4lanes_0.u_ddr_phy_4lanes/ddr_byte_lane_C.ddr_byte_lane_C/ddr_byte_group_io/input_[0].iserdes_dq_.iserdesdq/CLK



---------------------------------------------------------------------------------------------------
From Clock:  iserdes_clkdiv_3
  To Clock:  iserdes_clkdiv_3

Setup :            0  Failing Endpoints,  Worst Slack       10.771ns,  Total Violation        0.000ns
Hold  :            0  Failing Endpoints,  Worst Slack        0.071ns,  Total Violation        0.000ns
PW    :            0  Failing Endpoints,  Worst Slack        4.250ns,  Total Violation        0.000ns
---------------------------------------------------------------------------------------------------


Max Delay Paths
--------------------------------------------------------------------------------------
Slack (MET) :             10.771ns  (required time - arrival time)
  Source:                 system_i/mig_7series_0/u_system_mig_7series_0_2_mig/u_memc_ui_top_axi/mem_intfc0/ddr_phy_top0/u_ddr_mc_phy_wrapper/u_ddr_mc_phy/ddr_phy_4lanes_0.u_ddr_phy_4lanes/ddr_byte_lane_C.ddr_byte_lane_C/ddr_byte_group_io/input_[1].iserdes_dq_.iserdesdq/CLKDIVP
                            (rising edge-triggered cell ISERDESE2 clocked by iserdes_clkdiv_3  {rise@0.000ns fall@6.400ns period=12.800ns})
  Destination:            system_i/mig_7series_0/u_system_mig_7series_0_2_mig/u_memc_ui_top_axi/mem_intfc0/ddr_phy_top0/u_ddr_mc_phy_wrapper/u_ddr_mc_phy/ddr_phy_4lanes_0.u_ddr_phy_4lanes/ddr_byte_lane_C.ddr_byte_lane_C/in_fifo_gen.in_fifo/D1[3]
                            (rising edge-triggered cell IN_FIFO clocked by iserdes_clkdiv_3  {rise@0.000ns fall@6.400ns period=12.800ns})
  Path Group:             iserdes_clkdiv_3
  Path Type:              Setup (Max at Slow Process Corner)
  Requirement:            12.800ns  (iserdes_clkdiv_3 rise@12.800ns - iserdes_clkdiv_3 rise@0.000ns)
  Data Path Delay:        0.954ns  (logic 0.425ns (44.547%)  route 0.529ns (55.453%))
  Logic Levels:           0  
  Clock Path Skew:        -0.450ns (DCD - SCD + CPR)
    Destination Clock Delay (DCD):    4.058ns = ( 16.858 - 12.800 ) 
    Source Clock Delay      (SCD):    4.714ns
    Clock Pessimism Removal (CPR):    0.206ns
  Clock Uncertainty:      0.054ns  ((TSJ^2 + DJ^2)^1/2) / 2 + PE
    Total System Jitter     (TSJ):    0.071ns
    Discrete Jitter          (DJ):    0.081ns
    Phase Error              (PE):    0.000ns

    Location             Delay type                Incr(ns)  Path(ns)    Netlist Resource(s)
  -------------------------------------------------------------------    -------------------
                         (clock iserdes_clkdiv_3 rise edge)
                                                      0.000     0.000 r  
    BUFGCTRL_X0Y17       BUFG                         0.000     0.000 r  system_i/clk_wiz_1/inst/clkout2_buf/O
                         net (fo=1, routed)           1.666     1.666    system_i/mig_7series_0/u_system_mig_7series_0_2_mig/u_ddr2_infrastructure/mmcm_clk
    PLLE2_ADV_X1Y1       PLLE2_ADV (Prop_plle2_adv_CLKIN1_CLKOUT0)
                                                      0.088     1.754 r  system_i/mig_7series_0/u_system_mig_7series_0_2_mig/u_ddr2_infrastructure/plle2_i/CLKOUT0
                         net (fo=7, routed)           0.607     2.361    system_i/mig_7series_0/u_system_mig_7series_0_2_mig/u_memc_ui_top_axi/mem_intfc0/ddr_phy_top0/u_ddr_mc_phy_wrapper/u_ddr_mc_phy/ddr_phy_4lanes_0.u_ddr_phy_4lanes/ddr_byte_lane_C.ddr_byte_lane_C/freq_refclk
    PHASER_IN_PHY_X1Y6   PHASER_IN_PHY (Prop_phaser_in_phy_FREQREFCLK_ICLK)
                                                      1.730     4.092 r  system_i/mig_7series_0/u_system_mig_7series_0_2_mig/u_memc_ui_top_axi/mem_intfc0/ddr_phy_top0/u_ddr_mc_phy_wrapper/u_ddr_mc_phy/ddr_phy_4lanes_0.u_ddr_phy_4lanes/ddr_byte_lane_C.ddr_byte_lane_C/phaser_in_gen.phaser_in/ICLK
    PHASER_IN_PHY_X1Y6   PHASER_IN_PHY (Prop_phaser_in_phy_ICLK_ICLKDIV)
                                                      0.173     4.265 r  system_i/mig_7series_0/u_system_mig_7series_0_2_mig/u_memc_ui_top_axi/mem_intfc0/ddr_phy_top0/u_ddr_mc_phy_wrapper/u_ddr_mc_phy/ddr_phy_4lanes_0.u_ddr_phy_4lanes/ddr_byte_lane_C.ddr_byte_lane_C/phaser_in_gen.phaser_in/ICLKDIV
                         net (fo=9, routed)           0.450     4.714    system_i/mig_7series_0/u_system_mig_7series_0_2_mig/u_memc_ui_top_axi/mem_intfc0/ddr_phy_top0/u_ddr_mc_phy_wrapper/u_ddr_mc_phy/ddr_phy_4lanes_0.u_ddr_phy_4lanes/ddr_byte_lane_C.ddr_byte_lane_C/ddr_byte_group_io/iserdes_clkdiv
    ILOGIC_X1Y76         ISERDESE2                                    r  system_i/mig_7series_0/u_system_mig_7series_0_2_mig/u_memc_ui_top_axi/mem_intfc0/ddr_phy_top0/u_ddr_mc_phy_wrapper/u_ddr_mc_phy/ddr_phy_4lanes_0.u_ddr_phy_4lanes/ddr_byte_lane_C.ddr_byte_lane_C/ddr_byte_group_io/input_[1].iserdes_dq_.iserdesdq/CLKDIVP
  -------------------------------------------------------------------    -------------------
    ILOGIC_X1Y76         ISERDESE2 (Prop_iserdese2_CLKDIVP_Q1)
                                                      0.425     5.140 r  system_i/mig_7series_0/u_system_mig_7series_0_2_mig/u_memc_ui_top_axi/mem_intfc0/ddr_phy_top0/u_ddr_mc_phy_wrapper/u_ddr_mc_phy/ddr_phy_4lanes_0.u_ddr_phy_4lanes/ddr_byte_lane_C.ddr_byte_lane_C/ddr_byte_group_io/input_[1].iserdes_dq_.iserdesdq/Q1
                         net (fo=1, routed)           0.529     5.669    system_i/mig_7series_0/u_system_mig_7series_0_2_mig/u_memc_ui_top_axi/mem_intfc0/ddr_phy_top0/u_ddr_mc_phy_wrapper/u_ddr_mc_phy/ddr_phy_4lanes_0.u_ddr_phy_4lanes/ddr_byte_lane_C.ddr_byte_lane_C/if_d1[3]
    IN_FIFO_X1Y6         IN_FIFO                                      r  system_i/mig_7series_0/u_system_mig_7series_0_2_mig/u_memc_ui_top_axi/mem_intfc0/ddr_phy_top0/u_ddr_mc_phy_wrapper/u_ddr_mc_phy/ddr_phy_4lanes_0.u_ddr_phy_4lanes/ddr_byte_lane_C.ddr_byte_lane_C/in_fifo_gen.in_fifo/D1[3]
  -------------------------------------------------------------------    -------------------

                         (clock iserdes_clkdiv_3 rise edge)
                                                     12.800    12.800 r  
    BUFGCTRL_X0Y17       BUFG                         0.000    12.800 r  system_i/clk_wiz_1/inst/clkout2_buf/O
                         net (fo=1, routed)           1.544    14.344    system_i/mig_7series_0/u_system_mig_7series_0_2_mig/u_ddr2_infrastructure/mmcm_clk
    PLLE2_ADV_X1Y1       PLLE2_ADV (Prop_plle2_adv_CLKIN1_CLKOUT0)
                                                      0.083    14.427 r  system_i/mig_7series_0/u_system_mig_7series_0_2_mig/u_ddr2_infrastructure/plle2_i/CLKOUT0
                         net (fo=7, routed)           0.576    15.003    system_i/mig_7series_0/u_system_mig_7series_0_2_mig/u_memc_ui_top_axi/mem_intfc0/ddr_phy_top0/u_ddr_mc_phy_wrapper/u_ddr_mc_phy/ddr_phy_4lanes_0.u_ddr_phy_4lanes/ddr_byte_lane_C.ddr_byte_lane_C/freq_refclk
    PHASER_IN_PHY_X1Y6   PHASER_IN_PHY (Prop_phaser_in_phy_FREQREFCLK_ICLK)
                                                      1.692    16.695 r  system_i/mig_7series_0/u_system_mig_7series_0_2_mig/u_memc_ui_top_axi/mem_intfc0/ddr_phy_top0/u_ddr_mc_phy_wrapper/u_ddr_mc_phy/ddr_phy_4lanes_0.u_ddr_phy_4lanes/ddr_byte_lane_C.ddr_byte_lane_C/phaser_in_gen.phaser_in/ICLK
    PHASER_IN_PHY_X1Y6   PHASER_IN_PHY (Prop_phaser_in_phy_ICLK_ICLKDIV)
                                                      0.163    16.858 r  system_i/mig_7series_0/u_system_mig_7series_0_2_mig/u_memc_ui_top_axi/mem_intfc0/ddr_phy_top0/u_ddr_mc_phy_wrapper/u_ddr_mc_phy/ddr_phy_4lanes_0.u_ddr_phy_4lanes/ddr_byte_lane_C.ddr_byte_lane_C/phaser_in_gen.phaser_in/ICLKDIV
                         net (fo=9, routed)           0.000    16.858    system_i/mig_7series_0/u_system_mig_7series_0_2_mig/u_memc_ui_top_axi/mem_intfc0/ddr_phy_top0/u_ddr_mc_phy_wrapper/u_ddr_mc_phy/ddr_phy_4lanes_0.u_ddr_phy_4lanes/ddr_byte_lane_C.ddr_byte_lane_C/iserdes_clkdiv
    IN_FIFO_X1Y6         IN_FIFO                                      r  system_i/mig_7series_0/u_system_mig_7series_0_2_mig/u_memc_ui_top_axi/mem_intfc0/ddr_phy_top0/u_ddr_mc_phy_wrapper/u_ddr_mc_phy/ddr_phy_4lanes_0.u_ddr_phy_4lanes/ddr_byte_lane_C.ddr_byte_lane_C/in_fifo_gen.in_fifo/WRCLK
                         clock pessimism              0.206    17.064    
                         clock uncertainty           -0.054    17.011    
    IN_FIFO_X1Y6         IN_FIFO (Setup_in_fifo_WRCLK_D1[3])
                                                     -0.571    16.440    system_i/mig_7series_0/u_system_mig_7series_0_2_mig/u_memc_ui_top_axi/mem_intfc0/ddr_phy_top0/u_ddr_mc_phy_wrapper/u_ddr_mc_phy/ddr_phy_4lanes_0.u_ddr_phy_4lanes/ddr_byte_lane_C.ddr_byte_lane_C/in_fifo_gen.in_fifo
  -------------------------------------------------------------------
                         required time                         16.440    
                         arrival time                          -5.669    
  -------------------------------------------------------------------
                         slack                                 10.771    





Min Delay Paths
--------------------------------------------------------------------------------------
Slack (MET) :             0.071ns  (arrival time - required time)
  Source:                 system_i/mig_7series_0/u_system_mig_7series_0_2_mig/u_memc_ui_top_axi/mem_intfc0/ddr_phy_top0/u_ddr_mc_phy_wrapper/u_ddr_mc_phy/ddr_phy_4lanes_0.u_ddr_phy_4lanes/ddr_byte_lane_C.ddr_byte_lane_C/phaser_in_gen.phaser_in/ICLKDIV
                            (rising edge-triggered cell PHASER_IN_PHY clocked by iserdes_clkdiv_3  {rise@0.000ns fall@6.400ns period=12.800ns})
  Destination:            system_i/mig_7series_0/u_system_mig_7series_0_2_mig/u_memc_ui_top_axi/mem_intfc0/ddr_phy_top0/u_ddr_mc_phy_wrapper/u_ddr_mc_phy/ddr_phy_4lanes_0.u_ddr_phy_4lanes/ddr_byte_lane_C.ddr_byte_lane_C/in_fifo_gen.in_fifo/WREN
                            (rising edge-triggered cell IN_FIFO clocked by iserdes_clkdiv_3  {rise@0.000ns fall@6.400ns period=12.800ns})
  Path Group:             iserdes_clkdiv_3
  Path Type:              Hold (Min at Fast Process Corner)
  Requirement:            0.000ns  (iserdes_clkdiv_3 rise@0.000ns - iserdes_clkdiv_3 rise@0.000ns)
  Data Path Delay:        0.058ns  (logic 0.058ns (100.000%)  route 0.000ns (0.000%))
  Logic Levels:           0  
  Clock Path Skew:        0.000ns (DCD - SCD - CPR)
    Destination Clock Delay (DCD):    2.646ns
    Source Clock Delay      (SCD):    2.324ns
    Clock Pessimism Removal (CPR):    0.322ns

    Location             Delay type                Incr(ns)  Path(ns)    Netlist Resource(s)
  -------------------------------------------------------------------    -------------------
                         (clock iserdes_clkdiv_3 rise edge)
                                                      0.000     0.000 r  
    BUFGCTRL_X0Y17       BUFG                         0.000     0.000 r  system_i/clk_wiz_1/inst/clkout2_buf/O
                         net (fo=1, routed)           0.566     0.566    system_i/mig_7series_0/u_system_mig_7series_0_2_mig/u_ddr2_infrastructure/mmcm_clk
    PLLE2_ADV_X1Y1       PLLE2_ADV (Prop_plle2_adv_CLKIN1_CLKOUT0)
                                                      0.050     0.616 r  system_i/mig_7series_0/u_system_mig_7series_0_2_mig/u_ddr2_infrastructure/plle2_i/CLKOUT0
                         net (fo=7, routed)           0.197     0.813    system_i/mig_7series_0/u_system_mig_7series_0_2_mig/u_memc_ui_top_axi/mem_intfc0/ddr_phy_top0/u_ddr_mc_phy_wrapper/u_ddr_mc_phy/ddr_phy_4lanes_0.u_ddr_phy_4lanes/ddr_byte_lane_C.ddr_byte_lane_C/freq_refclk
    PHASER_IN_PHY_X1Y6   PHASER_IN_PHY (Prop_phaser_in_phy_FREQREFCLK_ICLK)
                                                      1.421     2.234 r  system_i/mig_7series_0/u_system_mig_7series_0_2_mig/u_memc_ui_top_axi/mem_intfc0/ddr_phy_top0/u_ddr_mc_phy_wrapper/u_ddr_mc_phy/ddr_phy_4lanes_0.u_ddr_phy_4lanes/ddr_byte_lane_C.ddr_byte_lane_C/phaser_in_gen.phaser_in/ICLK
    PHASER_IN_PHY_X1Y6   PHASER_IN_PHY (Prop_phaser_in_phy_ICLK_ICLKDIV)
                                                      0.090     2.324 r  system_i/mig_7series_0/u_system_mig_7series_0_2_mig/u_memc_ui_top_axi/mem_intfc0/ddr_phy_top0/u_ddr_mc_phy_wrapper/u_ddr_mc_phy/ddr_phy_4lanes_0.u_ddr_phy_4lanes/ddr_byte_lane_C.ddr_byte_lane_C/phaser_in_gen.phaser_in/ICLKDIV
  -------------------------------------------------------------------    -------------------
    PHASER_IN_PHY_X1Y6   PHASER_IN_PHY (Prop_phaser_in_phy_ICLKDIV_WRENABLE)
                                                      0.058     2.382 r  system_i/mig_7series_0/u_system_mig_7series_0_2_mig/u_memc_ui_top_axi/mem_intfc0/ddr_phy_top0/u_ddr_mc_phy_wrapper/u_ddr_mc_phy/ddr_phy_4lanes_0.u_ddr_phy_4lanes/ddr_byte_lane_C.ddr_byte_lane_C/phaser_in_gen.phaser_in/WRENABLE
                         net (fo=1, routed)           0.000     2.382    system_i/mig_7series_0/u_system_mig_7series_0_2_mig/u_memc_ui_top_axi/mem_intfc0/ddr_phy_top0/u_ddr_mc_phy_wrapper/u_ddr_mc_phy/ddr_phy_4lanes_0.u_ddr_phy_4lanes/ddr_byte_lane_C.ddr_byte_lane_C/ififo_wr_enable
    IN_FIFO_X1Y6         IN_FIFO                                      r  system_i/mig_7series_0/u_system_mig_7series_0_2_mig/u_memc_ui_top_axi/mem_intfc0/ddr_phy_top0/u_ddr_mc_phy_wrapper/u_ddr_mc_phy/ddr_phy_4lanes_0.u_ddr_phy_4lanes/ddr_byte_lane_C.ddr_byte_lane_C/in_fifo_gen.in_fifo/WREN
  -------------------------------------------------------------------    -------------------

                         (clock iserdes_clkdiv_3 rise edge)
                                                      0.000     0.000 r  
    BUFGCTRL_X0Y17       BUFG                         0.000     0.000 r  system_i/clk_wiz_1/inst/clkout2_buf/O
                         net (fo=1, routed)           0.835     0.835    system_i/mig_7series_0/u_system_mig_7series_0_2_mig/u_ddr2_infrastructure/mmcm_clk
    PLLE2_ADV_X1Y1       PLLE2_ADV (Prop_plle2_adv_CLKIN1_CLKOUT0)
                                                      0.053     0.888 r  system_i/mig_7series_0/u_system_mig_7series_0_2_mig/u_ddr2_infrastructure/plle2_i/CLKOUT0
                         net (fo=7, routed)           0.217     1.105    system_i/mig_7series_0/u_system_mig_7series_0_2_mig/u_memc_ui_top_axi/mem_intfc0/ddr_phy_top0/u_ddr_mc_phy_wrapper/u_ddr_mc_phy/ddr_phy_4lanes_0.u_ddr_phy_4lanes/ddr_byte_lane_C.ddr_byte_lane_C/freq_refclk
    PHASER_IN_PHY_X1Y6   PHASER_IN_PHY (Prop_phaser_in_phy_FREQREFCLK_ICLK)
                                                      1.445     2.550 r  system_i/mig_7series_0/u_system_mig_7series_0_2_mig/u_memc_ui_top_axi/mem_intfc0/ddr_phy_top0/u_ddr_mc_phy_wrapper/u_ddr_mc_phy/ddr_phy_4lanes_0.u_ddr_phy_4lanes/ddr_byte_lane_C.ddr_byte_lane_C/phaser_in_gen.phaser_in/ICLK
    PHASER_IN_PHY_X1Y6   PHASER_IN_PHY (Prop_phaser_in_phy_ICLK_ICLKDIV)
                                                      0.096     2.646 r  system_i/mig_7series_0/u_system_mig_7series_0_2_mig/u_memc_ui_top_axi/mem_intfc0/ddr_phy_top0/u_ddr_mc_phy_wrapper/u_ddr_mc_phy/ddr_phy_4lanes_0.u_ddr_phy_4lanes/ddr_byte_lane_C.ddr_byte_lane_C/phaser_in_gen.phaser_in/ICLKDIV
                         net (fo=9, routed)           0.000     2.646    system_i/mig_7series_0/u_system_mig_7series_0_2_mig/u_memc_ui_top_axi/mem_intfc0/ddr_phy_top0/u_ddr_mc_phy_wrapper/u_ddr_mc_phy/ddr_phy_4lanes_0.u_ddr_phy_4lanes/ddr_byte_lane_C.ddr_byte_lane_C/iserdes_clkdiv
    IN_FIFO_X1Y6         IN_FIFO                                      r  system_i/mig_7series_0/u_system_mig_7series_0_2_mig/u_memc_ui_top_axi/mem_intfc0/ddr_phy_top0/u_ddr_mc_phy_wrapper/u_ddr_mc_phy/ddr_phy_4lanes_0.u_ddr_phy_4lanes/ddr_byte_lane_C.ddr_byte_lane_C/in_fifo_gen.in_fifo/WRCLK
                         clock pessimism             -0.322     2.324    
    IN_FIFO_X1Y6         IN_FIFO (Hold_in_fifo_WRCLK_WREN)
                                                     -0.013     2.311    system_i/mig_7series_0/u_system_mig_7series_0_2_mig/u_memc_ui_top_axi/mem_intfc0/ddr_phy_top0/u_ddr_mc_phy_wrapper/u_ddr_mc_phy/ddr_phy_4lanes_0.u_ddr_phy_4lanes/ddr_byte_lane_C.ddr_byte_lane_C/in_fifo_gen.in_fifo
  -------------------------------------------------------------------
                         required time                         -2.311    
                         arrival time                           2.382    
  -------------------------------------------------------------------
                         slack                                  0.071    





Pulse Width Checks
--------------------------------------------------------------------------------------
Clock Name:         iserdes_clkdiv_3
Waveform(ns):       { 0.000 6.400 }
Period(ns):         12.800
Sources:            { system_i/mig_7series_0/u_system_mig_7series_0_2_mig/u_memc_ui_top_axi/mem_intfc0/ddr_phy_top0/u_ddr_mc_phy_wrapper/u_ddr_mc_phy/ddr_phy_4lanes_0.u_ddr_phy_4lanes/ddr_byte_lane_C.ddr_byte_lane_C/phaser_in_gen.phaser_in/ICLKDIV }

Check Type        Corner  Lib Pin        Reference Pin  Required(ns)  Actual(ns)  Slack(ns)  Location      Pin
Min Period        n/a     IN_FIFO/WRCLK  n/a            5.000         12.800      7.800      IN_FIFO_X1Y6  system_i/mig_7series_0/u_system_mig_7series_0_2_mig/u_memc_ui_top_axi/mem_intfc0/ddr_phy_top0/u_ddr_mc_phy_wrapper/u_ddr_mc_phy/ddr_phy_4lanes_0.u_ddr_phy_4lanes/ddr_byte_lane_C.ddr_byte_lane_C/in_fifo_gen.in_fifo/WRCLK
Low Pulse Width   Slow    IN_FIFO/WRCLK  n/a            2.150         6.400       4.250      IN_FIFO_X1Y6  system_i/mig_7series_0/u_system_mig_7series_0_2_mig/u_memc_ui_top_axi/mem_intfc0/ddr_phy_top0/u_ddr_mc_phy_wrapper/u_ddr_mc_phy/ddr_phy_4lanes_0.u_ddr_phy_4lanes/ddr_byte_lane_C.ddr_byte_lane_C/in_fifo_gen.in_fifo/WRCLK
High Pulse Width  Slow    IN_FIFO/WRCLK  n/a            2.150         6.400       4.250      IN_FIFO_X1Y6  system_i/mig_7series_0/u_system_mig_7series_0_2_mig/u_memc_ui_top_axi/mem_intfc0/ddr_phy_top0/u_ddr_mc_phy_wrapper/u_ddr_mc_phy/ddr_phy_4lanes_0.u_ddr_phy_4lanes/ddr_byte_lane_C.ddr_byte_lane_C/in_fifo_gen.in_fifo/WRCLK



---------------------------------------------------------------------------------------------------
From Clock:  mem_refclk_1
  To Clock:  mem_refclk_1

Setup :            0  Failing Endpoints,  Worst Slack        2.038ns,  Total Violation        0.000ns
Hold  :            0  Failing Endpoints,  Worst Slack        0.336ns,  Total Violation        0.000ns
PW    :            0  Failing Endpoints,  Worst Slack        0.975ns,  Total Violation        0.000ns
---------------------------------------------------------------------------------------------------


Max Delay Paths
--------------------------------------------------------------------------------------
Slack (MET) :             2.038ns  (required time - arrival time)
  Source:                 system_i/mig_7series_0/u_system_mig_7series_0_2_mig/u_memc_ui_top_axi/mem_intfc0/ddr_phy_top0/u_ddr_mc_phy_wrapper/u_ddr_mc_phy/ddr_phy_4lanes_0.u_ddr_phy_4lanes/phy_control_i/MEMREFCLK
                            (rising edge-triggered cell PHY_CONTROL clocked by mem_refclk_1  {rise@0.000ns fall@1.600ns period=3.200ns})
  Destination:            system_i/mig_7series_0/u_system_mig_7series_0_2_mig/u_memc_ui_top_axi/mem_intfc0/ddr_phy_top0/u_ddr_mc_phy_wrapper/u_ddr_mc_phy/ddr_phy_4lanes_0.u_ddr_phy_4lanes/phy_control_i/PHYCTLMSTREMPTY
                            (rising edge-triggered cell PHY_CONTROL clocked by mem_refclk_1  {rise@0.000ns fall@1.600ns period=3.200ns})
  Path Group:             mem_refclk_1
  Path Type:              Setup (Max at Slow Process Corner)
  Requirement:            3.200ns  (mem_refclk_1 rise@3.200ns - mem_refclk_1 rise@0.000ns)
  Data Path Delay:        1.093ns  (logic 0.622ns (56.908%)  route 0.471ns (43.092%))
  Logic Levels:           0  
  Clock Path Skew:        0.000ns (DCD - SCD + CPR)
    Destination Clock Delay (DCD):    2.216ns = ( 5.416 - 3.200 ) 
    Source Clock Delay      (SCD):    2.375ns
    Clock Pessimism Removal (CPR):    0.159ns
  Clock Uncertainty:      0.058ns  ((TSJ^2 + DJ^2)^1/2) / 2 + PE
    Total System Jitter     (TSJ):    0.071ns
    Discrete Jitter          (DJ):    0.092ns
    Phase Error              (PE):    0.000ns

    Location             Delay type                Incr(ns)  Path(ns)    Netlist Resource(s)
  -------------------------------------------------------------------    -------------------
                         (clock mem_refclk_1 rise edge)
                                                      0.000     0.000 r  
    BUFGCTRL_X0Y17       BUFG                         0.000     0.000 r  system_i/clk_wiz_1/inst/clkout2_buf/O
                         net (fo=1, routed)           1.666     1.666    system_i/mig_7series_0/u_system_mig_7series_0_2_mig/u_ddr2_infrastructure/mmcm_clk
    PLLE2_ADV_X1Y1       PLLE2_ADV (Prop_plle2_adv_CLKIN1_CLKOUT1)
                                                      0.088     1.754 r  system_i/mig_7series_0/u_system_mig_7series_0_2_mig/u_ddr2_infrastructure/plle2_i/CLKOUT1
                         net (fo=7, routed)           0.621     2.375    system_i/mig_7series_0/u_system_mig_7series_0_2_mig/u_memc_ui_top_axi/mem_intfc0/ddr_phy_top0/u_ddr_mc_phy_wrapper/u_ddr_mc_phy/ddr_phy_4lanes_0.u_ddr_phy_4lanes/mem_refclk
    PHY_CONTROL_X1Y1     PHY_CONTROL                                  r  system_i/mig_7series_0/u_system_mig_7series_0_2_mig/u_memc_ui_top_axi/mem_intfc0/ddr_phy_top0/u_ddr_mc_phy_wrapper/u_ddr_mc_phy/ddr_phy_4lanes_0.u_ddr_phy_4lanes/phy_control_i/MEMREFCLK
  -------------------------------------------------------------------    -------------------
    PHY_CONTROL_X1Y1     PHY_CONTROL (Prop_phy_control_MEMREFCLK_PHYCTLEMPTY)
                                                      0.622     2.997 r  system_i/mig_7series_0/u_system_mig_7series_0_2_mig/u_memc_ui_top_axi/mem_intfc0/ddr_phy_top0/u_ddr_mc_phy_wrapper/u_ddr_mc_phy/ddr_phy_4lanes_0.u_ddr_phy_4lanes/phy_control_i/PHYCTLEMPTY
                         net (fo=1, routed)           0.471     3.468    system_i/mig_7series_0/u_system_mig_7series_0_2_mig/u_memc_ui_top_axi/mem_intfc0/ddr_phy_top0/u_ddr_mc_phy_wrapper/u_ddr_mc_phy/ddr_phy_4lanes_0.u_ddr_phy_4lanes/phy_control_i_n_1
    PHY_CONTROL_X1Y1     PHY_CONTROL                                  r  system_i/mig_7series_0/u_system_mig_7series_0_2_mig/u_memc_ui_top_axi/mem_intfc0/ddr_phy_top0/u_ddr_mc_phy_wrapper/u_ddr_mc_phy/ddr_phy_4lanes_0.u_ddr_phy_4lanes/phy_control_i/PHYCTLMSTREMPTY
  -------------------------------------------------------------------    -------------------

                         (clock mem_refclk_1 rise edge)
                                                      3.200     3.200 r  
    BUFGCTRL_X0Y17       BUFG                         0.000     3.200 r  system_i/clk_wiz_1/inst/clkout2_buf/O
                         net (fo=1, routed)           1.544     4.744    system_i/mig_7series_0/u_system_mig_7series_0_2_mig/u_ddr2_infrastructure/mmcm_clk
    PLLE2_ADV_X1Y1       PLLE2_ADV (Prop_plle2_adv_CLKIN1_CLKOUT1)
                                                      0.083     4.827 r  system_i/mig_7series_0/u_system_mig_7series_0_2_mig/u_ddr2_infrastructure/plle2_i/CLKOUT1
                         net (fo=7, routed)           0.589     5.416    system_i/mig_7series_0/u_system_mig_7series_0_2_mig/u_memc_ui_top_axi/mem_intfc0/ddr_phy_top0/u_ddr_mc_phy_wrapper/u_ddr_mc_phy/ddr_phy_4lanes_0.u_ddr_phy_4lanes/mem_refclk
    PHY_CONTROL_X1Y1     PHY_CONTROL                                  r  system_i/mig_7series_0/u_system_mig_7series_0_2_mig/u_memc_ui_top_axi/mem_intfc0/ddr_phy_top0/u_ddr_mc_phy_wrapper/u_ddr_mc_phy/ddr_phy_4lanes_0.u_ddr_phy_4lanes/phy_control_i/MEMREFCLK
                         clock pessimism              0.159     5.575    
                         clock uncertainty           -0.058     5.517    
    PHY_CONTROL_X1Y1     PHY_CONTROL (Setup_phy_control_MEMREFCLK_PHYCTLMSTREMPTY)
                                                     -0.011     5.506    system_i/mig_7series_0/u_system_mig_7series_0_2_mig/u_memc_ui_top_axi/mem_intfc0/ddr_phy_top0/u_ddr_mc_phy_wrapper/u_ddr_mc_phy/ddr_phy_4lanes_0.u_ddr_phy_4lanes/phy_control_i
  -------------------------------------------------------------------
                         required time                          5.506    
                         arrival time                          -3.468    
  -------------------------------------------------------------------
                         slack                                  2.038    





Min Delay Paths
--------------------------------------------------------------------------------------
Slack (MET) :             0.336ns  (arrival time - required time)
  Source:                 system_i/mig_7series_0/u_system_mig_7series_0_2_mig/u_memc_ui_top_axi/mem_intfc0/ddr_phy_top0/u_ddr_mc_phy_wrapper/u_ddr_mc_phy/ddr_phy_4lanes_0.u_ddr_phy_4lanes/phy_control_i/MEMREFCLK
                            (rising edge-triggered cell PHY_CONTROL clocked by mem_refclk_1  {rise@0.000ns fall@1.600ns period=3.200ns})
  Destination:            system_i/mig_7series_0/u_system_mig_7series_0_2_mig/u_memc_ui_top_axi/mem_intfc0/ddr_phy_top0/u_ddr_mc_phy_wrapper/u_ddr_mc_phy/ddr_phy_4lanes_0.u_ddr_phy_4lanes/phy_control_i/PHYCTLMSTREMPTY
                            (rising edge-triggered cell PHY_CONTROL clocked by mem_refclk_1  {rise@0.000ns fall@1.600ns period=3.200ns})
  Path Group:             mem_refclk_1
  Path Type:              Hold (Min at Fast Process Corner)
  Requirement:            0.000ns  (mem_refclk_1 rise@0.000ns - mem_refclk_1 rise@0.000ns)
  Data Path Delay:        0.459ns  (logic 0.313ns (68.192%)  route 0.146ns (31.808%))
  Logic Levels:           0  
  Clock Path Skew:        0.000ns (DCD - SCD - CPR)
    Destination Clock Delay (DCD):    1.103ns
    Source Clock Delay      (SCD):    0.811ns
    Clock Pessimism Removal (CPR):    0.292ns

    Location             Delay type                Incr(ns)  Path(ns)    Netlist Resource(s)
  -------------------------------------------------------------------    -------------------
                         (clock mem_refclk_1 rise edge)
                                                      0.000     0.000 r  
    BUFGCTRL_X0Y17       BUFG                         0.000     0.000 r  system_i/clk_wiz_1/inst/clkout2_buf/O
                         net (fo=1, routed)           0.566     0.566    system_i/mig_7series_0/u_system_mig_7series_0_2_mig/u_ddr2_infrastructure/mmcm_clk
    PLLE2_ADV_X1Y1       PLLE2_ADV (Prop_plle2_adv_CLKIN1_CLKOUT1)
                                                      0.050     0.616 r  system_i/mig_7series_0/u_system_mig_7series_0_2_mig/u_ddr2_infrastructure/plle2_i/CLKOUT1
                         net (fo=7, routed)           0.195     0.811    system_i/mig_7series_0/u_system_mig_7series_0_2_mig/u_memc_ui_top_axi/mem_intfc0/ddr_phy_top0/u_ddr_mc_phy_wrapper/u_ddr_mc_phy/ddr_phy_4lanes_0.u_ddr_phy_4lanes/mem_refclk
    PHY_CONTROL_X1Y1     PHY_CONTROL                                  r  system_i/mig_7series_0/u_system_mig_7series_0_2_mig/u_memc_ui_top_axi/mem_intfc0/ddr_phy_top0/u_ddr_mc_phy_wrapper/u_ddr_mc_phy/ddr_phy_4lanes_0.u_ddr_phy_4lanes/phy_control_i/MEMREFCLK
  -------------------------------------------------------------------    -------------------
    PHY_CONTROL_X1Y1     PHY_CONTROL (Prop_phy_control_MEMREFCLK_PHYCTLEMPTY)
                                                      0.313     1.124 r  system_i/mig_7series_0/u_system_mig_7series_0_2_mig/u_memc_ui_top_axi/mem_intfc0/ddr_phy_top0/u_ddr_mc_phy_wrapper/u_ddr_mc_phy/ddr_phy_4lanes_0.u_ddr_phy_4lanes/phy_control_i/PHYCTLEMPTY
                         net (fo=1, routed)           0.146     1.270    system_i/mig_7series_0/u_system_mig_7series_0_2_mig/u_memc_ui_top_axi/mem_intfc0/ddr_phy_top0/u_ddr_mc_phy_wrapper/u_ddr_mc_phy/ddr_phy_4lanes_0.u_ddr_phy_4lanes/phy_control_i_n_1
    PHY_CONTROL_X1Y1     PHY_CONTROL                                  r  system_i/mig_7series_0/u_system_mig_7series_0_2_mig/u_memc_ui_top_axi/mem_intfc0/ddr_phy_top0/u_ddr_mc_phy_wrapper/u_ddr_mc_phy/ddr_phy_4lanes_0.u_ddr_phy_4lanes/phy_control_i/PHYCTLMSTREMPTY
  -------------------------------------------------------------------    -------------------

                         (clock mem_refclk_1 rise edge)
                                                      0.000     0.000 r  
    BUFGCTRL_X0Y17       BUFG                         0.000     0.000 r  system_i/clk_wiz_1/inst/clkout2_buf/O
                         net (fo=1, routed)           0.835     0.835    system_i/mig_7series_0/u_system_mig_7series_0_2_mig/u_ddr2_infrastructure/mmcm_clk
    PLLE2_ADV_X1Y1       PLLE2_ADV (Prop_plle2_adv_CLKIN1_CLKOUT1)
                                                      0.053     0.888 r  system_i/mig_7series_0/u_system_mig_7series_0_2_mig/u_ddr2_infrastructure/plle2_i/CLKOUT1
                         net (fo=7, routed)           0.215     1.103    system_i/mig_7series_0/u_system_mig_7series_0_2_mig/u_memc_ui_top_axi/mem_intfc0/ddr_phy_top0/u_ddr_mc_phy_wrapper/u_ddr_mc_phy/ddr_phy_4lanes_0.u_ddr_phy_4lanes/mem_refclk
    PHY_CONTROL_X1Y1     PHY_CONTROL                                  r  system_i/mig_7series_0/u_system_mig_7series_0_2_mig/u_memc_ui_top_axi/mem_intfc0/ddr_phy_top0/u_ddr_mc_phy_wrapper/u_ddr_mc_phy/ddr_phy_4lanes_0.u_ddr_phy_4lanes/phy_control_i/MEMREFCLK
                         clock pessimism             -0.292     0.811    
    PHY_CONTROL_X1Y1     PHY_CONTROL (Hold_phy_control_MEMREFCLK_PHYCTLMSTREMPTY)
                                                      0.123     0.934    system_i/mig_7series_0/u_system_mig_7series_0_2_mig/u_memc_ui_top_axi/mem_intfc0/ddr_phy_top0/u_ddr_mc_phy_wrapper/u_ddr_mc_phy/ddr_phy_4lanes_0.u_ddr_phy_4lanes/phy_control_i
  -------------------------------------------------------------------
                         required time                         -0.934    
                         arrival time                           1.270    
  -------------------------------------------------------------------
                         slack                                  0.336    





Pulse Width Checks
--------------------------------------------------------------------------------------
Clock Name:         mem_refclk_1
Waveform(ns):       { 0.000 1.600 }
Period(ns):         3.200
Sources:            { system_i/mig_7series_0/u_system_mig_7series_0_2_mig/u_ddr2_infrastructure/plle2_i/CLKOUT1 }

Check Type        Corner  Lib Pin                Reference Pin  Required(ns)  Actual(ns)  Slack(ns)  Location          Pin
Min Period        n/a     PHY_CONTROL/MEMREFCLK  n/a            1.475         3.200       1.725      PHY_CONTROL_X1Y1  system_i/mig_7series_0/u_system_mig_7series_0_2_mig/u_memc_ui_top_axi/mem_intfc0/ddr_phy_top0/u_ddr_mc_phy_wrapper/u_ddr_mc_phy/ddr_phy_4lanes_0.u_ddr_phy_4lanes/phy_control_i/MEMREFCLK
Max Period        n/a     PLLE2_ADV/CLKOUT1      n/a            160.000       3.200       156.800    PLLE2_ADV_X1Y1    system_i/mig_7series_0/u_system_mig_7series_0_2_mig/u_ddr2_infrastructure/plle2_i/CLKOUT1
Low Pulse Width   Slow    PHY_CONTROL/MEMREFCLK  n/a            0.625         1.600       0.975      PHY_CONTROL_X1Y1  system_i/mig_7series_0/u_system_mig_7series_0_2_mig/u_memc_ui_top_axi/mem_intfc0/ddr_phy_top0/u_ddr_mc_phy_wrapper/u_ddr_mc_phy/ddr_phy_4lanes_0.u_ddr_phy_4lanes/phy_control_i/MEMREFCLK
High Pulse Width  Slow    PHY_CONTROL/MEMREFCLK  n/a            0.625         1.600       0.975      PHY_CONTROL_X1Y1  system_i/mig_7series_0/u_system_mig_7series_0_2_mig/u_memc_ui_top_axi/mem_intfc0/ddr_phy_top0/u_ddr_mc_phy_wrapper/u_ddr_mc_phy/ddr_phy_4lanes_0.u_ddr_phy_4lanes/phy_control_i/MEMREFCLK



---------------------------------------------------------------------------------------------------
From Clock:  oserdes_clk_4
  To Clock:  oserdes_clk_4

Setup :            0  Failing Endpoints,  Worst Slack        1.627ns,  Total Violation        0.000ns
Hold  :            0  Failing Endpoints,  Worst Slack        0.411ns,  Total Violation        0.000ns
PW    :            0  Failing Endpoints,  Worst Slack        1.533ns,  Total Violation        0.000ns
---------------------------------------------------------------------------------------------------


Max Delay Paths
--------------------------------------------------------------------------------------
Slack (MET) :             1.627ns  (required time - arrival time)
  Source:                 system_i/mig_7series_0/u_system_mig_7series_0_2_mig/u_memc_ui_top_axi/mem_intfc0/ddr_phy_top0/u_ddr_mc_phy_wrapper/u_ddr_mc_phy/ddr_phy_4lanes_0.u_ddr_phy_4lanes/ddr_byte_lane_A.ddr_byte_lane_A/phaser_out/OCLKDELAYED
                            (rising edge-triggered cell PHASER_OUT_PHY clocked by oserdes_clk_4  {rise@0.000ns fall@1.600ns period=3.200ns})
  Destination:            system_i/mig_7series_0/u_system_mig_7series_0_2_mig/u_memc_ui_top_axi/mem_intfc0/ddr_phy_top0/u_ddr_mc_phy_wrapper/u_ddr_mc_phy/ddr_phy_4lanes_0.u_ddr_phy_4lanes/ddr_byte_lane_A.ddr_byte_lane_A/ddr_byte_group_io/dqs_gen.oddr_dqsts/D1
                            (rising edge-triggered cell ODDR clocked by oserdes_clk_4  {rise@0.000ns fall@1.600ns period=3.200ns})
  Path Group:             oserdes_clk_4
  Path Type:              Setup (Max at Slow Process Corner)
  Requirement:            3.200ns  (oserdes_clk_4 rise@3.200ns - oserdes_clk_4 rise@0.000ns)
  Data Path Delay:        1.037ns  (logic 0.562ns (54.177%)  route 0.475ns (45.823%))
  Logic Levels:           0  
  Clock Path Skew:        0.407ns (DCD - SCD + CPR)
    Destination Clock Delay (DCD):    5.883ns = ( 9.083 - 3.200 ) 
    Source Clock Delay      (SCD):    5.748ns
    Clock Pessimism Removal (CPR):    0.272ns
  Clock Uncertainty:      0.058ns  ((TSJ^2 + DJ^2)^1/2) / 2 + PE
    Total System Jitter     (TSJ):    0.071ns
    Discrete Jitter          (DJ):    0.092ns
    Phase Error              (PE):    0.000ns

    Location             Delay type                Incr(ns)  Path(ns)    Netlist Resource(s)
  -------------------------------------------------------------------    -------------------
                         (clock oserdes_clk_4 rise edge)
                                                      0.000     0.000 r  
    BUFGCTRL_X0Y17       BUFG                         0.000     0.000 r  system_i/clk_wiz_1/inst/clkout2_buf/O
                         net (fo=1, routed)           1.666     1.666    system_i/mig_7series_0/u_system_mig_7series_0_2_mig/u_ddr2_infrastructure/mmcm_clk
    PLLE2_ADV_X1Y1       PLLE2_ADV (Prop_plle2_adv_CLKIN1_CLKOUT1)
                                                      0.088     1.754 r  system_i/mig_7series_0/u_system_mig_7series_0_2_mig/u_ddr2_infrastructure/plle2_i/CLKOUT1
                         net (fo=7, routed)           0.614     2.368    system_i/mig_7series_0/u_system_mig_7series_0_2_mig/u_memc_ui_top_axi/mem_intfc0/ddr_phy_top0/u_ddr_mc_phy_wrapper/u_ddr_mc_phy/ddr_phy_4lanes_0.u_ddr_phy_4lanes/ddr_byte_lane_A.ddr_byte_lane_A/mem_refclk
    PHASER_OUT_PHY_X1Y4  PHASER_OUT_PHY (Prop_phaser_out_phy_MEMREFCLK_OCLK)
                                                      2.553     4.922 r  system_i/mig_7series_0/u_system_mig_7series_0_2_mig/u_memc_ui_top_axi/mem_intfc0/ddr_phy_top0/u_ddr_mc_phy_wrapper/u_ddr_mc_phy/ddr_phy_4lanes_0.u_ddr_phy_4lanes/ddr_byte_lane_A.ddr_byte_lane_A/phaser_out/OCLK
    PHASER_OUT_PHY_X1Y4  PHASER_OUT_PHY (Prop_phaser_out_phy_OCLK_OCLKDELAYED)
                                                      0.826     5.748 r  system_i/mig_7series_0/u_system_mig_7series_0_2_mig/u_memc_ui_top_axi/mem_intfc0/ddr_phy_top0/u_ddr_mc_phy_wrapper/u_ddr_mc_phy/ddr_phy_4lanes_0.u_ddr_phy_4lanes/ddr_byte_lane_A.ddr_byte_lane_A/phaser_out/OCLKDELAYED
  -------------------------------------------------------------------    -------------------
    PHASER_OUT_PHY_X1Y4  PHASER_OUT_PHY (Prop_phaser_out_phy_OCLKDELAYED_CTSBUS[0])
                                                      0.562     6.310 r  system_i/mig_7series_0/u_system_mig_7series_0_2_mig/u_memc_ui_top_axi/mem_intfc0/ddr_phy_top0/u_ddr_mc_phy_wrapper/u_ddr_mc_phy/ddr_phy_4lanes_0.u_ddr_phy_4lanes/ddr_byte_lane_A.ddr_byte_lane_A/phaser_out/CTSBUS[0]
                         net (fo=2, routed)           0.475     6.785    system_i/mig_7series_0/u_system_mig_7series_0_2_mig/u_memc_ui_top_axi/mem_intfc0/ddr_phy_top0/u_ddr_mc_phy_wrapper/u_ddr_mc_phy/ddr_phy_4lanes_0.u_ddr_phy_4lanes/ddr_byte_lane_A.ddr_byte_lane_A/ddr_byte_group_io/CTSBUS[0]
    OLOGIC_X1Y58         ODDR                                         r  system_i/mig_7series_0/u_system_mig_7series_0_2_mig/u_memc_ui_top_axi/mem_intfc0/ddr_phy_top0/u_ddr_mc_phy_wrapper/u_ddr_mc_phy/ddr_phy_4lanes_0.u_ddr_phy_4lanes/ddr_byte_lane_A.ddr_byte_lane_A/ddr_byte_group_io/dqs_gen.oddr_dqsts/D1
  -------------------------------------------------------------------    -------------------

                         (clock oserdes_clk_4 rise edge)
                                                      3.200     3.200 r  
    BUFGCTRL_X0Y17       BUFG                         0.000     3.200 r  system_i/clk_wiz_1/inst/clkout2_buf/O
                         net (fo=1, routed)           1.544     4.744    system_i/mig_7series_0/u_system_mig_7series_0_2_mig/u_ddr2_infrastructure/mmcm_clk
    PLLE2_ADV_X1Y1       PLLE2_ADV (Prop_plle2_adv_CLKIN1_CLKOUT1)
                                                      0.083     4.827 r  system_i/mig_7series_0/u_system_mig_7series_0_2_mig/u_ddr2_infrastructure/plle2_i/CLKOUT1
                         net (fo=7, routed)           0.582     5.409    system_i/mig_7series_0/u_system_mig_7series_0_2_mig/u_memc_ui_top_axi/mem_intfc0/ddr_phy_top0/u_ddr_mc_phy_wrapper/u_ddr_mc_phy/ddr_phy_4lanes_0.u_ddr_phy_4lanes/ddr_byte_lane_A.ddr_byte_lane_A/mem_refclk
    PHASER_OUT_PHY_X1Y4  PHASER_OUT_PHY (Prop_phaser_out_phy_MEMREFCLK_OCLK)
                                                      2.488     7.898 r  system_i/mig_7series_0/u_system_mig_7series_0_2_mig/u_memc_ui_top_axi/mem_intfc0/ddr_phy_top0/u_ddr_mc_phy_wrapper/u_ddr_mc_phy/ddr_phy_4lanes_0.u_ddr_phy_4lanes/ddr_byte_lane_A.ddr_byte_lane_A/phaser_out/OCLK
    PHASER_OUT_PHY_X1Y4  PHASER_OUT_PHY (Prop_phaser_out_phy_OCLK_OCLKDELAYED)
                                                      0.778     8.676 r  system_i/mig_7series_0/u_system_mig_7series_0_2_mig/u_memc_ui_top_axi/mem_intfc0/ddr_phy_top0/u_ddr_mc_phy_wrapper/u_ddr_mc_phy/ddr_phy_4lanes_0.u_ddr_phy_4lanes/ddr_byte_lane_A.ddr_byte_lane_A/phaser_out/OCLKDELAYED
                         net (fo=2, routed)           0.407     9.083    system_i/mig_7series_0/u_system_mig_7series_0_2_mig/u_memc_ui_top_axi/mem_intfc0/ddr_phy_top0/u_ddr_mc_phy_wrapper/u_ddr_mc_phy/ddr_phy_4lanes_0.u_ddr_phy_4lanes/ddr_byte_lane_A.ddr_byte_lane_A/ddr_byte_group_io/oserdes_clk_delayed
    OLOGIC_X1Y58         ODDR                                         r  system_i/mig_7series_0/u_system_mig_7series_0_2_mig/u_memc_ui_top_axi/mem_intfc0/ddr_phy_top0/u_ddr_mc_phy_wrapper/u_ddr_mc_phy/ddr_phy_4lanes_0.u_ddr_phy_4lanes/ddr_byte_lane_A.ddr_byte_lane_A/ddr_byte_group_io/dqs_gen.oddr_dqsts/C
                         clock pessimism              0.272     9.355    
                         clock uncertainty           -0.058     9.297    
    OLOGIC_X1Y58         ODDR (Setup_oddr_C_D1)      -0.885     8.412    system_i/mig_7series_0/u_system_mig_7series_0_2_mig/u_memc_ui_top_axi/mem_intfc0/ddr_phy_top0/u_ddr_mc_phy_wrapper/u_ddr_mc_phy/ddr_phy_4lanes_0.u_ddr_phy_4lanes/ddr_byte_lane_A.ddr_byte_lane_A/ddr_byte_group_io/dqs_gen.oddr_dqsts
  -------------------------------------------------------------------
                         required time                          8.412    
                         arrival time                          -6.785    
  -------------------------------------------------------------------
                         slack                                  1.627    





Min Delay Paths
--------------------------------------------------------------------------------------
Slack (MET) :             0.411ns  (arrival time - required time)
  Source:                 system_i/mig_7series_0/u_system_mig_7series_0_2_mig/u_memc_ui_top_axi/mem_intfc0/ddr_phy_top0/u_ddr_mc_phy_wrapper/u_ddr_mc_phy/ddr_phy_4lanes_0.u_ddr_phy_4lanes/ddr_byte_lane_A.ddr_byte_lane_A/phaser_out/OCLKDELAYED
                            (rising edge-triggered cell PHASER_OUT_PHY clocked by oserdes_clk_4  {rise@0.000ns fall@1.600ns period=3.200ns})
  Destination:            system_i/mig_7series_0/u_system_mig_7series_0_2_mig/u_memc_ui_top_axi/mem_intfc0/ddr_phy_top0/u_ddr_mc_phy_wrapper/u_ddr_mc_phy/ddr_phy_4lanes_0.u_ddr_phy_4lanes/ddr_byte_lane_A.ddr_byte_lane_A/ddr_byte_group_io/dqs_gen.oddr_dqs/D2
                            (rising edge-triggered cell ODDR clocked by oserdes_clk_4  {rise@0.000ns fall@1.600ns period=3.200ns})
  Path Group:             oserdes_clk_4
  Path Type:              Hold (Min at Fast Process Corner)
  Requirement:            0.000ns  (oserdes_clk_4 rise@0.000ns - oserdes_clk_4 rise@0.000ns)
  Data Path Delay:        0.496ns  (logic 0.346ns (69.715%)  route 0.150ns (30.285%))
  Logic Levels:           0  
  Clock Path Skew:        0.178ns (DCD - SCD - CPR)
    Destination Clock Delay (DCD):    4.246ns
    Source Clock Delay      (SCD):    3.683ns
    Clock Pessimism Removal (CPR):    0.385ns

    Location             Delay type                Incr(ns)  Path(ns)    Netlist Resource(s)
  -------------------------------------------------------------------    -------------------
                         (clock oserdes_clk_4 rise edge)
                                                      0.000     0.000 r  
    BUFGCTRL_X0Y17       BUFG                         0.000     0.000 r  system_i/clk_wiz_1/inst/clkout2_buf/O
                         net (fo=1, routed)           0.566     0.566    system_i/mig_7series_0/u_system_mig_7series_0_2_mig/u_ddr2_infrastructure/mmcm_clk
    PLLE2_ADV_X1Y1       PLLE2_ADV (Prop_plle2_adv_CLKIN1_CLKOUT1)
                                                      0.050     0.616 r  system_i/mig_7series_0/u_system_mig_7series_0_2_mig/u_ddr2_infrastructure/plle2_i/CLKOUT1
                         net (fo=7, routed)           0.197     0.813    system_i/mig_7series_0/u_system_mig_7series_0_2_mig/u_memc_ui_top_axi/mem_intfc0/ddr_phy_top0/u_ddr_mc_phy_wrapper/u_ddr_mc_phy/ddr_phy_4lanes_0.u_ddr_phy_4lanes/ddr_byte_lane_A.ddr_byte_lane_A/mem_refclk
    PHASER_OUT_PHY_X1Y4  PHASER_OUT_PHY (Prop_phaser_out_phy_MEMREFCLK_OCLK)
                                                      2.204     3.016 r  system_i/mig_7series_0/u_system_mig_7series_0_2_mig/u_memc_ui_top_axi/mem_intfc0/ddr_phy_top0/u_ddr_mc_phy_wrapper/u_ddr_mc_phy/ddr_phy_4lanes_0.u_ddr_phy_4lanes/ddr_byte_lane_A.ddr_byte_lane_A/phaser_out/OCLK
    PHASER_OUT_PHY_X1Y4  PHASER_OUT_PHY (Prop_phaser_out_phy_OCLK_OCLKDELAYED)
                                                      0.667     3.683 r  system_i/mig_7series_0/u_system_mig_7series_0_2_mig/u_memc_ui_top_axi/mem_intfc0/ddr_phy_top0/u_ddr_mc_phy_wrapper/u_ddr_mc_phy/ddr_phy_4lanes_0.u_ddr_phy_4lanes/ddr_byte_lane_A.ddr_byte_lane_A/phaser_out/OCLKDELAYED
  -------------------------------------------------------------------    -------------------
    PHASER_OUT_PHY_X1Y4  PHASER_OUT_PHY (Prop_phaser_out_phy_OCLKDELAYED_DQSBUS[1])
                                                      0.346     4.029 r  system_i/mig_7series_0/u_system_mig_7series_0_2_mig/u_memc_ui_top_axi/mem_intfc0/ddr_phy_top0/u_ddr_mc_phy_wrapper/u_ddr_mc_phy/ddr_phy_4lanes_0.u_ddr_phy_4lanes/ddr_byte_lane_A.ddr_byte_lane_A/phaser_out/DQSBUS[1]
                         net (fo=1, routed)           0.150     4.180    system_i/mig_7series_0/u_system_mig_7series_0_2_mig/u_memc_ui_top_axi/mem_intfc0/ddr_phy_top0/u_ddr_mc_phy_wrapper/u_ddr_mc_phy/ddr_phy_4lanes_0.u_ddr_phy_4lanes/ddr_byte_lane_A.ddr_byte_lane_A/ddr_byte_group_io/DQSBUS[1]
    OLOGIC_X1Y58         ODDR                                         r  system_i/mig_7series_0/u_system_mig_7series_0_2_mig/u_memc_ui_top_axi/mem_intfc0/ddr_phy_top0/u_ddr_mc_phy_wrapper/u_ddr_mc_phy/ddr_phy_4lanes_0.u_ddr_phy_4lanes/ddr_byte_lane_A.ddr_byte_lane_A/ddr_byte_group_io/dqs_gen.oddr_dqs/D2
  -------------------------------------------------------------------    -------------------

                         (clock oserdes_clk_4 rise edge)
                                                      0.000     0.000 r  
    BUFGCTRL_X0Y17       BUFG                         0.000     0.000 r  system_i/clk_wiz_1/inst/clkout2_buf/O
                         net (fo=1, routed)           0.835     0.835    system_i/mig_7series_0/u_system_mig_7series_0_2_mig/u_ddr2_infrastructure/mmcm_clk
    PLLE2_ADV_X1Y1       PLLE2_ADV (Prop_plle2_adv_CLKIN1_CLKOUT1)
                                                      0.053     0.888 r  system_i/mig_7series_0/u_system_mig_7series_0_2_mig/u_ddr2_infrastructure/plle2_i/CLKOUT1
                         net (fo=7, routed)           0.218     1.106    system_i/mig_7series_0/u_system_mig_7series_0_2_mig/u_memc_ui_top_axi/mem_intfc0/ddr_phy_top0/u_ddr_mc_phy_wrapper/u_ddr_mc_phy/ddr_phy_4lanes_0.u_ddr_phy_4lanes/ddr_byte_lane_A.ddr_byte_lane_A/mem_refclk
    PHASER_OUT_PHY_X1Y4  PHASER_OUT_PHY (Prop_phaser_out_phy_MEMREFCLK_OCLK)
                                                      2.254     3.359 r  system_i/mig_7series_0/u_system_mig_7series_0_2_mig/u_memc_ui_top_axi/mem_intfc0/ddr_phy_top0/u_ddr_mc_phy_wrapper/u_ddr_mc_phy/ddr_phy_4lanes_0.u_ddr_phy_4lanes/ddr_byte_lane_A.ddr_byte_lane_A/phaser_out/OCLK
    PHASER_OUT_PHY_X1Y4  PHASER_OUT_PHY (Prop_phaser_out_phy_OCLK_OCLKDELAYED)
                                                      0.709     4.068 r  system_i/mig_7series_0/u_system_mig_7series_0_2_mig/u_memc_ui_top_axi/mem_intfc0/ddr_phy_top0/u_ddr_mc_phy_wrapper/u_ddr_mc_phy/ddr_phy_4lanes_0.u_ddr_phy_4lanes/ddr_byte_lane_A.ddr_byte_lane_A/phaser_out/OCLKDELAYED
                         net (fo=2, routed)           0.178     4.246    system_i/mig_7series_0/u_system_mig_7series_0_2_mig/u_memc_ui_top_axi/mem_intfc0/ddr_phy_top0/u_ddr_mc_phy_wrapper/u_ddr_mc_phy/ddr_phy_4lanes_0.u_ddr_phy_4lanes/ddr_byte_lane_A.ddr_byte_lane_A/ddr_byte_group_io/oserdes_clk_delayed
    OLOGIC_X1Y58         ODDR                                         r  system_i/mig_7series_0/u_system_mig_7series_0_2_mig/u_memc_ui_top_axi/mem_intfc0/ddr_phy_top0/u_ddr_mc_phy_wrapper/u_ddr_mc_phy/ddr_phy_4lanes_0.u_ddr_phy_4lanes/ddr_byte_lane_A.ddr_byte_lane_A/ddr_byte_group_io/dqs_gen.oddr_dqs/C
                         clock pessimism             -0.385     3.861    
    OLOGIC_X1Y58         ODDR (Hold_oddr_C_D2)       -0.093     3.768    system_i/mig_7series_0/u_system_mig_7series_0_2_mig/u_memc_ui_top_axi/mem_intfc0/ddr_phy_top0/u_ddr_mc_phy_wrapper/u_ddr_mc_phy/ddr_phy_4lanes_0.u_ddr_phy_4lanes/ddr_byte_lane_A.ddr_byte_lane_A/ddr_byte_group_io/dqs_gen.oddr_dqs
  -------------------------------------------------------------------
                         required time                         -3.768    
                         arrival time                           4.180    
  -------------------------------------------------------------------
                         slack                                  0.411    





Pulse Width Checks
--------------------------------------------------------------------------------------
Clock Name:         oserdes_clk_4
Waveform(ns):       { 0.000 1.600 }
Period(ns):         3.200
Sources:            { system_i/mig_7series_0/u_system_mig_7series_0_2_mig/u_memc_ui_top_axi/mem_intfc0/ddr_phy_top0/u_ddr_mc_phy_wrapper/u_ddr_mc_phy/ddr_phy_4lanes_0.u_ddr_phy_4lanes/ddr_byte_lane_A.ddr_byte_lane_A/phaser_out/OCLK }

Check Type  Corner  Lib Pin        Reference Pin  Required(ns)  Actual(ns)  Slack(ns)  Location      Pin
Min Period  n/a     OSERDESE2/CLK  n/a            1.667         3.200       1.533      OLOGIC_X1Y52  system_i/mig_7series_0/u_system_mig_7series_0_2_mig/u_memc_ui_top_axi/mem_intfc0/ddr_phy_top0/u_ddr_mc_phy_wrapper/u_ddr_mc_phy/ddr_phy_4lanes_0.u_ddr_phy_4lanes/ddr_byte_lane_A.ddr_byte_lane_A/ddr_byte_group_io/output_[1].oserdes_dq_.ddr.oserdes_dq_i/CLK



---------------------------------------------------------------------------------------------------
From Clock:  oserdes_clkdiv_4
  To Clock:  oserdes_clkdiv_4

Setup :            0  Failing Endpoints,  Worst Slack        4.983ns,  Total Violation        0.000ns
Hold  :            0  Failing Endpoints,  Worst Slack        0.090ns,  Total Violation        0.000ns
PW    :            0  Failing Endpoints,  Worst Slack        1.050ns,  Total Violation        0.000ns
---------------------------------------------------------------------------------------------------


Max Delay Paths
--------------------------------------------------------------------------------------
Slack (MET) :             4.983ns  (required time - arrival time)
  Source:                 system_i/mig_7series_0/u_system_mig_7series_0_2_mig/u_memc_ui_top_axi/mem_intfc0/ddr_phy_top0/u_ddr_mc_phy_wrapper/u_ddr_mc_phy/ddr_phy_4lanes_0.u_ddr_phy_4lanes/ddr_byte_lane_A.ddr_byte_lane_A/out_fifo/RDCLK
                            (rising edge-triggered cell OUT_FIFO clocked by oserdes_clkdiv_4  {rise@0.000ns fall@3.200ns period=6.400ns})
  Destination:            system_i/mig_7series_0/u_system_mig_7series_0_2_mig/u_memc_ui_top_axi/mem_intfc0/ddr_phy_top0/u_ddr_mc_phy_wrapper/u_ddr_mc_phy/ddr_phy_4lanes_0.u_ddr_phy_4lanes/ddr_byte_lane_A.ddr_byte_lane_A/ddr_byte_group_io/output_[6].oserdes_dq_.ddr.oserdes_dq_i/D1
                            (rising edge-triggered cell OSERDESE2 clocked by oserdes_clkdiv_4  {rise@0.000ns fall@3.200ns period=6.400ns})
  Path Group:             oserdes_clkdiv_4
  Path Type:              Setup (Max at Slow Process Corner)
  Requirement:            6.400ns  (oserdes_clkdiv_4 rise@6.400ns - oserdes_clkdiv_4 rise@0.000ns)
  Data Path Delay:        1.142ns  (logic 0.674ns (59.004%)  route 0.468ns (40.997%))
  Logic Levels:           0  
  Clock Path Skew:        0.408ns (DCD - SCD + CPR)
    Destination Clock Delay (DCD):    5.254ns = ( 11.654 - 6.400 ) 
    Source Clock Delay      (SCD):    5.079ns
    Clock Pessimism Removal (CPR):    0.233ns
  Clock Uncertainty:      0.058ns  ((TSJ^2 + DJ^2)^1/2) / 2 + PE
    Total System Jitter     (TSJ):    0.071ns
    Discrete Jitter          (DJ):    0.092ns
    Phase Error              (PE):    0.000ns

    Location             Delay type                Incr(ns)  Path(ns)    Netlist Resource(s)
  -------------------------------------------------------------------    -------------------
                         (clock oserdes_clkdiv_4 rise edge)
                                                      0.000     0.000 r  
    BUFGCTRL_X0Y17       BUFG                         0.000     0.000 r  system_i/clk_wiz_1/inst/clkout2_buf/O
                         net (fo=1, routed)           1.666     1.666    system_i/mig_7series_0/u_system_mig_7series_0_2_mig/u_ddr2_infrastructure/mmcm_clk
    PLLE2_ADV_X1Y1       PLLE2_ADV (Prop_plle2_adv_CLKIN1_CLKOUT1)
                                                      0.088     1.754 r  system_i/mig_7series_0/u_system_mig_7series_0_2_mig/u_ddr2_infrastructure/plle2_i/CLKOUT1
                         net (fo=7, routed)           0.614     2.368    system_i/mig_7series_0/u_system_mig_7series_0_2_mig/u_memc_ui_top_axi/mem_intfc0/ddr_phy_top0/u_ddr_mc_phy_wrapper/u_ddr_mc_phy/ddr_phy_4lanes_0.u_ddr_phy_4lanes/ddr_byte_lane_A.ddr_byte_lane_A/mem_refclk
    PHASER_OUT_PHY_X1Y4  PHASER_OUT_PHY (Prop_phaser_out_phy_MEMREFCLK_OCLK)
                                                      2.553     4.922 r  system_i/mig_7series_0/u_system_mig_7series_0_2_mig/u_memc_ui_top_axi/mem_intfc0/ddr_phy_top0/u_ddr_mc_phy_wrapper/u_ddr_mc_phy/ddr_phy_4lanes_0.u_ddr_phy_4lanes/ddr_byte_lane_A.ddr_byte_lane_A/phaser_out/OCLK
    PHASER_OUT_PHY_X1Y4  PHASER_OUT_PHY (Prop_phaser_out_phy_OCLK_OCLKDIV)
                                                      0.157     5.079 r  system_i/mig_7series_0/u_system_mig_7series_0_2_mig/u_memc_ui_top_axi/mem_intfc0/ddr_phy_top0/u_ddr_mc_phy_wrapper/u_ddr_mc_phy/ddr_phy_4lanes_0.u_ddr_phy_4lanes/ddr_byte_lane_A.ddr_byte_lane_A/phaser_out/OCLKDIV
                         net (fo=11, routed)          0.000     5.079    system_i/mig_7series_0/u_system_mig_7series_0_2_mig/u_memc_ui_top_axi/mem_intfc0/ddr_phy_top0/u_ddr_mc_phy_wrapper/u_ddr_mc_phy/ddr_phy_4lanes_0.u_ddr_phy_4lanes/ddr_byte_lane_A.ddr_byte_lane_A/oserdes_clkdiv
    OUT_FIFO_X1Y4        OUT_FIFO                                     r  system_i/mig_7series_0/u_system_mig_7series_0_2_mig/u_memc_ui_top_axi/mem_intfc0/ddr_phy_top0/u_ddr_mc_phy_wrapper/u_ddr_mc_phy/ddr_phy_4lanes_0.u_ddr_phy_4lanes/ddr_byte_lane_A.ddr_byte_lane_A/out_fifo/RDCLK
  -------------------------------------------------------------------    -------------------
    OUT_FIFO_X1Y4        OUT_FIFO (Prop_out_fifo_RDCLK_Q6[0])
                                                      0.674     5.753 r  system_i/mig_7series_0/u_system_mig_7series_0_2_mig/u_memc_ui_top_axi/mem_intfc0/ddr_phy_top0/u_ddr_mc_phy_wrapper/u_ddr_mc_phy/ddr_phy_4lanes_0.u_ddr_phy_4lanes/ddr_byte_lane_A.ddr_byte_lane_A/out_fifo/Q6[0]
                         net (fo=1, routed)           0.468     6.221    system_i/mig_7series_0/u_system_mig_7series_0_2_mig/u_memc_ui_top_axi/mem_intfc0/ddr_phy_top0/u_ddr_mc_phy_wrapper/u_ddr_mc_phy/ddr_phy_4lanes_0.u_ddr_phy_4lanes/ddr_byte_lane_A.ddr_byte_lane_A/ddr_byte_group_io/of_dqbus[20]
    OLOGIC_X1Y59         OSERDESE2                                    r  system_i/mig_7series_0/u_system_mig_7series_0_2_mig/u_memc_ui_top_axi/mem_intfc0/ddr_phy_top0/u_ddr_mc_phy_wrapper/u_ddr_mc_phy/ddr_phy_4lanes_0.u_ddr_phy_4lanes/ddr_byte_lane_A.ddr_byte_lane_A/ddr_byte_group_io/output_[6].oserdes_dq_.ddr.oserdes_dq_i/D1
  -------------------------------------------------------------------    -------------------

                         (clock oserdes_clkdiv_4 rise edge)
                                                      6.400     6.400 r  
    BUFGCTRL_X0Y17       BUFG                         0.000     6.400 r  system_i/clk_wiz_1/inst/clkout2_buf/O
                         net (fo=1, routed)           1.544     7.944    system_i/mig_7series_0/u_system_mig_7series_0_2_mig/u_ddr2_infrastructure/mmcm_clk
    PLLE2_ADV_X1Y1       PLLE2_ADV (Prop_plle2_adv_CLKIN1_CLKOUT1)
                                                      0.083     8.027 r  system_i/mig_7series_0/u_system_mig_7series_0_2_mig/u_ddr2_infrastructure/plle2_i/CLKOUT1
                         net (fo=7, routed)           0.582     8.609    system_i/mig_7series_0/u_system_mig_7series_0_2_mig/u_memc_ui_top_axi/mem_intfc0/ddr_phy_top0/u_ddr_mc_phy_wrapper/u_ddr_mc_phy/ddr_phy_4lanes_0.u_ddr_phy_4lanes/ddr_byte_lane_A.ddr_byte_lane_A/mem_refclk
    PHASER_OUT_PHY_X1Y4  PHASER_OUT_PHY (Prop_phaser_out_phy_MEMREFCLK_OCLK)
                                                      2.488    11.098 r  system_i/mig_7series_0/u_system_mig_7series_0_2_mig/u_memc_ui_top_axi/mem_intfc0/ddr_phy_top0/u_ddr_mc_phy_wrapper/u_ddr_mc_phy/ddr_phy_4lanes_0.u_ddr_phy_4lanes/ddr_byte_lane_A.ddr_byte_lane_A/phaser_out/OCLK
    PHASER_OUT_PHY_X1Y4  PHASER_OUT_PHY (Prop_phaser_out_phy_OCLK_OCLKDIV)
                                                      0.148    11.246 r  system_i/mig_7series_0/u_system_mig_7series_0_2_mig/u_memc_ui_top_axi/mem_intfc0/ddr_phy_top0/u_ddr_mc_phy_wrapper/u_ddr_mc_phy/ddr_phy_4lanes_0.u_ddr_phy_4lanes/ddr_byte_lane_A.ddr_byte_lane_A/phaser_out/OCLKDIV
                         net (fo=11, routed)          0.408    11.654    system_i/mig_7series_0/u_system_mig_7series_0_2_mig/u_memc_ui_top_axi/mem_intfc0/ddr_phy_top0/u_ddr_mc_phy_wrapper/u_ddr_mc_phy/ddr_phy_4lanes_0.u_ddr_phy_4lanes/ddr_byte_lane_A.ddr_byte_lane_A/ddr_byte_group_io/oserdes_clkdiv
    OLOGIC_X1Y59         OSERDESE2                                    r  system_i/mig_7series_0/u_system_mig_7series_0_2_mig/u_memc_ui_top_axi/mem_intfc0/ddr_phy_top0/u_ddr_mc_phy_wrapper/u_ddr_mc_phy/ddr_phy_4lanes_0.u_ddr_phy_4lanes/ddr_byte_lane_A.ddr_byte_lane_A/ddr_byte_group_io/output_[6].oserdes_dq_.ddr.oserdes_dq_i/CLKDIV
                         clock pessimism              0.233    11.887    
                         clock uncertainty           -0.058    11.829    
    OLOGIC_X1Y59         OSERDESE2 (Setup_oserdese2_CLKDIV_D1)
                                                     -0.625    11.204    system_i/mig_7series_0/u_system_mig_7series_0_2_mig/u_memc_ui_top_axi/mem_intfc0/ddr_phy_top0/u_ddr_mc_phy_wrapper/u_ddr_mc_phy/ddr_phy_4lanes_0.u_ddr_phy_4lanes/ddr_byte_lane_A.ddr_byte_lane_A/ddr_byte_group_io/output_[6].oserdes_dq_.ddr.oserdes_dq_i
  -------------------------------------------------------------------
                         required time                         11.204    
                         arrival time                          -6.221    
  -------------------------------------------------------------------
                         slack                                  4.983    





Min Delay Paths
--------------------------------------------------------------------------------------
Slack (MET) :             0.090ns  (arrival time - required time)
  Source:                 system_i/mig_7series_0/u_system_mig_7series_0_2_mig/u_memc_ui_top_axi/mem_intfc0/ddr_phy_top0/u_ddr_mc_phy_wrapper/u_ddr_mc_phy/ddr_phy_4lanes_0.u_ddr_phy_4lanes/ddr_byte_lane_A.ddr_byte_lane_A/out_fifo/RDCLK
                            (rising edge-triggered cell OUT_FIFO clocked by oserdes_clkdiv_4  {rise@0.000ns fall@3.200ns period=6.400ns})
  Destination:            system_i/mig_7series_0/u_system_mig_7series_0_2_mig/u_memc_ui_top_axi/mem_intfc0/ddr_phy_top0/u_ddr_mc_phy_wrapper/u_ddr_mc_phy/ddr_phy_4lanes_0.u_ddr_phy_4lanes/ddr_byte_lane_A.ddr_byte_lane_A/ddr_byte_group_io/output_[2].oserdes_dq_.ddr.oserdes_dq_i/D2
                            (rising edge-triggered cell OSERDESE2 clocked by oserdes_clkdiv_4  {rise@0.000ns fall@3.200ns period=6.400ns})
  Path Group:             oserdes_clkdiv_4
  Path Type:              Hold (Min at Fast Process Corner)
  Requirement:            0.000ns  (oserdes_clkdiv_4 rise@0.000ns - oserdes_clkdiv_4 rise@0.000ns)
  Data Path Delay:        0.288ns  (logic 0.138ns (47.866%)  route 0.150ns (52.134%))
  Logic Levels:           0  
  Clock Path Skew:        0.179ns (DCD - SCD - CPR)
    Destination Clock Delay (DCD):    3.626ns
    Source Clock Delay      (SCD):    3.099ns
    Clock Pessimism Removal (CPR):    0.348ns

    Location             Delay type                Incr(ns)  Path(ns)    Netlist Resource(s)
  -------------------------------------------------------------------    -------------------
                         (clock oserdes_clkdiv_4 rise edge)
                                                      0.000     0.000 r  
    BUFGCTRL_X0Y17       BUFG                         0.000     0.000 r  system_i/clk_wiz_1/inst/clkout2_buf/O
                         net (fo=1, routed)           0.566     0.566    system_i/mig_7series_0/u_system_mig_7series_0_2_mig/u_ddr2_infrastructure/mmcm_clk
    PLLE2_ADV_X1Y1       PLLE2_ADV (Prop_plle2_adv_CLKIN1_CLKOUT1)
                                                      0.050     0.616 r  system_i/mig_7series_0/u_system_mig_7series_0_2_mig/u_ddr2_infrastructure/plle2_i/CLKOUT1
                         net (fo=7, routed)           0.197     0.813    system_i/mig_7series_0/u_system_mig_7series_0_2_mig/u_memc_ui_top_axi/mem_intfc0/ddr_phy_top0/u_ddr_mc_phy_wrapper/u_ddr_mc_phy/ddr_phy_4lanes_0.u_ddr_phy_4lanes/ddr_byte_lane_A.ddr_byte_lane_A/mem_refclk
    PHASER_OUT_PHY_X1Y4  PHASER_OUT_PHY (Prop_phaser_out_phy_MEMREFCLK_OCLK)
                                                      2.204     3.016 r  system_i/mig_7series_0/u_system_mig_7series_0_2_mig/u_memc_ui_top_axi/mem_intfc0/ddr_phy_top0/u_ddr_mc_phy_wrapper/u_ddr_mc_phy/ddr_phy_4lanes_0.u_ddr_phy_4lanes/ddr_byte_lane_A.ddr_byte_lane_A/phaser_out/OCLK
    PHASER_OUT_PHY_X1Y4  PHASER_OUT_PHY (Prop_phaser_out_phy_OCLK_OCLKDIV)
                                                      0.083     3.099 r  system_i/mig_7series_0/u_system_mig_7series_0_2_mig/u_memc_ui_top_axi/mem_intfc0/ddr_phy_top0/u_ddr_mc_phy_wrapper/u_ddr_mc_phy/ddr_phy_4lanes_0.u_ddr_phy_4lanes/ddr_byte_lane_A.ddr_byte_lane_A/phaser_out/OCLKDIV
                         net (fo=11, routed)          0.000     3.099    system_i/mig_7series_0/u_system_mig_7series_0_2_mig/u_memc_ui_top_axi/mem_intfc0/ddr_phy_top0/u_ddr_mc_phy_wrapper/u_ddr_mc_phy/ddr_phy_4lanes_0.u_ddr_phy_4lanes/ddr_byte_lane_A.ddr_byte_lane_A/oserdes_clkdiv
    OUT_FIFO_X1Y4        OUT_FIFO                                     r  system_i/mig_7series_0/u_system_mig_7series_0_2_mig/u_memc_ui_top_axi/mem_intfc0/ddr_phy_top0/u_ddr_mc_phy_wrapper/u_ddr_mc_phy/ddr_phy_4lanes_0.u_ddr_phy_4lanes/ddr_byte_lane_A.ddr_byte_lane_A/out_fifo/RDCLK
  -------------------------------------------------------------------    -------------------
    OUT_FIFO_X1Y4        OUT_FIFO (Prop_out_fifo_RDCLK_Q2[1])
                                                      0.138     3.237 r  system_i/mig_7series_0/u_system_mig_7series_0_2_mig/u_memc_ui_top_axi/mem_intfc0/ddr_phy_top0/u_ddr_mc_phy_wrapper/u_ddr_mc_phy/ddr_phy_4lanes_0.u_ddr_phy_4lanes/ddr_byte_lane_A.ddr_byte_lane_A/out_fifo/Q2[1]
                         net (fo=1, routed)           0.150     3.388    system_i/mig_7series_0/u_system_mig_7series_0_2_mig/u_memc_ui_top_axi/mem_intfc0/ddr_phy_top0/u_ddr_mc_phy_wrapper/u_ddr_mc_phy/ddr_phy_4lanes_0.u_ddr_phy_4lanes/ddr_byte_lane_A.ddr_byte_lane_A/ddr_byte_group_io/of_dqbus[5]
    OLOGIC_X1Y53         OSERDESE2                                    r  system_i/mig_7series_0/u_system_mig_7series_0_2_mig/u_memc_ui_top_axi/mem_intfc0/ddr_phy_top0/u_ddr_mc_phy_wrapper/u_ddr_mc_phy/ddr_phy_4lanes_0.u_ddr_phy_4lanes/ddr_byte_lane_A.ddr_byte_lane_A/ddr_byte_group_io/output_[2].oserdes_dq_.ddr.oserdes_dq_i/D2
  -------------------------------------------------------------------    -------------------

                         (clock oserdes_clkdiv_4 rise edge)
                                                      0.000     0.000 r  
    BUFGCTRL_X0Y17       BUFG                         0.000     0.000 r  system_i/clk_wiz_1/inst/clkout2_buf/O
                         net (fo=1, routed)           0.835     0.835    system_i/mig_7series_0/u_system_mig_7series_0_2_mig/u_ddr2_infrastructure/mmcm_clk
    PLLE2_ADV_X1Y1       PLLE2_ADV (Prop_plle2_adv_CLKIN1_CLKOUT1)
                                                      0.053     0.888 r  system_i/mig_7series_0/u_system_mig_7series_0_2_mig/u_ddr2_infrastructure/plle2_i/CLKOUT1
                         net (fo=7, routed)           0.218     1.106    system_i/mig_7series_0/u_system_mig_7series_0_2_mig/u_memc_ui_top_axi/mem_intfc0/ddr_phy_top0/u_ddr_mc_phy_wrapper/u_ddr_mc_phy/ddr_phy_4lanes_0.u_ddr_phy_4lanes/ddr_byte_lane_A.ddr_byte_lane_A/mem_refclk
    PHASER_OUT_PHY_X1Y4  PHASER_OUT_PHY (Prop_phaser_out_phy_MEMREFCLK_OCLK)
                                                      2.254     3.359 r  system_i/mig_7series_0/u_system_mig_7series_0_2_mig/u_memc_ui_top_axi/mem_intfc0/ddr_phy_top0/u_ddr_mc_phy_wrapper/u_ddr_mc_phy/ddr_phy_4lanes_0.u_ddr_phy_4lanes/ddr_byte_lane_A.ddr_byte_lane_A/phaser_out/OCLK
    PHASER_OUT_PHY_X1Y4  PHASER_OUT_PHY (Prop_phaser_out_phy_OCLK_OCLKDIV)
                                                      0.088     3.447 r  system_i/mig_7series_0/u_system_mig_7series_0_2_mig/u_memc_ui_top_axi/mem_intfc0/ddr_phy_top0/u_ddr_mc_phy_wrapper/u_ddr_mc_phy/ddr_phy_4lanes_0.u_ddr_phy_4lanes/ddr_byte_lane_A.ddr_byte_lane_A/phaser_out/OCLKDIV
                         net (fo=11, routed)          0.179     3.626    system_i/mig_7series_0/u_system_mig_7series_0_2_mig/u_memc_ui_top_axi/mem_intfc0/ddr_phy_top0/u_ddr_mc_phy_wrapper/u_ddr_mc_phy/ddr_phy_4lanes_0.u_ddr_phy_4lanes/ddr_byte_lane_A.ddr_byte_lane_A/ddr_byte_group_io/oserdes_clkdiv
    OLOGIC_X1Y53         OSERDESE2                                    r  system_i/mig_7series_0/u_system_mig_7series_0_2_mig/u_memc_ui_top_axi/mem_intfc0/ddr_phy_top0/u_ddr_mc_phy_wrapper/u_ddr_mc_phy/ddr_phy_4lanes_0.u_ddr_phy_4lanes/ddr_byte_lane_A.ddr_byte_lane_A/ddr_byte_group_io/output_[2].oserdes_dq_.ddr.oserdes_dq_i/CLKDIV
                         clock pessimism             -0.348     3.278    
    OLOGIC_X1Y53         OSERDESE2 (Hold_oserdese2_CLKDIV_D2)
                                                      0.019     3.297    system_i/mig_7series_0/u_system_mig_7series_0_2_mig/u_memc_ui_top_axi/mem_intfc0/ddr_phy_top0/u_ddr_mc_phy_wrapper/u_ddr_mc_phy/ddr_phy_4lanes_0.u_ddr_phy_4lanes/ddr_byte_lane_A.ddr_byte_lane_A/ddr_byte_group_io/output_[2].oserdes_dq_.ddr.oserdes_dq_i
  -------------------------------------------------------------------
                         required time                         -3.297    
                         arrival time                           3.388    
  -------------------------------------------------------------------
                         slack                                  0.090    





Pulse Width Checks
--------------------------------------------------------------------------------------
Clock Name:         oserdes_clkdiv_4
Waveform(ns):       { 0.000 3.200 }
Period(ns):         6.400
Sources:            { system_i/mig_7series_0/u_system_mig_7series_0_2_mig/u_memc_ui_top_axi/mem_intfc0/ddr_phy_top0/u_ddr_mc_phy_wrapper/u_ddr_mc_phy/ddr_phy_4lanes_0.u_ddr_phy_4lanes/ddr_byte_lane_A.ddr_byte_lane_A/phaser_out/OCLKDIV }

Check Type        Corner  Lib Pin         Reference Pin  Required(ns)  Actual(ns)  Slack(ns)  Location       Pin
Min Period        n/a     OUT_FIFO/RDCLK  n/a            5.000         6.400       1.400      OUT_FIFO_X1Y4  system_i/mig_7series_0/u_system_mig_7series_0_2_mig/u_memc_ui_top_axi/mem_intfc0/ddr_phy_top0/u_ddr_mc_phy_wrapper/u_ddr_mc_phy/ddr_phy_4lanes_0.u_ddr_phy_4lanes/ddr_byte_lane_A.ddr_byte_lane_A/out_fifo/RDCLK
Low Pulse Width   Slow    OUT_FIFO/RDCLK  n/a            2.150         3.200       1.050      OUT_FIFO_X1Y4  system_i/mig_7series_0/u_system_mig_7series_0_2_mig/u_memc_ui_top_axi/mem_intfc0/ddr_phy_top0/u_ddr_mc_phy_wrapper/u_ddr_mc_phy/ddr_phy_4lanes_0.u_ddr_phy_4lanes/ddr_byte_lane_A.ddr_byte_lane_A/out_fifo/RDCLK
High Pulse Width  Slow    OUT_FIFO/RDCLK  n/a            2.150         3.200       1.050      OUT_FIFO_X1Y4  system_i/mig_7series_0/u_system_mig_7series_0_2_mig/u_memc_ui_top_axi/mem_intfc0/ddr_phy_top0/u_ddr_mc_phy_wrapper/u_ddr_mc_phy/ddr_phy_4lanes_0.u_ddr_phy_4lanes/ddr_byte_lane_A.ddr_byte_lane_A/out_fifo/RDCLK



---------------------------------------------------------------------------------------------------
From Clock:  oserdes_clk_5
  To Clock:  oserdes_clk_5

Setup :           NA  Failing Endpoints,  Worst Slack           NA  ,  Total Violation           NA
Hold  :           NA  Failing Endpoints,  Worst Slack           NA  ,  Total Violation           NA
PW    :            0  Failing Endpoints,  Worst Slack        1.533ns,  Total Violation        0.000ns
---------------------------------------------------------------------------------------------------


Pulse Width Checks
--------------------------------------------------------------------------------------
Clock Name:         oserdes_clk_5
Waveform(ns):       { 0.000 1.600 }
Period(ns):         3.200
Sources:            { system_i/mig_7series_0/u_system_mig_7series_0_2_mig/u_memc_ui_top_axi/mem_intfc0/ddr_phy_top0/u_ddr_mc_phy_wrapper/u_ddr_mc_phy/ddr_phy_4lanes_0.u_ddr_phy_4lanes/ddr_byte_lane_B.ddr_byte_lane_B/phaser_out/OCLK }

Check Type  Corner  Lib Pin        Reference Pin  Required(ns)  Actual(ns)  Slack(ns)  Location      Pin
Min Period  n/a     OSERDESE2/CLK  n/a            1.667         3.200       1.533      OLOGIC_X1Y63  system_i/mig_7series_0/u_system_mig_7series_0_2_mig/u_memc_ui_top_axi/mem_intfc0/ddr_phy_top0/u_ddr_mc_phy_wrapper/u_ddr_mc_phy/ddr_phy_4lanes_0.u_ddr_phy_4lanes/ddr_byte_lane_B.ddr_byte_lane_B/ddr_byte_group_io/output_[0].oserdes_dq_.sdr.oserdes_dq_i/CLK



---------------------------------------------------------------------------------------------------
From Clock:  oserdes_clkdiv_5
  To Clock:  oserdes_clkdiv_5

Setup :            0  Failing Endpoints,  Worst Slack       11.371ns,  Total Violation        0.000ns
Hold  :            0  Failing Endpoints,  Worst Slack        0.094ns,  Total Violation        0.000ns
PW    :            0  Failing Endpoints,  Worst Slack        4.250ns,  Total Violation        0.000ns
---------------------------------------------------------------------------------------------------


Max Delay Paths
--------------------------------------------------------------------------------------
Slack (MET) :             11.371ns  (required time - arrival time)
  Source:                 system_i/mig_7series_0/u_system_mig_7series_0_2_mig/u_memc_ui_top_axi/mem_intfc0/ddr_phy_top0/u_ddr_mc_phy_wrapper/u_ddr_mc_phy/ddr_phy_4lanes_0.u_ddr_phy_4lanes/ddr_byte_lane_B.ddr_byte_lane_B/out_fifo/RDCLK
                            (rising edge-triggered cell OUT_FIFO clocked by oserdes_clkdiv_5  {rise@0.000ns fall@6.400ns period=12.800ns})
  Destination:            system_i/mig_7series_0/u_system_mig_7series_0_2_mig/u_memc_ui_top_axi/mem_intfc0/ddr_phy_top0/u_ddr_mc_phy_wrapper/u_ddr_mc_phy/ddr_phy_4lanes_0.u_ddr_phy_4lanes/ddr_byte_lane_B.ddr_byte_lane_B/ddr_byte_group_io/output_[10].oserdes_dq_.sdr.oserdes_dq_i/D1
                            (rising edge-triggered cell OSERDESE2 clocked by oserdes_clkdiv_5  {rise@0.000ns fall@6.400ns period=12.800ns})
  Path Group:             oserdes_clkdiv_5
  Path Type:              Setup (Max at Slow Process Corner)
  Requirement:            12.800ns  (oserdes_clkdiv_5 rise@12.800ns - oserdes_clkdiv_5 rise@0.000ns)
  Data Path Delay:        1.142ns  (logic 0.674ns (59.004%)  route 0.468ns (40.997%))
  Logic Levels:           0  
  Clock Path Skew:        0.396ns (DCD - SCD + CPR)
    Destination Clock Delay (DCD):    5.232ns = ( 18.032 - 12.800 ) 
    Source Clock Delay      (SCD):    5.068ns
    Clock Pessimism Removal (CPR):    0.232ns
  Clock Uncertainty:      0.058ns  ((TSJ^2 + DJ^2)^1/2) / 2 + PE
    Total System Jitter     (TSJ):    0.071ns
    Discrete Jitter          (DJ):    0.092ns
    Phase Error              (PE):    0.000ns

    Location             Delay type                Incr(ns)  Path(ns)    Netlist Resource(s)
  -------------------------------------------------------------------    -------------------
                         (clock oserdes_clkdiv_5 rise edge)
                                                      0.000     0.000 r  
    BUFGCTRL_X0Y17       BUFG                         0.000     0.000 r  system_i/clk_wiz_1/inst/clkout2_buf/O
                         net (fo=1, routed)           1.666     1.666    system_i/mig_7series_0/u_system_mig_7series_0_2_mig/u_ddr2_infrastructure/mmcm_clk
    PLLE2_ADV_X1Y1       PLLE2_ADV (Prop_plle2_adv_CLKIN1_CLKOUT1)
                                                      0.088     1.754 r  system_i/mig_7series_0/u_system_mig_7series_0_2_mig/u_ddr2_infrastructure/plle2_i/CLKOUT1
                         net (fo=7, routed)           0.603     2.357    system_i/mig_7series_0/u_system_mig_7series_0_2_mig/u_memc_ui_top_axi/mem_intfc0/ddr_phy_top0/u_ddr_mc_phy_wrapper/u_ddr_mc_phy/ddr_phy_4lanes_0.u_ddr_phy_4lanes/ddr_byte_lane_B.ddr_byte_lane_B/mem_refclk
    PHASER_OUT_PHY_X1Y5  PHASER_OUT_PHY (Prop_phaser_out_phy_MEMREFCLK_OCLK)
                                                      2.553     4.911 r  system_i/mig_7series_0/u_system_mig_7series_0_2_mig/u_memc_ui_top_axi/mem_intfc0/ddr_phy_top0/u_ddr_mc_phy_wrapper/u_ddr_mc_phy/ddr_phy_4lanes_0.u_ddr_phy_4lanes/ddr_byte_lane_B.ddr_byte_lane_B/phaser_out/OCLK
    PHASER_OUT_PHY_X1Y5  PHASER_OUT_PHY (Prop_phaser_out_phy_OCLK_OCLKDIV)
                                                      0.157     5.068 r  system_i/mig_7series_0/u_system_mig_7series_0_2_mig/u_memc_ui_top_axi/mem_intfc0/ddr_phy_top0/u_ddr_mc_phy_wrapper/u_ddr_mc_phy/ddr_phy_4lanes_0.u_ddr_phy_4lanes/ddr_byte_lane_B.ddr_byte_lane_B/phaser_out/OCLKDIV
                         net (fo=13, routed)          0.000     5.068    system_i/mig_7series_0/u_system_mig_7series_0_2_mig/u_memc_ui_top_axi/mem_intfc0/ddr_phy_top0/u_ddr_mc_phy_wrapper/u_ddr_mc_phy/ddr_phy_4lanes_0.u_ddr_phy_4lanes/ddr_byte_lane_B.ddr_byte_lane_B/oserdes_clkdiv
    OUT_FIFO_X1Y5        OUT_FIFO                                     r  system_i/mig_7series_0/u_system_mig_7series_0_2_mig/u_memc_ui_top_axi/mem_intfc0/ddr_phy_top0/u_ddr_mc_phy_wrapper/u_ddr_mc_phy/ddr_phy_4lanes_0.u_ddr_phy_4lanes/ddr_byte_lane_B.ddr_byte_lane_B/out_fifo/RDCLK
  -------------------------------------------------------------------    -------------------
    OUT_FIFO_X1Y5        OUT_FIFO (Prop_out_fifo_RDCLK_Q5[4])
                                                      0.674     5.742 r  system_i/mig_7series_0/u_system_mig_7series_0_2_mig/u_memc_ui_top_axi/mem_intfc0/ddr_phy_top0/u_ddr_mc_phy_wrapper/u_ddr_mc_phy/ddr_phy_4lanes_0.u_ddr_phy_4lanes/ddr_byte_lane_B.ddr_byte_lane_B/out_fifo/Q5[4]
                         net (fo=1, routed)           0.468     6.210    system_i/mig_7series_0/u_system_mig_7series_0_2_mig/u_memc_ui_top_axi/mem_intfc0/ddr_phy_top0/u_ddr_mc_phy_wrapper/u_ddr_mc_phy/ddr_phy_4lanes_0.u_ddr_phy_4lanes/ddr_byte_lane_B.ddr_byte_lane_B/ddr_byte_group_io/oserdes_dq[40]
    OLOGIC_X1Y69         OSERDESE2                                    r  system_i/mig_7series_0/u_system_mig_7series_0_2_mig/u_memc_ui_top_axi/mem_intfc0/ddr_phy_top0/u_ddr_mc_phy_wrapper/u_ddr_mc_phy/ddr_phy_4lanes_0.u_ddr_phy_4lanes/ddr_byte_lane_B.ddr_byte_lane_B/ddr_byte_group_io/output_[10].oserdes_dq_.sdr.oserdes_dq_i/D1
  -------------------------------------------------------------------    -------------------

                         (clock oserdes_clkdiv_5 rise edge)
                                                     12.800    12.800 r  
    BUFGCTRL_X0Y17       BUFG                         0.000    12.800 r  system_i/clk_wiz_1/inst/clkout2_buf/O
                         net (fo=1, routed)           1.544    14.344    system_i/mig_7series_0/u_system_mig_7series_0_2_mig/u_ddr2_infrastructure/mmcm_clk
    PLLE2_ADV_X1Y1       PLLE2_ADV (Prop_plle2_adv_CLKIN1_CLKOUT1)
                                                      0.083    14.427 r  system_i/mig_7series_0/u_system_mig_7series_0_2_mig/u_ddr2_infrastructure/plle2_i/CLKOUT1
                         net (fo=7, routed)           0.572    14.999    system_i/mig_7series_0/u_system_mig_7series_0_2_mig/u_memc_ui_top_axi/mem_intfc0/ddr_phy_top0/u_ddr_mc_phy_wrapper/u_ddr_mc_phy/ddr_phy_4lanes_0.u_ddr_phy_4lanes/ddr_byte_lane_B.ddr_byte_lane_B/mem_refclk
    PHASER_OUT_PHY_X1Y5  PHASER_OUT_PHY (Prop_phaser_out_phy_MEMREFCLK_OCLK)
                                                      2.488    17.488 r  system_i/mig_7series_0/u_system_mig_7series_0_2_mig/u_memc_ui_top_axi/mem_intfc0/ddr_phy_top0/u_ddr_mc_phy_wrapper/u_ddr_mc_phy/ddr_phy_4lanes_0.u_ddr_phy_4lanes/ddr_byte_lane_B.ddr_byte_lane_B/phaser_out/OCLK
    PHASER_OUT_PHY_X1Y5  PHASER_OUT_PHY (Prop_phaser_out_phy_OCLK_OCLKDIV)
                                                      0.148    17.636 r  system_i/mig_7series_0/u_system_mig_7series_0_2_mig/u_memc_ui_top_axi/mem_intfc0/ddr_phy_top0/u_ddr_mc_phy_wrapper/u_ddr_mc_phy/ddr_phy_4lanes_0.u_ddr_phy_4lanes/ddr_byte_lane_B.ddr_byte_lane_B/phaser_out/OCLKDIV
                         net (fo=13, routed)          0.396    18.032    system_i/mig_7series_0/u_system_mig_7series_0_2_mig/u_memc_ui_top_axi/mem_intfc0/ddr_phy_top0/u_ddr_mc_phy_wrapper/u_ddr_mc_phy/ddr_phy_4lanes_0.u_ddr_phy_4lanes/ddr_byte_lane_B.ddr_byte_lane_B/ddr_byte_group_io/oserdes_clkdiv
    OLOGIC_X1Y69         OSERDESE2                                    r  system_i/mig_7series_0/u_system_mig_7series_0_2_mig/u_memc_ui_top_axi/mem_intfc0/ddr_phy_top0/u_ddr_mc_phy_wrapper/u_ddr_mc_phy/ddr_phy_4lanes_0.u_ddr_phy_4lanes/ddr_byte_lane_B.ddr_byte_lane_B/ddr_byte_group_io/output_[10].oserdes_dq_.sdr.oserdes_dq_i/CLKDIV
                         clock pessimism              0.232    18.264    
                         clock uncertainty           -0.058    18.206    
    OLOGIC_X1Y69         OSERDESE2 (Setup_oserdese2_CLKDIV_D1)
                                                     -0.625    17.581    system_i/mig_7series_0/u_system_mig_7series_0_2_mig/u_memc_ui_top_axi/mem_intfc0/ddr_phy_top0/u_ddr_mc_phy_wrapper/u_ddr_mc_phy/ddr_phy_4lanes_0.u_ddr_phy_4lanes/ddr_byte_lane_B.ddr_byte_lane_B/ddr_byte_group_io/output_[10].oserdes_dq_.sdr.oserdes_dq_i
  -------------------------------------------------------------------
                         required time                         17.581    
                         arrival time                          -6.210    
  -------------------------------------------------------------------
                         slack                                 11.371    





Min Delay Paths
--------------------------------------------------------------------------------------
Slack (MET) :             0.094ns  (arrival time - required time)
  Source:                 system_i/mig_7series_0/u_system_mig_7series_0_2_mig/u_memc_ui_top_axi/mem_intfc0/ddr_phy_top0/u_ddr_mc_phy_wrapper/u_ddr_mc_phy/ddr_phy_4lanes_0.u_ddr_phy_4lanes/ddr_byte_lane_B.ddr_byte_lane_B/out_fifo/RDCLK
                            (rising edge-triggered cell OUT_FIFO clocked by oserdes_clkdiv_5  {rise@0.000ns fall@6.400ns period=12.800ns})
  Destination:            system_i/mig_7series_0/u_system_mig_7series_0_2_mig/u_memc_ui_top_axi/mem_intfc0/ddr_phy_top0/u_ddr_mc_phy_wrapper/u_ddr_mc_phy/ddr_phy_4lanes_0.u_ddr_phy_4lanes/ddr_byte_lane_B.ddr_byte_lane_B/ddr_byte_group_io/output_[2].oserdes_dq_.sdr.oserdes_dq_i/D2
                            (rising edge-triggered cell OSERDESE2 clocked by oserdes_clkdiv_5  {rise@0.000ns fall@6.400ns period=12.800ns})
  Path Group:             oserdes_clkdiv_5
  Path Type:              Hold (Min at Fast Process Corner)
  Requirement:            0.000ns  (oserdes_clkdiv_5 rise@0.000ns - oserdes_clkdiv_5 rise@0.000ns)
  Data Path Delay:        0.288ns  (logic 0.138ns (47.866%)  route 0.150ns (52.134%))
  Logic Levels:           0  
  Clock Path Skew:        0.175ns (DCD - SCD - CPR)
    Destination Clock Delay (DCD):    3.613ns
    Source Clock Delay      (SCD):    3.092ns
    Clock Pessimism Removal (CPR):    0.346ns

    Location             Delay type                Incr(ns)  Path(ns)    Netlist Resource(s)
  -------------------------------------------------------------------    -------------------
                         (clock oserdes_clkdiv_5 rise edge)
                                                      0.000     0.000 r  
    BUFGCTRL_X0Y17       BUFG                         0.000     0.000 r  system_i/clk_wiz_1/inst/clkout2_buf/O
                         net (fo=1, routed)           0.566     0.566    system_i/mig_7series_0/u_system_mig_7series_0_2_mig/u_ddr2_infrastructure/mmcm_clk
    PLLE2_ADV_X1Y1       PLLE2_ADV (Prop_plle2_adv_CLKIN1_CLKOUT1)
                                                      0.050     0.616 r  system_i/mig_7series_0/u_system_mig_7series_0_2_mig/u_ddr2_infrastructure/plle2_i/CLKOUT1
                         net (fo=7, routed)           0.190     0.806    system_i/mig_7series_0/u_system_mig_7series_0_2_mig/u_memc_ui_top_axi/mem_intfc0/ddr_phy_top0/u_ddr_mc_phy_wrapper/u_ddr_mc_phy/ddr_phy_4lanes_0.u_ddr_phy_4lanes/ddr_byte_lane_B.ddr_byte_lane_B/mem_refclk
    PHASER_OUT_PHY_X1Y5  PHASER_OUT_PHY (Prop_phaser_out_phy_MEMREFCLK_OCLK)
                                                      2.204     3.009 r  system_i/mig_7series_0/u_system_mig_7series_0_2_mig/u_memc_ui_top_axi/mem_intfc0/ddr_phy_top0/u_ddr_mc_phy_wrapper/u_ddr_mc_phy/ddr_phy_4lanes_0.u_ddr_phy_4lanes/ddr_byte_lane_B.ddr_byte_lane_B/phaser_out/OCLK
    PHASER_OUT_PHY_X1Y5  PHASER_OUT_PHY (Prop_phaser_out_phy_OCLK_OCLKDIV)
                                                      0.083     3.092 r  system_i/mig_7series_0/u_system_mig_7series_0_2_mig/u_memc_ui_top_axi/mem_intfc0/ddr_phy_top0/u_ddr_mc_phy_wrapper/u_ddr_mc_phy/ddr_phy_4lanes_0.u_ddr_phy_4lanes/ddr_byte_lane_B.ddr_byte_lane_B/phaser_out/OCLKDIV
                         net (fo=13, routed)          0.000     3.092    system_i/mig_7series_0/u_system_mig_7series_0_2_mig/u_memc_ui_top_axi/mem_intfc0/ddr_phy_top0/u_ddr_mc_phy_wrapper/u_ddr_mc_phy/ddr_phy_4lanes_0.u_ddr_phy_4lanes/ddr_byte_lane_B.ddr_byte_lane_B/oserdes_clkdiv
    OUT_FIFO_X1Y5        OUT_FIFO                                     r  system_i/mig_7series_0/u_system_mig_7series_0_2_mig/u_memc_ui_top_axi/mem_intfc0/ddr_phy_top0/u_ddr_mc_phy_wrapper/u_ddr_mc_phy/ddr_phy_4lanes_0.u_ddr_phy_4lanes/ddr_byte_lane_B.ddr_byte_lane_B/out_fifo/RDCLK
  -------------------------------------------------------------------    -------------------
    OUT_FIFO_X1Y5        OUT_FIFO (Prop_out_fifo_RDCLK_Q2[1])
                                                      0.138     3.230 r  system_i/mig_7series_0/u_system_mig_7series_0_2_mig/u_memc_ui_top_axi/mem_intfc0/ddr_phy_top0/u_ddr_mc_phy_wrapper/u_ddr_mc_phy/ddr_phy_4lanes_0.u_ddr_phy_4lanes/ddr_byte_lane_B.ddr_byte_lane_B/out_fifo/Q2[1]
                         net (fo=1, routed)           0.150     3.381    system_i/mig_7series_0/u_system_mig_7series_0_2_mig/u_memc_ui_top_axi/mem_intfc0/ddr_phy_top0/u_ddr_mc_phy_wrapper/u_ddr_mc_phy/ddr_phy_4lanes_0.u_ddr_phy_4lanes/ddr_byte_lane_B.ddr_byte_lane_B/ddr_byte_group_io/oserdes_dq[9]
    OLOGIC_X1Y65         OSERDESE2                                    r  system_i/mig_7series_0/u_system_mig_7series_0_2_mig/u_memc_ui_top_axi/mem_intfc0/ddr_phy_top0/u_ddr_mc_phy_wrapper/u_ddr_mc_phy/ddr_phy_4lanes_0.u_ddr_phy_4lanes/ddr_byte_lane_B.ddr_byte_lane_B/ddr_byte_group_io/output_[2].oserdes_dq_.sdr.oserdes_dq_i/D2
  -------------------------------------------------------------------    -------------------

                         (clock oserdes_clkdiv_5 rise edge)
                                                      0.000     0.000 r  
    BUFGCTRL_X0Y17       BUFG                         0.000     0.000 r  system_i/clk_wiz_1/inst/clkout2_buf/O
                         net (fo=1, routed)           0.835     0.835    system_i/mig_7series_0/u_system_mig_7series_0_2_mig/u_ddr2_infrastructure/mmcm_clk
    PLLE2_ADV_X1Y1       PLLE2_ADV (Prop_plle2_adv_CLKIN1_CLKOUT1)
                                                      0.053     0.888 r  system_i/mig_7series_0/u_system_mig_7series_0_2_mig/u_ddr2_infrastructure/plle2_i/CLKOUT1
                         net (fo=7, routed)           0.209     1.097    system_i/mig_7series_0/u_system_mig_7series_0_2_mig/u_memc_ui_top_axi/mem_intfc0/ddr_phy_top0/u_ddr_mc_phy_wrapper/u_ddr_mc_phy/ddr_phy_4lanes_0.u_ddr_phy_4lanes/ddr_byte_lane_B.ddr_byte_lane_B/mem_refclk
    PHASER_OUT_PHY_X1Y5  PHASER_OUT_PHY (Prop_phaser_out_phy_MEMREFCLK_OCLK)
                                                      2.254     3.350 r  system_i/mig_7series_0/u_system_mig_7series_0_2_mig/u_memc_ui_top_axi/mem_intfc0/ddr_phy_top0/u_ddr_mc_phy_wrapper/u_ddr_mc_phy/ddr_phy_4lanes_0.u_ddr_phy_4lanes/ddr_byte_lane_B.ddr_byte_lane_B/phaser_out/OCLK
    PHASER_OUT_PHY_X1Y5  PHASER_OUT_PHY (Prop_phaser_out_phy_OCLK_OCLKDIV)
                                                      0.088     3.438 r  system_i/mig_7series_0/u_system_mig_7series_0_2_mig/u_memc_ui_top_axi/mem_intfc0/ddr_phy_top0/u_ddr_mc_phy_wrapper/u_ddr_mc_phy/ddr_phy_4lanes_0.u_ddr_phy_4lanes/ddr_byte_lane_B.ddr_byte_lane_B/phaser_out/OCLKDIV
                         net (fo=13, routed)          0.175     3.613    system_i/mig_7series_0/u_system_mig_7series_0_2_mig/u_memc_ui_top_axi/mem_intfc0/ddr_phy_top0/u_ddr_mc_phy_wrapper/u_ddr_mc_phy/ddr_phy_4lanes_0.u_ddr_phy_4lanes/ddr_byte_lane_B.ddr_byte_lane_B/ddr_byte_group_io/oserdes_clkdiv
    OLOGIC_X1Y65         OSERDESE2                                    r  system_i/mig_7series_0/u_system_mig_7series_0_2_mig/u_memc_ui_top_axi/mem_intfc0/ddr_phy_top0/u_ddr_mc_phy_wrapper/u_ddr_mc_phy/ddr_phy_4lanes_0.u_ddr_phy_4lanes/ddr_byte_lane_B.ddr_byte_lane_B/ddr_byte_group_io/output_[2].oserdes_dq_.sdr.oserdes_dq_i/CLKDIV
                         clock pessimism             -0.346     3.267    
    OLOGIC_X1Y65         OSERDESE2 (Hold_oserdese2_CLKDIV_D2)
                                                      0.019     3.286    system_i/mig_7series_0/u_system_mig_7series_0_2_mig/u_memc_ui_top_axi/mem_intfc0/ddr_phy_top0/u_ddr_mc_phy_wrapper/u_ddr_mc_phy/ddr_phy_4lanes_0.u_ddr_phy_4lanes/ddr_byte_lane_B.ddr_byte_lane_B/ddr_byte_group_io/output_[2].oserdes_dq_.sdr.oserdes_dq_i
  -------------------------------------------------------------------
                         required time                         -3.286    
                         arrival time                           3.381    
  -------------------------------------------------------------------
                         slack                                  0.094    





Pulse Width Checks
--------------------------------------------------------------------------------------
Clock Name:         oserdes_clkdiv_5
Waveform(ns):       { 0.000 6.400 }
Period(ns):         12.800
Sources:            { system_i/mig_7series_0/u_system_mig_7series_0_2_mig/u_memc_ui_top_axi/mem_intfc0/ddr_phy_top0/u_ddr_mc_phy_wrapper/u_ddr_mc_phy/ddr_phy_4lanes_0.u_ddr_phy_4lanes/ddr_byte_lane_B.ddr_byte_lane_B/phaser_out/OCLKDIV }

Check Type        Corner  Lib Pin         Reference Pin  Required(ns)  Actual(ns)  Slack(ns)  Location       Pin
Min Period        n/a     OUT_FIFO/RDCLK  n/a            5.000         12.800      7.800      OUT_FIFO_X1Y5  system_i/mig_7series_0/u_system_mig_7series_0_2_mig/u_memc_ui_top_axi/mem_intfc0/ddr_phy_top0/u_ddr_mc_phy_wrapper/u_ddr_mc_phy/ddr_phy_4lanes_0.u_ddr_phy_4lanes/ddr_byte_lane_B.ddr_byte_lane_B/out_fifo/RDCLK
Low Pulse Width   Slow    OUT_FIFO/RDCLK  n/a            2.150         6.400       4.250      OUT_FIFO_X1Y5  system_i/mig_7series_0/u_system_mig_7series_0_2_mig/u_memc_ui_top_axi/mem_intfc0/ddr_phy_top0/u_ddr_mc_phy_wrapper/u_ddr_mc_phy/ddr_phy_4lanes_0.u_ddr_phy_4lanes/ddr_byte_lane_B.ddr_byte_lane_B/out_fifo/RDCLK
High Pulse Width  Slow    OUT_FIFO/RDCLK  n/a            2.150         6.400       4.250      OUT_FIFO_X1Y5  system_i/mig_7series_0/u_system_mig_7series_0_2_mig/u_memc_ui_top_axi/mem_intfc0/ddr_phy_top0/u_ddr_mc_phy_wrapper/u_ddr_mc_phy/ddr_phy_4lanes_0.u_ddr_phy_4lanes/ddr_byte_lane_B.ddr_byte_lane_B/out_fifo/RDCLK



---------------------------------------------------------------------------------------------------
From Clock:  oserdes_clk_6
  To Clock:  oserdes_clk_6

Setup :            0  Failing Endpoints,  Worst Slack        1.620ns,  Total Violation        0.000ns
Hold  :            0  Failing Endpoints,  Worst Slack        0.413ns,  Total Violation        0.000ns
PW    :            0  Failing Endpoints,  Worst Slack        1.533ns,  Total Violation        0.000ns
---------------------------------------------------------------------------------------------------


Max Delay Paths
--------------------------------------------------------------------------------------
Slack (MET) :             1.620ns  (required time - arrival time)
  Source:                 system_i/mig_7series_0/u_system_mig_7series_0_2_mig/u_memc_ui_top_axi/mem_intfc0/ddr_phy_top0/u_ddr_mc_phy_wrapper/u_ddr_mc_phy/ddr_phy_4lanes_0.u_ddr_phy_4lanes/ddr_byte_lane_C.ddr_byte_lane_C/phaser_out/OCLKDELAYED
                            (rising edge-triggered cell PHASER_OUT_PHY clocked by oserdes_clk_6  {rise@0.000ns fall@1.600ns period=3.200ns})
  Destination:            system_i/mig_7series_0/u_system_mig_7series_0_2_mig/u_memc_ui_top_axi/mem_intfc0/ddr_phy_top0/u_ddr_mc_phy_wrapper/u_ddr_mc_phy/ddr_phy_4lanes_0.u_ddr_phy_4lanes/ddr_byte_lane_C.ddr_byte_lane_C/ddr_byte_group_io/dqs_gen.oddr_dqsts/D1
                            (rising edge-triggered cell ODDR clocked by oserdes_clk_6  {rise@0.000ns fall@1.600ns period=3.200ns})
  Path Group:             oserdes_clk_6
  Path Type:              Setup (Max at Slow Process Corner)
  Requirement:            3.200ns  (oserdes_clk_6 rise@3.200ns - oserdes_clk_6 rise@0.000ns)
  Data Path Delay:        1.037ns  (logic 0.562ns (54.177%)  route 0.475ns (45.823%))
  Logic Levels:           0  
  Clock Path Skew:        0.400ns (DCD - SCD + CPR)
    Destination Clock Delay (DCD):    5.876ns = ( 9.076 - 3.200 ) 
    Source Clock Delay      (SCD):    5.748ns
    Clock Pessimism Removal (CPR):    0.272ns
  Clock Uncertainty:      0.058ns  ((TSJ^2 + DJ^2)^1/2) / 2 + PE
    Total System Jitter     (TSJ):    0.071ns
    Discrete Jitter          (DJ):    0.092ns
    Phase Error              (PE):    0.000ns

    Location             Delay type                Incr(ns)  Path(ns)    Netlist Resource(s)
  -------------------------------------------------------------------    -------------------
                         (clock oserdes_clk_6 rise edge)
                                                      0.000     0.000 r  
    BUFGCTRL_X0Y17       BUFG                         0.000     0.000 r  system_i/clk_wiz_1/inst/clkout2_buf/O
                         net (fo=1, routed)           1.666     1.666    system_i/mig_7series_0/u_system_mig_7series_0_2_mig/u_ddr2_infrastructure/mmcm_clk
    PLLE2_ADV_X1Y1       PLLE2_ADV (Prop_plle2_adv_CLKIN1_CLKOUT1)
                                                      0.088     1.754 r  system_i/mig_7series_0/u_system_mig_7series_0_2_mig/u_ddr2_infrastructure/plle2_i/CLKOUT1
                         net (fo=7, routed)           0.614     2.368    system_i/mig_7series_0/u_system_mig_7series_0_2_mig/u_memc_ui_top_axi/mem_intfc0/ddr_phy_top0/u_ddr_mc_phy_wrapper/u_ddr_mc_phy/ddr_phy_4lanes_0.u_ddr_phy_4lanes/ddr_byte_lane_C.ddr_byte_lane_C/mem_refclk
    PHASER_OUT_PHY_X1Y6  PHASER_OUT_PHY (Prop_phaser_out_phy_MEMREFCLK_OCLK)
                                                      2.553     4.922 r  system_i/mig_7series_0/u_system_mig_7series_0_2_mig/u_memc_ui_top_axi/mem_intfc0/ddr_phy_top0/u_ddr_mc_phy_wrapper/u_ddr_mc_phy/ddr_phy_4lanes_0.u_ddr_phy_4lanes/ddr_byte_lane_C.ddr_byte_lane_C/phaser_out/OCLK
    PHASER_OUT_PHY_X1Y6  PHASER_OUT_PHY (Prop_phaser_out_phy_OCLK_OCLKDELAYED)
                                                      0.826     5.748 r  system_i/mig_7series_0/u_system_mig_7series_0_2_mig/u_memc_ui_top_axi/mem_intfc0/ddr_phy_top0/u_ddr_mc_phy_wrapper/u_ddr_mc_phy/ddr_phy_4lanes_0.u_ddr_phy_4lanes/ddr_byte_lane_C.ddr_byte_lane_C/phaser_out/OCLKDELAYED
  -------------------------------------------------------------------    -------------------
    PHASER_OUT_PHY_X1Y6  PHASER_OUT_PHY (Prop_phaser_out_phy_OCLKDELAYED_CTSBUS[0])
                                                      0.562     6.310 r  system_i/mig_7series_0/u_system_mig_7series_0_2_mig/u_memc_ui_top_axi/mem_intfc0/ddr_phy_top0/u_ddr_mc_phy_wrapper/u_ddr_mc_phy/ddr_phy_4lanes_0.u_ddr_phy_4lanes/ddr_byte_lane_C.ddr_byte_lane_C/phaser_out/CTSBUS[0]
                         net (fo=2, routed)           0.475     6.785    system_i/mig_7series_0/u_system_mig_7series_0_2_mig/u_memc_ui_top_axi/mem_intfc0/ddr_phy_top0/u_ddr_mc_phy_wrapper/u_ddr_mc_phy/ddr_phy_4lanes_0.u_ddr_phy_4lanes/ddr_byte_lane_C.ddr_byte_lane_C/ddr_byte_group_io/CTSBUS[0]
    OLOGIC_X1Y82         ODDR                                         r  system_i/mig_7series_0/u_system_mig_7series_0_2_mig/u_memc_ui_top_axi/mem_intfc0/ddr_phy_top0/u_ddr_mc_phy_wrapper/u_ddr_mc_phy/ddr_phy_4lanes_0.u_ddr_phy_4lanes/ddr_byte_lane_C.ddr_byte_lane_C/ddr_byte_group_io/dqs_gen.oddr_dqsts/D1
  -------------------------------------------------------------------    -------------------

                         (clock oserdes_clk_6 rise edge)
                                                      3.200     3.200 r  
    BUFGCTRL_X0Y17       BUFG                         0.000     3.200 r  system_i/clk_wiz_1/inst/clkout2_buf/O
                         net (fo=1, routed)           1.544     4.744    system_i/mig_7series_0/u_system_mig_7series_0_2_mig/u_ddr2_infrastructure/mmcm_clk
    PLLE2_ADV_X1Y1       PLLE2_ADV (Prop_plle2_adv_CLKIN1_CLKOUT1)
                                                      0.083     4.827 r  system_i/mig_7series_0/u_system_mig_7series_0_2_mig/u_ddr2_infrastructure/plle2_i/CLKOUT1
                         net (fo=7, routed)           0.582     5.409    system_i/mig_7series_0/u_system_mig_7series_0_2_mig/u_memc_ui_top_axi/mem_intfc0/ddr_phy_top0/u_ddr_mc_phy_wrapper/u_ddr_mc_phy/ddr_phy_4lanes_0.u_ddr_phy_4lanes/ddr_byte_lane_C.ddr_byte_lane_C/mem_refclk
    PHASER_OUT_PHY_X1Y6  PHASER_OUT_PHY (Prop_phaser_out_phy_MEMREFCLK_OCLK)
                                                      2.488     7.898 r  system_i/mig_7series_0/u_system_mig_7series_0_2_mig/u_memc_ui_top_axi/mem_intfc0/ddr_phy_top0/u_ddr_mc_phy_wrapper/u_ddr_mc_phy/ddr_phy_4lanes_0.u_ddr_phy_4lanes/ddr_byte_lane_C.ddr_byte_lane_C/phaser_out/OCLK
    PHASER_OUT_PHY_X1Y6  PHASER_OUT_PHY (Prop_phaser_out_phy_OCLK_OCLKDELAYED)
                                                      0.778     8.676 r  system_i/mig_7series_0/u_system_mig_7series_0_2_mig/u_memc_ui_top_axi/mem_intfc0/ddr_phy_top0/u_ddr_mc_phy_wrapper/u_ddr_mc_phy/ddr_phy_4lanes_0.u_ddr_phy_4lanes/ddr_byte_lane_C.ddr_byte_lane_C/phaser_out/OCLKDELAYED
                         net (fo=2, routed)           0.400     9.076    system_i/mig_7series_0/u_system_mig_7series_0_2_mig/u_memc_ui_top_axi/mem_intfc0/ddr_phy_top0/u_ddr_mc_phy_wrapper/u_ddr_mc_phy/ddr_phy_4lanes_0.u_ddr_phy_4lanes/ddr_byte_lane_C.ddr_byte_lane_C/ddr_byte_group_io/oserdes_clk_delayed
    OLOGIC_X1Y82         ODDR                                         r  system_i/mig_7series_0/u_system_mig_7series_0_2_mig/u_memc_ui_top_axi/mem_intfc0/ddr_phy_top0/u_ddr_mc_phy_wrapper/u_ddr_mc_phy/ddr_phy_4lanes_0.u_ddr_phy_4lanes/ddr_byte_lane_C.ddr_byte_lane_C/ddr_byte_group_io/dqs_gen.oddr_dqsts/C
                         clock pessimism              0.272     9.348    
                         clock uncertainty           -0.058     9.290    
    OLOGIC_X1Y82         ODDR (Setup_oddr_C_D1)      -0.885     8.405    system_i/mig_7series_0/u_system_mig_7series_0_2_mig/u_memc_ui_top_axi/mem_intfc0/ddr_phy_top0/u_ddr_mc_phy_wrapper/u_ddr_mc_phy/ddr_phy_4lanes_0.u_ddr_phy_4lanes/ddr_byte_lane_C.ddr_byte_lane_C/ddr_byte_group_io/dqs_gen.oddr_dqsts
  -------------------------------------------------------------------
                         required time                          8.405    
                         arrival time                          -6.785    
  -------------------------------------------------------------------
                         slack                                  1.620    





Min Delay Paths
--------------------------------------------------------------------------------------
Slack (MET) :             0.413ns  (arrival time - required time)
  Source:                 system_i/mig_7series_0/u_system_mig_7series_0_2_mig/u_memc_ui_top_axi/mem_intfc0/ddr_phy_top0/u_ddr_mc_phy_wrapper/u_ddr_mc_phy/ddr_phy_4lanes_0.u_ddr_phy_4lanes/ddr_byte_lane_C.ddr_byte_lane_C/phaser_out/OCLKDELAYED
                            (rising edge-triggered cell PHASER_OUT_PHY clocked by oserdes_clk_6  {rise@0.000ns fall@1.600ns period=3.200ns})
  Destination:            system_i/mig_7series_0/u_system_mig_7series_0_2_mig/u_memc_ui_top_axi/mem_intfc0/ddr_phy_top0/u_ddr_mc_phy_wrapper/u_ddr_mc_phy/ddr_phy_4lanes_0.u_ddr_phy_4lanes/ddr_byte_lane_C.ddr_byte_lane_C/ddr_byte_group_io/dqs_gen.oddr_dqs/D2
                            (rising edge-triggered cell ODDR clocked by oserdes_clk_6  {rise@0.000ns fall@1.600ns period=3.200ns})
  Path Group:             oserdes_clk_6
  Path Type:              Hold (Min at Fast Process Corner)
  Requirement:            0.000ns  (oserdes_clk_6 rise@0.000ns - oserdes_clk_6 rise@0.000ns)
  Data Path Delay:        0.496ns  (logic 0.346ns (69.715%)  route 0.150ns (30.285%))
  Logic Levels:           0  
  Clock Path Skew:        0.176ns (DCD - SCD - CPR)
    Destination Clock Delay (DCD):    4.244ns
    Source Clock Delay      (SCD):    3.683ns
    Clock Pessimism Removal (CPR):    0.385ns

    Location             Delay type                Incr(ns)  Path(ns)    Netlist Resource(s)
  -------------------------------------------------------------------    -------------------
                         (clock oserdes_clk_6 rise edge)
                                                      0.000     0.000 r  
    BUFGCTRL_X0Y17       BUFG                         0.000     0.000 r  system_i/clk_wiz_1/inst/clkout2_buf/O
                         net (fo=1, routed)           0.566     0.566    system_i/mig_7series_0/u_system_mig_7series_0_2_mig/u_ddr2_infrastructure/mmcm_clk
    PLLE2_ADV_X1Y1       PLLE2_ADV (Prop_plle2_adv_CLKIN1_CLKOUT1)
                                                      0.050     0.616 r  system_i/mig_7series_0/u_system_mig_7series_0_2_mig/u_ddr2_infrastructure/plle2_i/CLKOUT1
                         net (fo=7, routed)           0.197     0.813    system_i/mig_7series_0/u_system_mig_7series_0_2_mig/u_memc_ui_top_axi/mem_intfc0/ddr_phy_top0/u_ddr_mc_phy_wrapper/u_ddr_mc_phy/ddr_phy_4lanes_0.u_ddr_phy_4lanes/ddr_byte_lane_C.ddr_byte_lane_C/mem_refclk
    PHASER_OUT_PHY_X1Y6  PHASER_OUT_PHY (Prop_phaser_out_phy_MEMREFCLK_OCLK)
                                                      2.204     3.016 r  system_i/mig_7series_0/u_system_mig_7series_0_2_mig/u_memc_ui_top_axi/mem_intfc0/ddr_phy_top0/u_ddr_mc_phy_wrapper/u_ddr_mc_phy/ddr_phy_4lanes_0.u_ddr_phy_4lanes/ddr_byte_lane_C.ddr_byte_lane_C/phaser_out/OCLK
    PHASER_OUT_PHY_X1Y6  PHASER_OUT_PHY (Prop_phaser_out_phy_OCLK_OCLKDELAYED)
                                                      0.667     3.683 r  system_i/mig_7series_0/u_system_mig_7series_0_2_mig/u_memc_ui_top_axi/mem_intfc0/ddr_phy_top0/u_ddr_mc_phy_wrapper/u_ddr_mc_phy/ddr_phy_4lanes_0.u_ddr_phy_4lanes/ddr_byte_lane_C.ddr_byte_lane_C/phaser_out/OCLKDELAYED
  -------------------------------------------------------------------    -------------------
    PHASER_OUT_PHY_X1Y6  PHASER_OUT_PHY (Prop_phaser_out_phy_OCLKDELAYED_DQSBUS[1])
                                                      0.346     4.029 r  system_i/mig_7series_0/u_system_mig_7series_0_2_mig/u_memc_ui_top_axi/mem_intfc0/ddr_phy_top0/u_ddr_mc_phy_wrapper/u_ddr_mc_phy/ddr_phy_4lanes_0.u_ddr_phy_4lanes/ddr_byte_lane_C.ddr_byte_lane_C/phaser_out/DQSBUS[1]
                         net (fo=1, routed)           0.150     4.180    system_i/mig_7series_0/u_system_mig_7series_0_2_mig/u_memc_ui_top_axi/mem_intfc0/ddr_phy_top0/u_ddr_mc_phy_wrapper/u_ddr_mc_phy/ddr_phy_4lanes_0.u_ddr_phy_4lanes/ddr_byte_lane_C.ddr_byte_lane_C/ddr_byte_group_io/DQSBUS[1]
    OLOGIC_X1Y82         ODDR                                         r  system_i/mig_7series_0/u_system_mig_7series_0_2_mig/u_memc_ui_top_axi/mem_intfc0/ddr_phy_top0/u_ddr_mc_phy_wrapper/u_ddr_mc_phy/ddr_phy_4lanes_0.u_ddr_phy_4lanes/ddr_byte_lane_C.ddr_byte_lane_C/ddr_byte_group_io/dqs_gen.oddr_dqs/D2
  -------------------------------------------------------------------    -------------------

                         (clock oserdes_clk_6 rise edge)
                                                      0.000     0.000 r  
    BUFGCTRL_X0Y17       BUFG                         0.000     0.000 r  system_i/clk_wiz_1/inst/clkout2_buf/O
                         net (fo=1, routed)           0.835     0.835    system_i/mig_7series_0/u_system_mig_7series_0_2_mig/u_ddr2_infrastructure/mmcm_clk
    PLLE2_ADV_X1Y1       PLLE2_ADV (Prop_plle2_adv_CLKIN1_CLKOUT1)
                                                      0.053     0.888 r  system_i/mig_7series_0/u_system_mig_7series_0_2_mig/u_ddr2_infrastructure/plle2_i/CLKOUT1
                         net (fo=7, routed)           0.218     1.106    system_i/mig_7series_0/u_system_mig_7series_0_2_mig/u_memc_ui_top_axi/mem_intfc0/ddr_phy_top0/u_ddr_mc_phy_wrapper/u_ddr_mc_phy/ddr_phy_4lanes_0.u_ddr_phy_4lanes/ddr_byte_lane_C.ddr_byte_lane_C/mem_refclk
    PHASER_OUT_PHY_X1Y6  PHASER_OUT_PHY (Prop_phaser_out_phy_MEMREFCLK_OCLK)
                                                      2.254     3.359 r  system_i/mig_7series_0/u_system_mig_7series_0_2_mig/u_memc_ui_top_axi/mem_intfc0/ddr_phy_top0/u_ddr_mc_phy_wrapper/u_ddr_mc_phy/ddr_phy_4lanes_0.u_ddr_phy_4lanes/ddr_byte_lane_C.ddr_byte_lane_C/phaser_out/OCLK
    PHASER_OUT_PHY_X1Y6  PHASER_OUT_PHY (Prop_phaser_out_phy_OCLK_OCLKDELAYED)
                                                      0.709     4.068 r  system_i/mig_7series_0/u_system_mig_7series_0_2_mig/u_memc_ui_top_axi/mem_intfc0/ddr_phy_top0/u_ddr_mc_phy_wrapper/u_ddr_mc_phy/ddr_phy_4lanes_0.u_ddr_phy_4lanes/ddr_byte_lane_C.ddr_byte_lane_C/phaser_out/OCLKDELAYED
                         net (fo=2, routed)           0.176     4.244    system_i/mig_7series_0/u_system_mig_7series_0_2_mig/u_memc_ui_top_axi/mem_intfc0/ddr_phy_top0/u_ddr_mc_phy_wrapper/u_ddr_mc_phy/ddr_phy_4lanes_0.u_ddr_phy_4lanes/ddr_byte_lane_C.ddr_byte_lane_C/ddr_byte_group_io/oserdes_clk_delayed
    OLOGIC_X1Y82         ODDR                                         r  system_i/mig_7series_0/u_system_mig_7series_0_2_mig/u_memc_ui_top_axi/mem_intfc0/ddr_phy_top0/u_ddr_mc_phy_wrapper/u_ddr_mc_phy/ddr_phy_4lanes_0.u_ddr_phy_4lanes/ddr_byte_lane_C.ddr_byte_lane_C/ddr_byte_group_io/dqs_gen.oddr_dqs/C
                         clock pessimism             -0.385     3.859    
    OLOGIC_X1Y82         ODDR (Hold_oddr_C_D2)       -0.093     3.766    system_i/mig_7series_0/u_system_mig_7series_0_2_mig/u_memc_ui_top_axi/mem_intfc0/ddr_phy_top0/u_ddr_mc_phy_wrapper/u_ddr_mc_phy/ddr_phy_4lanes_0.u_ddr_phy_4lanes/ddr_byte_lane_C.ddr_byte_lane_C/ddr_byte_group_io/dqs_gen.oddr_dqs
  -------------------------------------------------------------------
                         required time                         -3.766    
                         arrival time                           4.180    
  -------------------------------------------------------------------
                         slack                                  0.413    





Pulse Width Checks
--------------------------------------------------------------------------------------
Clock Name:         oserdes_clk_6
Waveform(ns):       { 0.000 1.600 }
Period(ns):         3.200
Sources:            { system_i/mig_7series_0/u_system_mig_7series_0_2_mig/u_memc_ui_top_axi/mem_intfc0/ddr_phy_top0/u_ddr_mc_phy_wrapper/u_ddr_mc_phy/ddr_phy_4lanes_0.u_ddr_phy_4lanes/ddr_byte_lane_C.ddr_byte_lane_C/phaser_out/OCLK }

Check Type  Corner  Lib Pin        Reference Pin  Required(ns)  Actual(ns)  Slack(ns)  Location      Pin
Min Period  n/a     OSERDESE2/CLK  n/a            1.667         3.200       1.533      OLOGIC_X1Y75  system_i/mig_7series_0/u_system_mig_7series_0_2_mig/u_memc_ui_top_axi/mem_intfc0/ddr_phy_top0/u_ddr_mc_phy_wrapper/u_ddr_mc_phy/ddr_phy_4lanes_0.u_ddr_phy_4lanes/ddr_byte_lane_C.ddr_byte_lane_C/ddr_byte_group_io/output_[0].oserdes_dq_.ddr.oserdes_dq_i/CLK



---------------------------------------------------------------------------------------------------
From Clock:  oserdes_clkdiv_6
  To Clock:  oserdes_clkdiv_6

Setup :            0  Failing Endpoints,  Worst Slack        4.777ns,  Total Violation        0.000ns
Hold  :            0  Failing Endpoints,  Worst Slack        0.092ns,  Total Violation        0.000ns
PW    :            0  Failing Endpoints,  Worst Slack        1.050ns,  Total Violation        0.000ns
---------------------------------------------------------------------------------------------------


Max Delay Paths
--------------------------------------------------------------------------------------
Slack (MET) :             4.777ns  (required time - arrival time)
  Source:                 system_i/mig_7series_0/u_system_mig_7series_0_2_mig/u_memc_ui_top_axi/mem_intfc0/ddr_phy_top0/u_ddr_mc_phy_wrapper/u_ddr_mc_phy/ddr_phy_4lanes_0.u_ddr_phy_4lanes/ddr_byte_lane_C.ddr_byte_lane_C/out_fifo/RDCLK
                            (rising edge-triggered cell OUT_FIFO clocked by oserdes_clkdiv_6  {rise@0.000ns fall@3.200ns period=6.400ns})
  Destination:            system_i/mig_7series_0/u_system_mig_7series_0_2_mig/u_memc_ui_top_axi/mem_intfc0/ddr_phy_top0/u_ddr_mc_phy_wrapper/u_ddr_mc_phy/ddr_phy_4lanes_0.u_ddr_phy_4lanes/ddr_byte_lane_C.ddr_byte_lane_C/ddr_byte_group_io/output_[2].oserdes_dq_.ddr.oserdes_dq_i/D4
                            (rising edge-triggered cell OSERDESE2 clocked by oserdes_clkdiv_6  {rise@0.000ns fall@3.200ns period=6.400ns})
  Path Group:             oserdes_clkdiv_6
  Path Type:              Setup (Max at Slow Process Corner)
  Requirement:            6.400ns  (oserdes_clkdiv_6 rise@6.400ns - oserdes_clkdiv_6 rise@0.000ns)
  Data Path Delay:        1.347ns  (logic 0.674ns (50.019%)  route 0.673ns (49.981%))
  Logic Levels:           0  
  Clock Path Skew:        0.407ns (DCD - SCD + CPR)
    Destination Clock Delay (DCD):    5.253ns = ( 11.653 - 6.400 ) 
    Source Clock Delay      (SCD):    5.079ns
    Clock Pessimism Removal (CPR):    0.233ns
  Clock Uncertainty:      0.058ns  ((TSJ^2 + DJ^2)^1/2) / 2 + PE
    Total System Jitter     (TSJ):    0.071ns
    Discrete Jitter          (DJ):    0.092ns
    Phase Error              (PE):    0.000ns

    Location             Delay type                Incr(ns)  Path(ns)    Netlist Resource(s)
  -------------------------------------------------------------------    -------------------
                         (clock oserdes_clkdiv_6 rise edge)
                                                      0.000     0.000 r  
    BUFGCTRL_X0Y17       BUFG                         0.000     0.000 r  system_i/clk_wiz_1/inst/clkout2_buf/O
                         net (fo=1, routed)           1.666     1.666    system_i/mig_7series_0/u_system_mig_7series_0_2_mig/u_ddr2_infrastructure/mmcm_clk
    PLLE2_ADV_X1Y1       PLLE2_ADV (Prop_plle2_adv_CLKIN1_CLKOUT1)
                                                      0.088     1.754 r  system_i/mig_7series_0/u_system_mig_7series_0_2_mig/u_ddr2_infrastructure/plle2_i/CLKOUT1
                         net (fo=7, routed)           0.614     2.368    system_i/mig_7series_0/u_system_mig_7series_0_2_mig/u_memc_ui_top_axi/mem_intfc0/ddr_phy_top0/u_ddr_mc_phy_wrapper/u_ddr_mc_phy/ddr_phy_4lanes_0.u_ddr_phy_4lanes/ddr_byte_lane_C.ddr_byte_lane_C/mem_refclk
    PHASER_OUT_PHY_X1Y6  PHASER_OUT_PHY (Prop_phaser_out_phy_MEMREFCLK_OCLK)
                                                      2.553     4.922 r  system_i/mig_7series_0/u_system_mig_7series_0_2_mig/u_memc_ui_top_axi/mem_intfc0/ddr_phy_top0/u_ddr_mc_phy_wrapper/u_ddr_mc_phy/ddr_phy_4lanes_0.u_ddr_phy_4lanes/ddr_byte_lane_C.ddr_byte_lane_C/phaser_out/OCLK
    PHASER_OUT_PHY_X1Y6  PHASER_OUT_PHY (Prop_phaser_out_phy_OCLK_OCLKDIV)
                                                      0.157     5.079 r  system_i/mig_7series_0/u_system_mig_7series_0_2_mig/u_memc_ui_top_axi/mem_intfc0/ddr_phy_top0/u_ddr_mc_phy_wrapper/u_ddr_mc_phy/ddr_phy_4lanes_0.u_ddr_phy_4lanes/ddr_byte_lane_C.ddr_byte_lane_C/phaser_out/OCLKDIV
                         net (fo=11, routed)          0.000     5.079    system_i/mig_7series_0/u_system_mig_7series_0_2_mig/u_memc_ui_top_axi/mem_intfc0/ddr_phy_top0/u_ddr_mc_phy_wrapper/u_ddr_mc_phy/ddr_phy_4lanes_0.u_ddr_phy_4lanes/ddr_byte_lane_C.ddr_byte_lane_C/oserdes_clkdiv
    OUT_FIFO_X1Y6        OUT_FIFO                                     r  system_i/mig_7series_0/u_system_mig_7series_0_2_mig/u_memc_ui_top_axi/mem_intfc0/ddr_phy_top0/u_ddr_mc_phy_wrapper/u_ddr_mc_phy/ddr_phy_4lanes_0.u_ddr_phy_4lanes/ddr_byte_lane_C.ddr_byte_lane_C/out_fifo/RDCLK
  -------------------------------------------------------------------    -------------------
    OUT_FIFO_X1Y6        OUT_FIFO (Prop_out_fifo_RDCLK_Q2[3])
                                                      0.674     5.753 r  system_i/mig_7series_0/u_system_mig_7series_0_2_mig/u_memc_ui_top_axi/mem_intfc0/ddr_phy_top0/u_ddr_mc_phy_wrapper/u_ddr_mc_phy/ddr_phy_4lanes_0.u_ddr_phy_4lanes/ddr_byte_lane_C.ddr_byte_lane_C/out_fifo/Q2[3]
                         net (fo=1, routed)           0.673     6.426    system_i/mig_7series_0/u_system_mig_7series_0_2_mig/u_memc_ui_top_axi/mem_intfc0/ddr_phy_top0/u_ddr_mc_phy_wrapper/u_ddr_mc_phy/ddr_phy_4lanes_0.u_ddr_phy_4lanes/ddr_byte_lane_C.ddr_byte_lane_C/ddr_byte_group_io/of_dqbus[11]
    OLOGIC_X1Y77         OSERDESE2                                    r  system_i/mig_7series_0/u_system_mig_7series_0_2_mig/u_memc_ui_top_axi/mem_intfc0/ddr_phy_top0/u_ddr_mc_phy_wrapper/u_ddr_mc_phy/ddr_phy_4lanes_0.u_ddr_phy_4lanes/ddr_byte_lane_C.ddr_byte_lane_C/ddr_byte_group_io/output_[2].oserdes_dq_.ddr.oserdes_dq_i/D4
  -------------------------------------------------------------------    -------------------

                         (clock oserdes_clkdiv_6 rise edge)
                                                      6.400     6.400 r  
    BUFGCTRL_X0Y17       BUFG                         0.000     6.400 r  system_i/clk_wiz_1/inst/clkout2_buf/O
                         net (fo=1, routed)           1.544     7.944    system_i/mig_7series_0/u_system_mig_7series_0_2_mig/u_ddr2_infrastructure/mmcm_clk
    PLLE2_ADV_X1Y1       PLLE2_ADV (Prop_plle2_adv_CLKIN1_CLKOUT1)
                                                      0.083     8.027 r  system_i/mig_7series_0/u_system_mig_7series_0_2_mig/u_ddr2_infrastructure/plle2_i/CLKOUT1
                         net (fo=7, routed)           0.582     8.609    system_i/mig_7series_0/u_system_mig_7series_0_2_mig/u_memc_ui_top_axi/mem_intfc0/ddr_phy_top0/u_ddr_mc_phy_wrapper/u_ddr_mc_phy/ddr_phy_4lanes_0.u_ddr_phy_4lanes/ddr_byte_lane_C.ddr_byte_lane_C/mem_refclk
    PHASER_OUT_PHY_X1Y6  PHASER_OUT_PHY (Prop_phaser_out_phy_MEMREFCLK_OCLK)
                                                      2.488    11.098 r  system_i/mig_7series_0/u_system_mig_7series_0_2_mig/u_memc_ui_top_axi/mem_intfc0/ddr_phy_top0/u_ddr_mc_phy_wrapper/u_ddr_mc_phy/ddr_phy_4lanes_0.u_ddr_phy_4lanes/ddr_byte_lane_C.ddr_byte_lane_C/phaser_out/OCLK
    PHASER_OUT_PHY_X1Y6  PHASER_OUT_PHY (Prop_phaser_out_phy_OCLK_OCLKDIV)
                                                      0.148    11.246 r  system_i/mig_7series_0/u_system_mig_7series_0_2_mig/u_memc_ui_top_axi/mem_intfc0/ddr_phy_top0/u_ddr_mc_phy_wrapper/u_ddr_mc_phy/ddr_phy_4lanes_0.u_ddr_phy_4lanes/ddr_byte_lane_C.ddr_byte_lane_C/phaser_out/OCLKDIV
                         net (fo=11, routed)          0.407    11.653    system_i/mig_7series_0/u_system_mig_7series_0_2_mig/u_memc_ui_top_axi/mem_intfc0/ddr_phy_top0/u_ddr_mc_phy_wrapper/u_ddr_mc_phy/ddr_phy_4lanes_0.u_ddr_phy_4lanes/ddr_byte_lane_C.ddr_byte_lane_C/ddr_byte_group_io/oserdes_clkdiv
    OLOGIC_X1Y77         OSERDESE2                                    r  system_i/mig_7series_0/u_system_mig_7series_0_2_mig/u_memc_ui_top_axi/mem_intfc0/ddr_phy_top0/u_ddr_mc_phy_wrapper/u_ddr_mc_phy/ddr_phy_4lanes_0.u_ddr_phy_4lanes/ddr_byte_lane_C.ddr_byte_lane_C/ddr_byte_group_io/output_[2].oserdes_dq_.ddr.oserdes_dq_i/CLKDIV
                         clock pessimism              0.233    11.886    
                         clock uncertainty           -0.058    11.828    
    OLOGIC_X1Y77         OSERDESE2 (Setup_oserdese2_CLKDIV_D4)
                                                     -0.625    11.203    system_i/mig_7series_0/u_system_mig_7series_0_2_mig/u_memc_ui_top_axi/mem_intfc0/ddr_phy_top0/u_ddr_mc_phy_wrapper/u_ddr_mc_phy/ddr_phy_4lanes_0.u_ddr_phy_4lanes/ddr_byte_lane_C.ddr_byte_lane_C/ddr_byte_group_io/output_[2].oserdes_dq_.ddr.oserdes_dq_i
  -------------------------------------------------------------------
                         required time                         11.203    
                         arrival time                          -6.426    
  -------------------------------------------------------------------
                         slack                                  4.777    





Min Delay Paths
--------------------------------------------------------------------------------------
Slack (MET) :             0.092ns  (arrival time - required time)
  Source:                 system_i/mig_7series_0/u_system_mig_7series_0_2_mig/u_memc_ui_top_axi/mem_intfc0/ddr_phy_top0/u_ddr_mc_phy_wrapper/u_ddr_mc_phy/ddr_phy_4lanes_0.u_ddr_phy_4lanes/ddr_byte_lane_C.ddr_byte_lane_C/out_fifo/RDCLK
                            (rising edge-triggered cell OUT_FIFO clocked by oserdes_clkdiv_6  {rise@0.000ns fall@3.200ns period=6.400ns})
  Destination:            system_i/mig_7series_0/u_system_mig_7series_0_2_mig/u_memc_ui_top_axi/mem_intfc0/ddr_phy_top0/u_ddr_mc_phy_wrapper/u_ddr_mc_phy/ddr_phy_4lanes_0.u_ddr_phy_4lanes/ddr_byte_lane_C.ddr_byte_lane_C/ddr_byte_group_io/output_[2].oserdes_dq_.ddr.oserdes_dq_i/D2
                            (rising edge-triggered cell OSERDESE2 clocked by oserdes_clkdiv_6  {rise@0.000ns fall@3.200ns period=6.400ns})
  Path Group:             oserdes_clkdiv_6
  Path Type:              Hold (Min at Fast Process Corner)
  Requirement:            0.000ns  (oserdes_clkdiv_6 rise@0.000ns - oserdes_clkdiv_6 rise@0.000ns)
  Data Path Delay:        0.288ns  (logic 0.138ns (47.866%)  route 0.150ns (52.134%))
  Logic Levels:           0  
  Clock Path Skew:        0.177ns (DCD - SCD - CPR)
    Destination Clock Delay (DCD):    3.624ns
    Source Clock Delay      (SCD):    3.099ns
    Clock Pessimism Removal (CPR):    0.348ns

    Location             Delay type                Incr(ns)  Path(ns)    Netlist Resource(s)
  -------------------------------------------------------------------    -------------------
                         (clock oserdes_clkdiv_6 rise edge)
                                                      0.000     0.000 r  
    BUFGCTRL_X0Y17       BUFG                         0.000     0.000 r  system_i/clk_wiz_1/inst/clkout2_buf/O
                         net (fo=1, routed)           0.566     0.566    system_i/mig_7series_0/u_system_mig_7series_0_2_mig/u_ddr2_infrastructure/mmcm_clk
    PLLE2_ADV_X1Y1       PLLE2_ADV (Prop_plle2_adv_CLKIN1_CLKOUT1)
                                                      0.050     0.616 r  system_i/mig_7series_0/u_system_mig_7series_0_2_mig/u_ddr2_infrastructure/plle2_i/CLKOUT1
                         net (fo=7, routed)           0.197     0.813    system_i/mig_7series_0/u_system_mig_7series_0_2_mig/u_memc_ui_top_axi/mem_intfc0/ddr_phy_top0/u_ddr_mc_phy_wrapper/u_ddr_mc_phy/ddr_phy_4lanes_0.u_ddr_phy_4lanes/ddr_byte_lane_C.ddr_byte_lane_C/mem_refclk
    PHASER_OUT_PHY_X1Y6  PHASER_OUT_PHY (Prop_phaser_out_phy_MEMREFCLK_OCLK)
                                                      2.204     3.016 r  system_i/mig_7series_0/u_system_mig_7series_0_2_mig/u_memc_ui_top_axi/mem_intfc0/ddr_phy_top0/u_ddr_mc_phy_wrapper/u_ddr_mc_phy/ddr_phy_4lanes_0.u_ddr_phy_4lanes/ddr_byte_lane_C.ddr_byte_lane_C/phaser_out/OCLK
    PHASER_OUT_PHY_X1Y6  PHASER_OUT_PHY (Prop_phaser_out_phy_OCLK_OCLKDIV)
                                                      0.083     3.099 r  system_i/mig_7series_0/u_system_mig_7series_0_2_mig/u_memc_ui_top_axi/mem_intfc0/ddr_phy_top0/u_ddr_mc_phy_wrapper/u_ddr_mc_phy/ddr_phy_4lanes_0.u_ddr_phy_4lanes/ddr_byte_lane_C.ddr_byte_lane_C/phaser_out/OCLKDIV
                         net (fo=11, routed)          0.000     3.099    system_i/mig_7series_0/u_system_mig_7series_0_2_mig/u_memc_ui_top_axi/mem_intfc0/ddr_phy_top0/u_ddr_mc_phy_wrapper/u_ddr_mc_phy/ddr_phy_4lanes_0.u_ddr_phy_4lanes/ddr_byte_lane_C.ddr_byte_lane_C/oserdes_clkdiv
    OUT_FIFO_X1Y6        OUT_FIFO                                     r  system_i/mig_7series_0/u_system_mig_7series_0_2_mig/u_memc_ui_top_axi/mem_intfc0/ddr_phy_top0/u_ddr_mc_phy_wrapper/u_ddr_mc_phy/ddr_phy_4lanes_0.u_ddr_phy_4lanes/ddr_byte_lane_C.ddr_byte_lane_C/out_fifo/RDCLK
  -------------------------------------------------------------------    -------------------
    OUT_FIFO_X1Y6        OUT_FIFO (Prop_out_fifo_RDCLK_Q2[1])
                                                      0.138     3.237 r  system_i/mig_7series_0/u_system_mig_7series_0_2_mig/u_memc_ui_top_axi/mem_intfc0/ddr_phy_top0/u_ddr_mc_phy_wrapper/u_ddr_mc_phy/ddr_phy_4lanes_0.u_ddr_phy_4lanes/ddr_byte_lane_C.ddr_byte_lane_C/out_fifo/Q2[1]
                         net (fo=1, routed)           0.150     3.388    system_i/mig_7series_0/u_system_mig_7series_0_2_mig/u_memc_ui_top_axi/mem_intfc0/ddr_phy_top0/u_ddr_mc_phy_wrapper/u_ddr_mc_phy/ddr_phy_4lanes_0.u_ddr_phy_4lanes/ddr_byte_lane_C.ddr_byte_lane_C/ddr_byte_group_io/of_dqbus[9]
    OLOGIC_X1Y77         OSERDESE2                                    r  system_i/mig_7series_0/u_system_mig_7series_0_2_mig/u_memc_ui_top_axi/mem_intfc0/ddr_phy_top0/u_ddr_mc_phy_wrapper/u_ddr_mc_phy/ddr_phy_4lanes_0.u_ddr_phy_4lanes/ddr_byte_lane_C.ddr_byte_lane_C/ddr_byte_group_io/output_[2].oserdes_dq_.ddr.oserdes_dq_i/D2
  -------------------------------------------------------------------    -------------------

                         (clock oserdes_clkdiv_6 rise edge)
                                                      0.000     0.000 r  
    BUFGCTRL_X0Y17       BUFG                         0.000     0.000 r  system_i/clk_wiz_1/inst/clkout2_buf/O
                         net (fo=1, routed)           0.835     0.835    system_i/mig_7series_0/u_system_mig_7series_0_2_mig/u_ddr2_infrastructure/mmcm_clk
    PLLE2_ADV_X1Y1       PLLE2_ADV (Prop_plle2_adv_CLKIN1_CLKOUT1)
                                                      0.053     0.888 r  system_i/mig_7series_0/u_system_mig_7series_0_2_mig/u_ddr2_infrastructure/plle2_i/CLKOUT1
                         net (fo=7, routed)           0.218     1.106    system_i/mig_7series_0/u_system_mig_7series_0_2_mig/u_memc_ui_top_axi/mem_intfc0/ddr_phy_top0/u_ddr_mc_phy_wrapper/u_ddr_mc_phy/ddr_phy_4lanes_0.u_ddr_phy_4lanes/ddr_byte_lane_C.ddr_byte_lane_C/mem_refclk
    PHASER_OUT_PHY_X1Y6  PHASER_OUT_PHY (Prop_phaser_out_phy_MEMREFCLK_OCLK)
                                                      2.254     3.359 r  system_i/mig_7series_0/u_system_mig_7series_0_2_mig/u_memc_ui_top_axi/mem_intfc0/ddr_phy_top0/u_ddr_mc_phy_wrapper/u_ddr_mc_phy/ddr_phy_4lanes_0.u_ddr_phy_4lanes/ddr_byte_lane_C.ddr_byte_lane_C/phaser_out/OCLK
    PHASER_OUT_PHY_X1Y6  PHASER_OUT_PHY (Prop_phaser_out_phy_OCLK_OCLKDIV)
                                                      0.088     3.447 r  system_i/mig_7series_0/u_system_mig_7series_0_2_mig/u_memc_ui_top_axi/mem_intfc0/ddr_phy_top0/u_ddr_mc_phy_wrapper/u_ddr_mc_phy/ddr_phy_4lanes_0.u_ddr_phy_4lanes/ddr_byte_lane_C.ddr_byte_lane_C/phaser_out/OCLKDIV
                         net (fo=11, routed)          0.177     3.624    system_i/mig_7series_0/u_system_mig_7series_0_2_mig/u_memc_ui_top_axi/mem_intfc0/ddr_phy_top0/u_ddr_mc_phy_wrapper/u_ddr_mc_phy/ddr_phy_4lanes_0.u_ddr_phy_4lanes/ddr_byte_lane_C.ddr_byte_lane_C/ddr_byte_group_io/oserdes_clkdiv
    OLOGIC_X1Y77         OSERDESE2                                    r  system_i/mig_7series_0/u_system_mig_7series_0_2_mig/u_memc_ui_top_axi/mem_intfc0/ddr_phy_top0/u_ddr_mc_phy_wrapper/u_ddr_mc_phy/ddr_phy_4lanes_0.u_ddr_phy_4lanes/ddr_byte_lane_C.ddr_byte_lane_C/ddr_byte_group_io/output_[2].oserdes_dq_.ddr.oserdes_dq_i/CLKDIV
                         clock pessimism             -0.348     3.276    
    OLOGIC_X1Y77         OSERDESE2 (Hold_oserdese2_CLKDIV_D2)
                                                      0.019     3.295    system_i/mig_7series_0/u_system_mig_7series_0_2_mig/u_memc_ui_top_axi/mem_intfc0/ddr_phy_top0/u_ddr_mc_phy_wrapper/u_ddr_mc_phy/ddr_phy_4lanes_0.u_ddr_phy_4lanes/ddr_byte_lane_C.ddr_byte_lane_C/ddr_byte_group_io/output_[2].oserdes_dq_.ddr.oserdes_dq_i
  -------------------------------------------------------------------
                         required time                         -3.295    
                         arrival time                           3.388    
  -------------------------------------------------------------------
                         slack                                  0.092    





Pulse Width Checks
--------------------------------------------------------------------------------------
Clock Name:         oserdes_clkdiv_6
Waveform(ns):       { 0.000 3.200 }
Period(ns):         6.400
Sources:            { system_i/mig_7series_0/u_system_mig_7series_0_2_mig/u_memc_ui_top_axi/mem_intfc0/ddr_phy_top0/u_ddr_mc_phy_wrapper/u_ddr_mc_phy/ddr_phy_4lanes_0.u_ddr_phy_4lanes/ddr_byte_lane_C.ddr_byte_lane_C/phaser_out/OCLKDIV }

Check Type        Corner  Lib Pin         Reference Pin  Required(ns)  Actual(ns)  Slack(ns)  Location       Pin
Min Period        n/a     OUT_FIFO/RDCLK  n/a            5.000         6.400       1.400      OUT_FIFO_X1Y6  system_i/mig_7series_0/u_system_mig_7series_0_2_mig/u_memc_ui_top_axi/mem_intfc0/ddr_phy_top0/u_ddr_mc_phy_wrapper/u_ddr_mc_phy/ddr_phy_4lanes_0.u_ddr_phy_4lanes/ddr_byte_lane_C.ddr_byte_lane_C/out_fifo/RDCLK
Low Pulse Width   Slow    OUT_FIFO/RDCLK  n/a            2.150         3.200       1.050      OUT_FIFO_X1Y6  system_i/mig_7series_0/u_system_mig_7series_0_2_mig/u_memc_ui_top_axi/mem_intfc0/ddr_phy_top0/u_ddr_mc_phy_wrapper/u_ddr_mc_phy/ddr_phy_4lanes_0.u_ddr_phy_4lanes/ddr_byte_lane_C.ddr_byte_lane_C/out_fifo/RDCLK
High Pulse Width  Slow    OUT_FIFO/RDCLK  n/a            2.150         3.200       1.050      OUT_FIFO_X1Y6  system_i/mig_7series_0/u_system_mig_7series_0_2_mig/u_memc_ui_top_axi/mem_intfc0/ddr_phy_top0/u_ddr_mc_phy_wrapper/u_ddr_mc_phy/ddr_phy_4lanes_0.u_ddr_phy_4lanes/ddr_byte_lane_C.ddr_byte_lane_C/out_fifo/RDCLK



---------------------------------------------------------------------------------------------------
From Clock:  oserdes_clk_7
  To Clock:  oserdes_clk_7

Setup :           NA  Failing Endpoints,  Worst Slack           NA  ,  Total Violation           NA
Hold  :           NA  Failing Endpoints,  Worst Slack           NA  ,  Total Violation           NA
PW    :            0  Failing Endpoints,  Worst Slack        1.533ns,  Total Violation        0.000ns
---------------------------------------------------------------------------------------------------


Pulse Width Checks
--------------------------------------------------------------------------------------
Clock Name:         oserdes_clk_7
Waveform(ns):       { 0.000 1.600 }
Period(ns):         3.200
Sources:            { system_i/mig_7series_0/u_system_mig_7series_0_2_mig/u_memc_ui_top_axi/mem_intfc0/ddr_phy_top0/u_ddr_mc_phy_wrapper/u_ddr_mc_phy/ddr_phy_4lanes_0.u_ddr_phy_4lanes/ddr_byte_lane_D.ddr_byte_lane_D/phaser_out/OCLK }

Check Type  Corner  Lib Pin        Reference Pin  Required(ns)  Actual(ns)  Slack(ns)  Location      Pin
Min Period  n/a     OSERDESE2/CLK  n/a            1.667         3.200       1.533      OLOGIC_X1Y93  system_i/mig_7series_0/u_system_mig_7series_0_2_mig/u_memc_ui_top_axi/mem_intfc0/ddr_phy_top0/u_ddr_mc_phy_wrapper/u_ddr_mc_phy/ddr_phy_4lanes_0.u_ddr_phy_4lanes/ddr_byte_lane_D.ddr_byte_lane_D/ddr_byte_group_io/output_[10].oserdes_dq_.sdr.oserdes_dq_i/CLK



---------------------------------------------------------------------------------------------------
From Clock:  oserdes_clkdiv_7
  To Clock:  oserdes_clkdiv_7

Setup :            0  Failing Endpoints,  Worst Slack       11.100ns,  Total Violation        0.000ns
Hold  :            0  Failing Endpoints,  Worst Slack        0.086ns,  Total Violation        0.000ns
PW    :            0  Failing Endpoints,  Worst Slack        4.250ns,  Total Violation        0.000ns
---------------------------------------------------------------------------------------------------


Max Delay Paths
--------------------------------------------------------------------------------------
Slack (MET) :             11.100ns  (required time - arrival time)
  Source:                 system_i/mig_7series_0/u_system_mig_7series_0_2_mig/u_memc_ui_top_axi/mem_intfc0/ddr_phy_top0/u_ddr_mc_phy_wrapper/u_ddr_mc_phy/ddr_phy_4lanes_0.u_ddr_phy_4lanes/ddr_byte_lane_D.ddr_byte_lane_D/out_fifo/RDCLK
                            (rising edge-triggered cell OUT_FIFO clocked by oserdes_clkdiv_7  {rise@0.000ns fall@6.400ns period=12.800ns})
  Destination:            system_i/mig_7series_0/u_system_mig_7series_0_2_mig/u_memc_ui_top_axi/mem_intfc0/ddr_phy_top0/u_ddr_mc_phy_wrapper/u_ddr_mc_phy/ddr_phy_4lanes_0.u_ddr_phy_4lanes/ddr_byte_lane_D.ddr_byte_lane_D/ddr_byte_group_io/output_[7].oserdes_dq_.sdr.oserdes_dq_i/D4
                            (rising edge-triggered cell OSERDESE2 clocked by oserdes_clkdiv_7  {rise@0.000ns fall@6.400ns period=12.800ns})
  Path Group:             oserdes_clkdiv_7
  Path Type:              Setup (Max at Slow Process Corner)
  Requirement:            12.800ns  (oserdes_clkdiv_7 rise@12.800ns - oserdes_clkdiv_7 rise@0.000ns)
  Data Path Delay:        1.440ns  (logic 0.674ns (46.802%)  route 0.766ns (53.198%))
  Logic Levels:           0  
  Clock Path Skew:        0.423ns (DCD - SCD + CPR)
    Destination Clock Delay (DCD):    5.259ns = ( 18.059 - 12.800 ) 
    Source Clock Delay      (SCD):    5.068ns
    Clock Pessimism Removal (CPR):    0.232ns
  Clock Uncertainty:      0.058ns  ((TSJ^2 + DJ^2)^1/2) / 2 + PE
    Total System Jitter     (TSJ):    0.071ns
    Discrete Jitter          (DJ):    0.092ns
    Phase Error              (PE):    0.000ns

    Location             Delay type                Incr(ns)  Path(ns)    Netlist Resource(s)
  -------------------------------------------------------------------    -------------------
                         (clock oserdes_clkdiv_7 rise edge)
                                                      0.000     0.000 r  
    BUFGCTRL_X0Y17       BUFG                         0.000     0.000 r  system_i/clk_wiz_1/inst/clkout2_buf/O
                         net (fo=1, routed)           1.666     1.666    system_i/mig_7series_0/u_system_mig_7series_0_2_mig/u_ddr2_infrastructure/mmcm_clk
    PLLE2_ADV_X1Y1       PLLE2_ADV (Prop_plle2_adv_CLKIN1_CLKOUT1)
                                                      0.088     1.754 r  system_i/mig_7series_0/u_system_mig_7series_0_2_mig/u_ddr2_infrastructure/plle2_i/CLKOUT1
                         net (fo=7, routed)           0.603     2.357    system_i/mig_7series_0/u_system_mig_7series_0_2_mig/u_memc_ui_top_axi/mem_intfc0/ddr_phy_top0/u_ddr_mc_phy_wrapper/u_ddr_mc_phy/ddr_phy_4lanes_0.u_ddr_phy_4lanes/ddr_byte_lane_D.ddr_byte_lane_D/mem_refclk
    PHASER_OUT_PHY_X1Y7  PHASER_OUT_PHY (Prop_phaser_out_phy_MEMREFCLK_OCLK)
                                                      2.553     4.911 r  system_i/mig_7series_0/u_system_mig_7series_0_2_mig/u_memc_ui_top_axi/mem_intfc0/ddr_phy_top0/u_ddr_mc_phy_wrapper/u_ddr_mc_phy/ddr_phy_4lanes_0.u_ddr_phy_4lanes/ddr_byte_lane_D.ddr_byte_lane_D/phaser_out/OCLK
    PHASER_OUT_PHY_X1Y7  PHASER_OUT_PHY (Prop_phaser_out_phy_OCLK_OCLKDIV)
                                                      0.157     5.068 r  system_i/mig_7series_0/u_system_mig_7series_0_2_mig/u_memc_ui_top_axi/mem_intfc0/ddr_phy_top0/u_ddr_mc_phy_wrapper/u_ddr_mc_phy/ddr_phy_4lanes_0.u_ddr_phy_4lanes/ddr_byte_lane_D.ddr_byte_lane_D/phaser_out/OCLKDIV
                         net (fo=11, routed)          0.000     5.068    system_i/mig_7series_0/u_system_mig_7series_0_2_mig/u_memc_ui_top_axi/mem_intfc0/ddr_phy_top0/u_ddr_mc_phy_wrapper/u_ddr_mc_phy/ddr_phy_4lanes_0.u_ddr_phy_4lanes/ddr_byte_lane_D.ddr_byte_lane_D/oserdes_clkdiv
    OUT_FIFO_X1Y7        OUT_FIFO                                     r  system_i/mig_7series_0/u_system_mig_7series_0_2_mig/u_memc_ui_top_axi/mem_intfc0/ddr_phy_top0/u_ddr_mc_phy_wrapper/u_ddr_mc_phy/ddr_phy_4lanes_0.u_ddr_phy_4lanes/ddr_byte_lane_D.ddr_byte_lane_D/out_fifo/RDCLK
  -------------------------------------------------------------------    -------------------
    OUT_FIFO_X1Y7        OUT_FIFO (Prop_out_fifo_RDCLK_Q7[3])
                                                      0.674     5.742 r  system_i/mig_7series_0/u_system_mig_7series_0_2_mig/u_memc_ui_top_axi/mem_intfc0/ddr_phy_top0/u_ddr_mc_phy_wrapper/u_ddr_mc_phy/ddr_phy_4lanes_0.u_ddr_phy_4lanes/ddr_byte_lane_D.ddr_byte_lane_D/out_fifo/Q7[3]
                         net (fo=1, routed)           0.766     6.508    system_i/mig_7series_0/u_system_mig_7series_0_2_mig/u_memc_ui_top_axi/mem_intfc0/ddr_phy_top0/u_ddr_mc_phy_wrapper/u_ddr_mc_phy/ddr_phy_4lanes_0.u_ddr_phy_4lanes/ddr_byte_lane_D.ddr_byte_lane_D/ddr_byte_group_io/oserdes_dq[23]
    OLOGIC_X1Y99         OSERDESE2                                    r  system_i/mig_7series_0/u_system_mig_7series_0_2_mig/u_memc_ui_top_axi/mem_intfc0/ddr_phy_top0/u_ddr_mc_phy_wrapper/u_ddr_mc_phy/ddr_phy_4lanes_0.u_ddr_phy_4lanes/ddr_byte_lane_D.ddr_byte_lane_D/ddr_byte_group_io/output_[7].oserdes_dq_.sdr.oserdes_dq_i/D4
  -------------------------------------------------------------------    -------------------

                         (clock oserdes_clkdiv_7 rise edge)
                                                     12.800    12.800 r  
    BUFGCTRL_X0Y17       BUFG                         0.000    12.800 r  system_i/clk_wiz_1/inst/clkout2_buf/O
                         net (fo=1, routed)           1.544    14.344    system_i/mig_7series_0/u_system_mig_7series_0_2_mig/u_ddr2_infrastructure/mmcm_clk
    PLLE2_ADV_X1Y1       PLLE2_ADV (Prop_plle2_adv_CLKIN1_CLKOUT1)
                                                      0.083    14.427 r  system_i/mig_7series_0/u_system_mig_7series_0_2_mig/u_ddr2_infrastructure/plle2_i/CLKOUT1
                         net (fo=7, routed)           0.572    14.999    system_i/mig_7series_0/u_system_mig_7series_0_2_mig/u_memc_ui_top_axi/mem_intfc0/ddr_phy_top0/u_ddr_mc_phy_wrapper/u_ddr_mc_phy/ddr_phy_4lanes_0.u_ddr_phy_4lanes/ddr_byte_lane_D.ddr_byte_lane_D/mem_refclk
    PHASER_OUT_PHY_X1Y7  PHASER_OUT_PHY (Prop_phaser_out_phy_MEMREFCLK_OCLK)
                                                      2.488    17.488 r  system_i/mig_7series_0/u_system_mig_7series_0_2_mig/u_memc_ui_top_axi/mem_intfc0/ddr_phy_top0/u_ddr_mc_phy_wrapper/u_ddr_mc_phy/ddr_phy_4lanes_0.u_ddr_phy_4lanes/ddr_byte_lane_D.ddr_byte_lane_D/phaser_out/OCLK
    PHASER_OUT_PHY_X1Y7  PHASER_OUT_PHY (Prop_phaser_out_phy_OCLK_OCLKDIV)
                                                      0.148    17.636 r  system_i/mig_7series_0/u_system_mig_7series_0_2_mig/u_memc_ui_top_axi/mem_intfc0/ddr_phy_top0/u_ddr_mc_phy_wrapper/u_ddr_mc_phy/ddr_phy_4lanes_0.u_ddr_phy_4lanes/ddr_byte_lane_D.ddr_byte_lane_D/phaser_out/OCLKDIV
                         net (fo=11, routed)          0.423    18.059    system_i/mig_7series_0/u_system_mig_7series_0_2_mig/u_memc_ui_top_axi/mem_intfc0/ddr_phy_top0/u_ddr_mc_phy_wrapper/u_ddr_mc_phy/ddr_phy_4lanes_0.u_ddr_phy_4lanes/ddr_byte_lane_D.ddr_byte_lane_D/ddr_byte_group_io/oserdes_clkdiv
    OLOGIC_X1Y99         OSERDESE2                                    r  system_i/mig_7series_0/u_system_mig_7series_0_2_mig/u_memc_ui_top_axi/mem_intfc0/ddr_phy_top0/u_ddr_mc_phy_wrapper/u_ddr_mc_phy/ddr_phy_4lanes_0.u_ddr_phy_4lanes/ddr_byte_lane_D.ddr_byte_lane_D/ddr_byte_group_io/output_[7].oserdes_dq_.sdr.oserdes_dq_i/CLKDIV
                         clock pessimism              0.232    18.291    
                         clock uncertainty           -0.058    18.233    
    OLOGIC_X1Y99         OSERDESE2 (Setup_oserdese2_CLKDIV_D4)
                                                     -0.625    17.608    system_i/mig_7series_0/u_system_mig_7series_0_2_mig/u_memc_ui_top_axi/mem_intfc0/ddr_phy_top0/u_ddr_mc_phy_wrapper/u_ddr_mc_phy/ddr_phy_4lanes_0.u_ddr_phy_4lanes/ddr_byte_lane_D.ddr_byte_lane_D/ddr_byte_group_io/output_[7].oserdes_dq_.sdr.oserdes_dq_i
  -------------------------------------------------------------------
                         required time                         17.608    
                         arrival time                          -6.508    
  -------------------------------------------------------------------
                         slack                                 11.100    





Min Delay Paths
--------------------------------------------------------------------------------------
Slack (MET) :             0.086ns  (arrival time - required time)
  Source:                 system_i/mig_7series_0/u_system_mig_7series_0_2_mig/u_memc_ui_top_axi/mem_intfc0/ddr_phy_top0/u_ddr_mc_phy_wrapper/u_ddr_mc_phy/ddr_phy_4lanes_0.u_ddr_phy_4lanes/ddr_byte_lane_D.ddr_byte_lane_D/out_fifo/RDCLK
                            (rising edge-triggered cell OUT_FIFO clocked by oserdes_clkdiv_7  {rise@0.000ns fall@6.400ns period=12.800ns})
  Destination:            system_i/mig_7series_0/u_system_mig_7series_0_2_mig/u_memc_ui_top_axi/mem_intfc0/ddr_phy_top0/u_ddr_mc_phy_wrapper/u_ddr_mc_phy/ddr_phy_4lanes_0.u_ddr_phy_4lanes/ddr_byte_lane_D.ddr_byte_lane_D/ddr_byte_group_io/output_[2].oserdes_dq_.sdr.oserdes_dq_i/D2
                            (rising edge-triggered cell OSERDESE2 clocked by oserdes_clkdiv_7  {rise@0.000ns fall@6.400ns period=12.800ns})
  Path Group:             oserdes_clkdiv_7
  Path Type:              Hold (Min at Fast Process Corner)
  Requirement:            0.000ns  (oserdes_clkdiv_7 rise@0.000ns - oserdes_clkdiv_7 rise@0.000ns)
  Data Path Delay:        0.288ns  (logic 0.138ns (47.866%)  route 0.150ns (52.134%))
  Logic Levels:           0  
  Clock Path Skew:        0.183ns (DCD - SCD - CPR)
    Destination Clock Delay (DCD):    3.621ns
    Source Clock Delay      (SCD):    3.092ns
    Clock Pessimism Removal (CPR):    0.346ns

    Location             Delay type                Incr(ns)  Path(ns)    Netlist Resource(s)
  -------------------------------------------------------------------    -------------------
                         (clock oserdes_clkdiv_7 rise edge)
                                                      0.000     0.000 r  
    BUFGCTRL_X0Y17       BUFG                         0.000     0.000 r  system_i/clk_wiz_1/inst/clkout2_buf/O
                         net (fo=1, routed)           0.566     0.566    system_i/mig_7series_0/u_system_mig_7series_0_2_mig/u_ddr2_infrastructure/mmcm_clk
    PLLE2_ADV_X1Y1       PLLE2_ADV (Prop_plle2_adv_CLKIN1_CLKOUT1)
                                                      0.050     0.616 r  system_i/mig_7series_0/u_system_mig_7series_0_2_mig/u_ddr2_infrastructure/plle2_i/CLKOUT1
                         net (fo=7, routed)           0.190     0.806    system_i/mig_7series_0/u_system_mig_7series_0_2_mig/u_memc_ui_top_axi/mem_intfc0/ddr_phy_top0/u_ddr_mc_phy_wrapper/u_ddr_mc_phy/ddr_phy_4lanes_0.u_ddr_phy_4lanes/ddr_byte_lane_D.ddr_byte_lane_D/mem_refclk
    PHASER_OUT_PHY_X1Y7  PHASER_OUT_PHY (Prop_phaser_out_phy_MEMREFCLK_OCLK)
                                                      2.204     3.009 r  system_i/mig_7series_0/u_system_mig_7series_0_2_mig/u_memc_ui_top_axi/mem_intfc0/ddr_phy_top0/u_ddr_mc_phy_wrapper/u_ddr_mc_phy/ddr_phy_4lanes_0.u_ddr_phy_4lanes/ddr_byte_lane_D.ddr_byte_lane_D/phaser_out/OCLK
    PHASER_OUT_PHY_X1Y7  PHASER_OUT_PHY (Prop_phaser_out_phy_OCLK_OCLKDIV)
                                                      0.083     3.092 r  system_i/mig_7series_0/u_system_mig_7series_0_2_mig/u_memc_ui_top_axi/mem_intfc0/ddr_phy_top0/u_ddr_mc_phy_wrapper/u_ddr_mc_phy/ddr_phy_4lanes_0.u_ddr_phy_4lanes/ddr_byte_lane_D.ddr_byte_lane_D/phaser_out/OCLKDIV
                         net (fo=11, routed)          0.000     3.092    system_i/mig_7series_0/u_system_mig_7series_0_2_mig/u_memc_ui_top_axi/mem_intfc0/ddr_phy_top0/u_ddr_mc_phy_wrapper/u_ddr_mc_phy/ddr_phy_4lanes_0.u_ddr_phy_4lanes/ddr_byte_lane_D.ddr_byte_lane_D/oserdes_clkdiv
    OUT_FIFO_X1Y7        OUT_FIFO                                     r  system_i/mig_7series_0/u_system_mig_7series_0_2_mig/u_memc_ui_top_axi/mem_intfc0/ddr_phy_top0/u_ddr_mc_phy_wrapper/u_ddr_mc_phy/ddr_phy_4lanes_0.u_ddr_phy_4lanes/ddr_byte_lane_D.ddr_byte_lane_D/out_fifo/RDCLK
  -------------------------------------------------------------------    -------------------
    OUT_FIFO_X1Y7        OUT_FIFO (Prop_out_fifo_RDCLK_Q2[1])
                                                      0.138     3.230 r  system_i/mig_7series_0/u_system_mig_7series_0_2_mig/u_memc_ui_top_axi/mem_intfc0/ddr_phy_top0/u_ddr_mc_phy_wrapper/u_ddr_mc_phy/ddr_phy_4lanes_0.u_ddr_phy_4lanes/ddr_byte_lane_D.ddr_byte_lane_D/out_fifo/Q2[1]
                         net (fo=1, routed)           0.150     3.381    system_i/mig_7series_0/u_system_mig_7series_0_2_mig/u_memc_ui_top_axi/mem_intfc0/ddr_phy_top0/u_ddr_mc_phy_wrapper/u_ddr_mc_phy/ddr_phy_4lanes_0.u_ddr_phy_4lanes/ddr_byte_lane_D.ddr_byte_lane_D/ddr_byte_group_io/oserdes_dq[1]
    OLOGIC_X1Y89         OSERDESE2                                    r  system_i/mig_7series_0/u_system_mig_7series_0_2_mig/u_memc_ui_top_axi/mem_intfc0/ddr_phy_top0/u_ddr_mc_phy_wrapper/u_ddr_mc_phy/ddr_phy_4lanes_0.u_ddr_phy_4lanes/ddr_byte_lane_D.ddr_byte_lane_D/ddr_byte_group_io/output_[2].oserdes_dq_.sdr.oserdes_dq_i/D2
  -------------------------------------------------------------------    -------------------

                         (clock oserdes_clkdiv_7 rise edge)
                                                      0.000     0.000 r  
    BUFGCTRL_X0Y17       BUFG                         0.000     0.000 r  system_i/clk_wiz_1/inst/clkout2_buf/O
                         net (fo=1, routed)           0.835     0.835    system_i/mig_7series_0/u_system_mig_7series_0_2_mig/u_ddr2_infrastructure/mmcm_clk
    PLLE2_ADV_X1Y1       PLLE2_ADV (Prop_plle2_adv_CLKIN1_CLKOUT1)
                                                      0.053     0.888 r  system_i/mig_7series_0/u_system_mig_7series_0_2_mig/u_ddr2_infrastructure/plle2_i/CLKOUT1
                         net (fo=7, routed)           0.209     1.097    system_i/mig_7series_0/u_system_mig_7series_0_2_mig/u_memc_ui_top_axi/mem_intfc0/ddr_phy_top0/u_ddr_mc_phy_wrapper/u_ddr_mc_phy/ddr_phy_4lanes_0.u_ddr_phy_4lanes/ddr_byte_lane_D.ddr_byte_lane_D/mem_refclk
    PHASER_OUT_PHY_X1Y7  PHASER_OUT_PHY (Prop_phaser_out_phy_MEMREFCLK_OCLK)
                                                      2.254     3.350 r  system_i/mig_7series_0/u_system_mig_7series_0_2_mig/u_memc_ui_top_axi/mem_intfc0/ddr_phy_top0/u_ddr_mc_phy_wrapper/u_ddr_mc_phy/ddr_phy_4lanes_0.u_ddr_phy_4lanes/ddr_byte_lane_D.ddr_byte_lane_D/phaser_out/OCLK
    PHASER_OUT_PHY_X1Y7  PHASER_OUT_PHY (Prop_phaser_out_phy_OCLK_OCLKDIV)
                                                      0.088     3.438 r  system_i/mig_7series_0/u_system_mig_7series_0_2_mig/u_memc_ui_top_axi/mem_intfc0/ddr_phy_top0/u_ddr_mc_phy_wrapper/u_ddr_mc_phy/ddr_phy_4lanes_0.u_ddr_phy_4lanes/ddr_byte_lane_D.ddr_byte_lane_D/phaser_out/OCLKDIV
                         net (fo=11, routed)          0.183     3.621    system_i/mig_7series_0/u_system_mig_7series_0_2_mig/u_memc_ui_top_axi/mem_intfc0/ddr_phy_top0/u_ddr_mc_phy_wrapper/u_ddr_mc_phy/ddr_phy_4lanes_0.u_ddr_phy_4lanes/ddr_byte_lane_D.ddr_byte_lane_D/ddr_byte_group_io/oserdes_clkdiv
    OLOGIC_X1Y89         OSERDESE2                                    r  system_i/mig_7series_0/u_system_mig_7series_0_2_mig/u_memc_ui_top_axi/mem_intfc0/ddr_phy_top0/u_ddr_mc_phy_wrapper/u_ddr_mc_phy/ddr_phy_4lanes_0.u_ddr_phy_4lanes/ddr_byte_lane_D.ddr_byte_lane_D/ddr_byte_group_io/output_[2].oserdes_dq_.sdr.oserdes_dq_i/CLKDIV
                         clock pessimism             -0.346     3.275    
    OLOGIC_X1Y89         OSERDESE2 (Hold_oserdese2_CLKDIV_D2)
                                                      0.019     3.294    system_i/mig_7series_0/u_system_mig_7series_0_2_mig/u_memc_ui_top_axi/mem_intfc0/ddr_phy_top0/u_ddr_mc_phy_wrapper/u_ddr_mc_phy/ddr_phy_4lanes_0.u_ddr_phy_4lanes/ddr_byte_lane_D.ddr_byte_lane_D/ddr_byte_group_io/output_[2].oserdes_dq_.sdr.oserdes_dq_i
  -------------------------------------------------------------------
                         required time                         -3.294    
                         arrival time                           3.381    
  -------------------------------------------------------------------
                         slack                                  0.086    





Pulse Width Checks
--------------------------------------------------------------------------------------
Clock Name:         oserdes_clkdiv_7
Waveform(ns):       { 0.000 6.400 }
Period(ns):         12.800
Sources:            { system_i/mig_7series_0/u_system_mig_7series_0_2_mig/u_memc_ui_top_axi/mem_intfc0/ddr_phy_top0/u_ddr_mc_phy_wrapper/u_ddr_mc_phy/ddr_phy_4lanes_0.u_ddr_phy_4lanes/ddr_byte_lane_D.ddr_byte_lane_D/phaser_out/OCLKDIV }

Check Type        Corner  Lib Pin         Reference Pin  Required(ns)  Actual(ns)  Slack(ns)  Location       Pin
Min Period        n/a     OUT_FIFO/RDCLK  n/a            5.000         12.800      7.800      OUT_FIFO_X1Y7  system_i/mig_7series_0/u_system_mig_7series_0_2_mig/u_memc_ui_top_axi/mem_intfc0/ddr_phy_top0/u_ddr_mc_phy_wrapper/u_ddr_mc_phy/ddr_phy_4lanes_0.u_ddr_phy_4lanes/ddr_byte_lane_D.ddr_byte_lane_D/out_fifo/RDCLK
Low Pulse Width   Slow    OUT_FIFO/RDCLK  n/a            2.150         6.400       4.250      OUT_FIFO_X1Y7  system_i/mig_7series_0/u_system_mig_7series_0_2_mig/u_memc_ui_top_axi/mem_intfc0/ddr_phy_top0/u_ddr_mc_phy_wrapper/u_ddr_mc_phy/ddr_phy_4lanes_0.u_ddr_phy_4lanes/ddr_byte_lane_D.ddr_byte_lane_D/out_fifo/RDCLK
High Pulse Width  Slow    OUT_FIFO/RDCLK  n/a            2.150         6.400       4.250      OUT_FIFO_X1Y7  system_i/mig_7series_0/u_system_mig_7series_0_2_mig/u_memc_ui_top_axi/mem_intfc0/ddr_phy_top0/u_ddr_mc_phy_wrapper/u_ddr_mc_phy/ddr_phy_4lanes_0.u_ddr_phy_4lanes/ddr_byte_lane_D.ddr_byte_lane_D/out_fifo/RDCLK



---------------------------------------------------------------------------------------------------
From Clock:  pll_clk3_out_1
  To Clock:  pll_clk3_out_1

Setup :           NA  Failing Endpoints,  Worst Slack           NA  ,  Total Violation           NA
Hold  :           NA  Failing Endpoints,  Worst Slack           NA  ,  Total Violation           NA
PW    :            0  Failing Endpoints,  Worst Slack        3.400ns,  Total Violation        0.000ns
---------------------------------------------------------------------------------------------------


Pulse Width Checks
--------------------------------------------------------------------------------------
Clock Name:         pll_clk3_out_1
Waveform(ns):       { 0.000 6.400 }
Period(ns):         12.800
Sources:            { system_i/mig_7series_0/u_system_mig_7series_0_2_mig/u_ddr2_infrastructure/plle2_i/CLKOUT3 }

Check Type        Corner  Lib Pin            Reference Pin  Required(ns)  Actual(ns)  Slack(ns)  Location         Pin
Min Period        n/a     BUFH/I             n/a            2.155         12.800      10.645     BUFHCE_X1Y12     system_i/mig_7series_0/u_system_mig_7series_0_2_mig/u_ddr2_infrastructure/u_bufh_pll_clk3/I
Max Period        n/a     MMCME2_ADV/CLKIN1  n/a            100.000       12.800      87.200     MMCME2_ADV_X1Y1  system_i/mig_7series_0/u_system_mig_7series_0_2_mig/u_ddr2_infrastructure/gen_ui_extra_clocks.mmcm_i/CLKIN1
Low Pulse Width   Slow    MMCME2_ADV/CLKIN1  n/a            3.000         6.400       3.400      MMCME2_ADV_X1Y1  system_i/mig_7series_0/u_system_mig_7series_0_2_mig/u_ddr2_infrastructure/gen_ui_extra_clocks.mmcm_i/CLKIN1
High Pulse Width  Slow    MMCME2_ADV/CLKIN1  n/a            3.000         6.400       3.400      MMCME2_ADV_X1Y1  system_i/mig_7series_0/u_system_mig_7series_0_2_mig/u_ddr2_infrastructure/gen_ui_extra_clocks.mmcm_i/CLKIN1



---------------------------------------------------------------------------------------------------
From Clock:  clk_pll_i_1
  To Clock:  clk_pll_i_1

Setup :            0  Failing Endpoints,  Worst Slack        0.009ns,  Total Violation        0.000ns
Hold  :            0  Failing Endpoints,  Worst Slack        0.050ns,  Total Violation        0.000ns
PW    :            0  Failing Endpoints,  Worst Slack        4.250ns,  Total Violation        0.000ns
---------------------------------------------------------------------------------------------------


Max Delay Paths
--------------------------------------------------------------------------------------
Slack (MET) :             0.009ns  (required time - arrival time)
  Source:                 system_i/yolo_engine_0/inst/conv_phase_r_reg[0]_replica_4/C
                            (rising edge-triggered cell FDCE clocked by clk_pll_i_1  {rise@0.000ns fall@6.400ns period=12.800ns})
  Destination:            system_i/yolo_engine_0/inst/dma_rd_start_addr_reg[31]/D
                            (rising edge-triggered cell FDCE clocked by clk_pll_i_1  {rise@0.000ns fall@6.400ns period=12.800ns})
  Path Group:             clk_pll_i_1
  Path Type:              Setup (Max at Slow Process Corner)
  Requirement:            12.800ns  (clk_pll_i_1 rise@12.800ns - clk_pll_i_1 rise@0.000ns)
  Data Path Delay:        12.728ns  (logic 7.844ns (61.627%)  route 4.884ns (38.373%))
  Logic Levels:           11  (CARRY4=2 DSP48E1=2 LUT5=1 LUT6=6)
  Clock Path Skew:        -0.041ns (DCD - SCD + CPR)
    Destination Clock Delay (DCD):    3.711ns = ( 16.511 - 12.800 ) 
    Source Clock Delay      (SCD):    4.001ns
    Clock Pessimism Removal (CPR):    0.249ns
  Clock Uncertainty:      0.053ns  ((TSJ^2 + DJ^2)^1/2) / 2 + PE
    Total System Jitter     (TSJ):    0.071ns
    Discrete Jitter          (DJ):    0.078ns
    Phase Error              (PE):    0.000ns

    Location             Delay type                Incr(ns)  Path(ns)    Netlist Resource(s)
  -------------------------------------------------------------------    -------------------
                         (clock clk_pll_i_1 rise edge)
                                                      0.000     0.000 r  
    BUFGCTRL_X0Y17       BUFG                         0.000     0.000 r  system_i/clk_wiz_1/inst/clkout2_buf/O
                         net (fo=1, routed)           1.666     1.666    system_i/mig_7series_0/u_system_mig_7series_0_2_mig/u_ddr2_infrastructure/mmcm_clk
    PLLE2_ADV_X1Y1       PLLE2_ADV (Prop_plle2_adv_CLKIN1_CLKOUT3)
                                                      0.088     1.754 r  system_i/mig_7series_0/u_system_mig_7series_0_2_mig/u_ddr2_infrastructure/plle2_i/CLKOUT3
                         net (fo=1, routed)           1.281     3.035    system_i/mig_7series_0/u_system_mig_7series_0_2_mig/u_ddr2_infrastructure/pll_clk3_out
    BUFHCE_X1Y12         BUFH (Prop_bufh_I_O)         0.127     3.162 r  system_i/mig_7series_0/u_system_mig_7series_0_2_mig/u_ddr2_infrastructure/u_bufh_pll_clk3/O
                         net (fo=1, routed)           0.841     4.003    system_i/mig_7series_0/u_system_mig_7series_0_2_mig/u_ddr2_infrastructure/pll_clk3
    MMCME2_ADV_X1Y1      MMCME2_ADV (Prop_mmcme2_adv_CLKIN1_CLKFBOUT)
                                                     -3.457     0.547 r  system_i/mig_7series_0/u_system_mig_7series_0_2_mig/u_ddr2_infrastructure/gen_ui_extra_clocks.mmcm_i/CLKFBOUT
                         net (fo=1, routed)           1.719     2.266    system_i/mig_7series_0/u_system_mig_7series_0_2_mig/u_ddr2_infrastructure/clk_pll_i
    BUFGCTRL_X0Y0        BUFG (Prop_bufg_I_O)         0.096     2.362 r  system_i/mig_7series_0/u_system_mig_7series_0_2_mig/u_ddr2_infrastructure/u_bufg_clkdiv0/O
                         net (fo=24798, routed)       1.639     4.001    system_i/yolo_engine_0/inst/clk
    SLICE_X13Y86         FDCE                                         r  system_i/yolo_engine_0/inst/conv_phase_r_reg[0]_replica_4/C
  -------------------------------------------------------------------    -------------------
    SLICE_X13Y86         FDCE (Prop_fdce_C_Q)         0.456     4.457 r  system_i/yolo_engine_0/inst/conv_phase_r_reg[0]_replica_4/Q
                         net (fo=6, routed)           0.958     5.416    system_i/yolo_engine_0/inst/conv_phase_r_reg_n_0_[0]_repN_4
    SLICE_X14Y85         LUT6 (Prop_lut6_I2_O)        0.124     5.540 r  system_i/yolo_engine_0/inst/dma_rd_num_trans[10]_i_2/O
                         net (fo=2, routed)           0.296     5.836    system_i/yolo_engine_0/inst/dma_rd_num_trans[10]_i_2_n_0
    SLICE_X13Y85         LUT6 (Prop_lut6_I0_O)        0.124     5.960 r  system_i/yolo_engine_0/inst/p_1_out_i_16/O
                         net (fo=2, routed)           0.762     6.722    system_i/yolo_engine_0/inst/p_1_out_i_16_n_0
    DSP48_X0Y31          DSP48E1 (Prop_dsp48e1_A[12]_PCOUT[47])
                                                      4.036    10.758 r  system_i/yolo_engine_0/inst/p_1_out/PCOUT[47]
                         net (fo=1, routed)           0.002    10.760    system_i/yolo_engine_0/inst/p_1_out_n_106
    DSP48_X0Y32          DSP48E1 (Prop_dsp48e1_PCIN[47]_P[6])
                                                      1.518    12.278 r  system_i/yolo_engine_0/inst/p_1_out__0/P[6]
                         net (fo=1, routed)           0.698    12.976    system_i/yolo_engine_0/inst/p_1_out__0_n_99
    SLICE_X15Y81         LUT6 (Prop_lut6_I1_O)        0.124    13.100 f  system_i/yolo_engine_0/inst/dma_rd_start_addr[28]_i_33/O
                         net (fo=2, routed)           0.324    13.424    system_i/yolo_engine_0/inst/u_axi/dma_rd_start_addr[23]_i_12_0
    SLICE_X14Y82         LUT6 (Prop_lut6_I5_O)        0.124    13.548 r  system_i/yolo_engine_0/inst/u_axi/dma_rd_start_addr[28]_i_18/O
                         net (fo=2, routed)           0.457    14.005    system_i/yolo_engine_0/inst/u_axi/dma_rd_start_addr[28]_i_18_n_0
    SLICE_X14Y81         LUT6 (Prop_lut6_I0_O)        0.124    14.129 r  system_i/yolo_engine_0/inst/u_axi/dma_rd_start_addr[28]_i_10/O
                         net (fo=2, routed)           0.521    14.650    system_i/yolo_engine_0/inst/u_axi/dma_rd_start_addr[28]_i_10_n_0
    SLICE_X12Y81         CARRY4 (Prop_carry4_DI[0]_CO[3])
                                                      0.550    15.200 r  system_i/yolo_engine_0/inst/u_axi/dma_rd_start_addr_reg[28]_i_6/CO[3]
                         net (fo=1, routed)           0.000    15.200    system_i/yolo_engine_0/inst/u_axi/dma_rd_start_addr_reg[28]_i_6_n_0
    SLICE_X12Y82         CARRY4 (Prop_carry4_CI_O[2])
                                                      0.239    15.439 r  system_i/yolo_engine_0/inst/u_axi/dma_rd_start_addr_reg[31]_i_10/O[2]
                         net (fo=1, routed)           0.575    16.014    system_i/yolo_engine_0/inst/u_axi/dma_rd_start_addr_reg[31]_i_10_n_5
    SLICE_X11Y83         LUT6 (Prop_lut6_I2_O)        0.301    16.315 r  system_i/yolo_engine_0/inst/u_axi/dma_rd_start_addr[31]_i_4/O
                         net (fo=1, routed)           0.291    16.606    system_i/yolo_engine_0/inst/u_axi/dma_rd_start_addr[31]_i_4_n_0
    SLICE_X11Y84         LUT5 (Prop_lut5_I2_O)        0.124    16.730 r  system_i/yolo_engine_0/inst/u_axi/dma_rd_start_addr[31]_i_1/O
                         net (fo=1, routed)           0.000    16.730    system_i/yolo_engine_0/inst/dma_rd_start_addr[31]
    SLICE_X11Y84         FDCE                                         r  system_i/yolo_engine_0/inst/dma_rd_start_addr_reg[31]/D
  -------------------------------------------------------------------    -------------------

                         (clock clk_pll_i_1 rise edge)
                                                     12.800    12.800 r  
    BUFGCTRL_X0Y17       BUFG                         0.000    12.800 r  system_i/clk_wiz_1/inst/clkout2_buf/O
                         net (fo=1, routed)           1.544    14.344    system_i/mig_7series_0/u_system_mig_7series_0_2_mig/u_ddr2_infrastructure/mmcm_clk
    PLLE2_ADV_X1Y1       PLLE2_ADV (Prop_plle2_adv_CLKIN1_CLKOUT3)
                                                      0.083    14.427 r  system_i/mig_7series_0/u_system_mig_7series_0_2_mig/u_ddr2_infrastructure/plle2_i/CLKOUT3
                         net (fo=1, routed)           1.205    15.632    system_i/mig_7series_0/u_system_mig_7series_0_2_mig/u_ddr2_infrastructure/pll_clk3_out
    BUFHCE_X1Y12         BUFH (Prop_bufh_I_O)         0.081    15.713 r  system_i/mig_7series_0/u_system_mig_7series_0_2_mig/u_ddr2_infrastructure/u_bufh_pll_clk3/O
                         net (fo=1, routed)           0.799    16.512    system_i/mig_7series_0/u_system_mig_7series_0_2_mig/u_ddr2_infrastructure/pll_clk3
    MMCME2_ADV_X1Y1      MMCME2_ADV (Prop_mmcme2_adv_CLKIN1_CLKFBOUT)
                                                     -3.249    13.263 r  system_i/mig_7series_0/u_system_mig_7series_0_2_mig/u_ddr2_infrastructure/gen_ui_extra_clocks.mmcm_i/CLKFBOUT
                         net (fo=1, routed)           1.639    14.902    system_i/mig_7series_0/u_system_mig_7series_0_2_mig/u_ddr2_infrastructure/clk_pll_i
    BUFGCTRL_X0Y0        BUFG (Prop_bufg_I_O)         0.091    14.993 r  system_i/mig_7series_0/u_system_mig_7series_0_2_mig/u_ddr2_infrastructure/u_bufg_clkdiv0/O
                         net (fo=24798, routed)       1.518    16.511    system_i/yolo_engine_0/inst/clk
    SLICE_X11Y84         FDCE                                         r  system_i/yolo_engine_0/inst/dma_rd_start_addr_reg[31]/C
                         clock pessimism              0.249    16.760    
                         clock uncertainty           -0.053    16.708    
    SLICE_X11Y84         FDCE (Setup_fdce_C_D)        0.031    16.739    system_i/yolo_engine_0/inst/dma_rd_start_addr_reg[31]
  -------------------------------------------------------------------
                         required time                         16.739    
                         arrival time                         -16.730    
  -------------------------------------------------------------------
                         slack                                  0.009    





Min Delay Paths
--------------------------------------------------------------------------------------
Slack (MET) :             0.050ns  (arrival time - required time)
  Source:                 system_i/yolo_engine_0/inst/u_conv/u_mac_kern/u_mac_stack/g_mul_arr[10].u_mul_11/dsp_P_reg[2][0]/C
                            (rising edge-triggered cell FDRE clocked by clk_pll_i_1  {rise@0.000ns fall@6.400ns period=12.800ns})
  Destination:            system_i/yolo_engine_0/inst/u_conv/u_mac_kern/u_mac_stack/g_mul_arr[10].u_mul_11/dsp_P_reg[3][0]/D
                            (rising edge-triggered cell FDRE clocked by clk_pll_i_1  {rise@0.000ns fall@6.400ns period=12.800ns})
  Path Group:             clk_pll_i_1
  Path Type:              Hold (Min at Fast Process Corner)
  Requirement:            0.000ns  (clk_pll_i_1 rise@0.000ns - clk_pll_i_1 rise@0.000ns)
  Data Path Delay:        0.386ns  (logic 0.141ns (36.561%)  route 0.245ns (63.439%))
  Logic Levels:           0  
  Clock Path Skew:        0.266ns (DCD - SCD - CPR)
    Destination Clock Delay (DCD):    1.854ns
    Source Clock Delay      (SCD):    1.290ns
    Clock Pessimism Removal (CPR):    0.299ns

    Location             Delay type                Incr(ns)  Path(ns)    Netlist Resource(s)
  -------------------------------------------------------------------    -------------------
                         (clock clk_pll_i_1 rise edge)
                                                      0.000     0.000 r  
    BUFGCTRL_X0Y17       BUFG                         0.000     0.000 r  system_i/clk_wiz_1/inst/clkout2_buf/O
                         net (fo=1, routed)           0.566     0.566    system_i/mig_7series_0/u_system_mig_7series_0_2_mig/u_ddr2_infrastructure/mmcm_clk
    PLLE2_ADV_X1Y1       PLLE2_ADV (Prop_plle2_adv_CLKIN1_CLKOUT3)
                                                      0.050     0.616 r  system_i/mig_7series_0/u_system_mig_7series_0_2_mig/u_ddr2_infrastructure/plle2_i/CLKOUT3
                         net (fo=1, routed)           0.394     1.010    system_i/mig_7series_0/u_system_mig_7series_0_2_mig/u_ddr2_infrastructure/pll_clk3_out
    BUFHCE_X1Y12         BUFH (Prop_bufh_I_O)         0.020     1.030 r  system_i/mig_7series_0/u_system_mig_7series_0_2_mig/u_ddr2_infrastructure/u_bufh_pll_clk3/O
                         net (fo=1, routed)           0.269     1.299    system_i/mig_7series_0/u_system_mig_7series_0_2_mig/u_ddr2_infrastructure/pll_clk3
    MMCME2_ADV_X1Y1      MMCME2_ADV (Prop_mmcme2_adv_CLKIN1_CLKFBOUT)
                                                     -1.083     0.215 r  system_i/mig_7series_0/u_system_mig_7series_0_2_mig/u_ddr2_infrastructure/gen_ui_extra_clocks.mmcm_i/CLKFBOUT
                         net (fo=1, routed)           0.499     0.714    system_i/mig_7series_0/u_system_mig_7series_0_2_mig/u_ddr2_infrastructure/clk_pll_i
    BUFGCTRL_X0Y0        BUFG (Prop_bufg_I_O)         0.026     0.740 r  system_i/mig_7series_0/u_system_mig_7series_0_2_mig/u_ddr2_infrastructure/u_bufg_clkdiv0/O
                         net (fo=24798, routed)       0.550     1.290    system_i/yolo_engine_0/inst/u_conv/u_mac_kern/u_mac_stack/g_mul_arr[10].u_mul_11/clk
    SLICE_X53Y121        FDRE                                         r  system_i/yolo_engine_0/inst/u_conv/u_mac_kern/u_mac_stack/g_mul_arr[10].u_mul_11/dsp_P_reg[2][0]/C
  -------------------------------------------------------------------    -------------------
    SLICE_X53Y121        FDRE (Prop_fdre_C_Q)         0.141     1.431 r  system_i/yolo_engine_0/inst/u_conv/u_mac_kern/u_mac_stack/g_mul_arr[10].u_mul_11/dsp_P_reg[2][0]/Q
                         net (fo=1, routed)           0.245     1.675    system_i/yolo_engine_0/inst/u_conv/u_mac_kern/u_mac_stack/g_mul_arr[10].u_mul_11/dsp_P_reg_n_0_[2][0]
    SLICE_X47Y121        FDRE                                         r  system_i/yolo_engine_0/inst/u_conv/u_mac_kern/u_mac_stack/g_mul_arr[10].u_mul_11/dsp_P_reg[3][0]/D
  -------------------------------------------------------------------    -------------------

                         (clock clk_pll_i_1 rise edge)
                                                      0.000     0.000 r  
    BUFGCTRL_X0Y17       BUFG                         0.000     0.000 r  system_i/clk_wiz_1/inst/clkout2_buf/O
                         net (fo=1, routed)           0.835     0.835    system_i/mig_7series_0/u_system_mig_7series_0_2_mig/u_ddr2_infrastructure/mmcm_clk
    PLLE2_ADV_X1Y1       PLLE2_ADV (Prop_plle2_adv_CLKIN1_CLKOUT3)
                                                      0.053     0.888 r  system_i/mig_7series_0/u_system_mig_7series_0_2_mig/u_ddr2_infrastructure/plle2_i/CLKOUT3
                         net (fo=1, routed)           0.437     1.325    system_i/mig_7series_0/u_system_mig_7series_0_2_mig/u_ddr2_infrastructure/pll_clk3_out
    BUFHCE_X1Y12         BUFH (Prop_bufh_I_O)         0.043     1.368 r  system_i/mig_7series_0/u_system_mig_7series_0_2_mig/u_ddr2_infrastructure/u_bufh_pll_clk3/O
                         net (fo=1, routed)           0.494     1.862    system_i/mig_7series_0/u_system_mig_7series_0_2_mig/u_ddr2_infrastructure/pll_clk3
    MMCME2_ADV_X1Y1      MMCME2_ADV (Prop_mmcme2_adv_CLKIN1_CLKFBOUT)
                                                     -1.400     0.461 r  system_i/mig_7series_0/u_system_mig_7series_0_2_mig/u_ddr2_infrastructure/gen_ui_extra_clocks.mmcm_i/CLKFBOUT
                         net (fo=1, routed)           0.544     1.005    system_i/mig_7series_0/u_system_mig_7series_0_2_mig/u_ddr2_infrastructure/clk_pll_i
    BUFGCTRL_X0Y0        BUFG (Prop_bufg_I_O)         0.029     1.034 r  system_i/mig_7series_0/u_system_mig_7series_0_2_mig/u_ddr2_infrastructure/u_bufg_clkdiv0/O
                         net (fo=24798, routed)       0.821     1.854    system_i/yolo_engine_0/inst/u_conv/u_mac_kern/u_mac_stack/g_mul_arr[10].u_mul_11/clk
    SLICE_X47Y121        FDRE                                         r  system_i/yolo_engine_0/inst/u_conv/u_mac_kern/u_mac_stack/g_mul_arr[10].u_mul_11/dsp_P_reg[3][0]/C
                         clock pessimism             -0.299     1.556    
    SLICE_X47Y121        FDRE (Hold_fdre_C_D)         0.070     1.626    system_i/yolo_engine_0/inst/u_conv/u_mac_kern/u_mac_stack/g_mul_arr[10].u_mul_11/dsp_P_reg[3][0]
  -------------------------------------------------------------------
                         required time                         -1.626    
                         arrival time                           1.675    
  -------------------------------------------------------------------
                         slack                                  0.050    





Pulse Width Checks
--------------------------------------------------------------------------------------
Clock Name:         clk_pll_i_1
Waveform(ns):       { 0.000 6.400 }
Period(ns):         12.800
Sources:            { system_i/mig_7series_0/u_system_mig_7series_0_2_mig/u_ddr2_infrastructure/gen_ui_extra_clocks.mmcm_i/CLKFBOUT }

Check Type        Corner  Lib Pin             Reference Pin  Required(ns)  Actual(ns)  Slack(ns)  Location         Pin
Min Period        n/a     IN_FIFO/RDCLK       n/a            5.000         12.800      7.800      IN_FIFO_X1Y4     system_i/mig_7series_0/u_system_mig_7series_0_2_mig/u_memc_ui_top_axi/mem_intfc0/ddr_phy_top0/u_ddr_mc_phy_wrapper/u_ddr_mc_phy/ddr_phy_4lanes_0.u_ddr_phy_4lanes/ddr_byte_lane_A.ddr_byte_lane_A/in_fifo_gen.in_fifo/RDCLK
Max Period        n/a     MMCME2_ADV/CLKFBIN  n/a            100.000       12.800      87.200     MMCME2_ADV_X1Y1  system_i/mig_7series_0/u_system_mig_7series_0_2_mig/u_ddr2_infrastructure/gen_ui_extra_clocks.mmcm_i/CLKFBIN
Low Pulse Width   Slow    IN_FIFO/RDCLK       n/a            2.150         6.400       4.250      IN_FIFO_X1Y4     system_i/mig_7series_0/u_system_mig_7series_0_2_mig/u_memc_ui_top_axi/mem_intfc0/ddr_phy_top0/u_ddr_mc_phy_wrapper/u_ddr_mc_phy/ddr_phy_4lanes_0.u_ddr_phy_4lanes/ddr_byte_lane_A.ddr_byte_lane_A/in_fifo_gen.in_fifo/RDCLK
High Pulse Width  Slow    IN_FIFO/RDCLK       n/a            2.150         6.400       4.250      IN_FIFO_X1Y4     system_i/mig_7series_0/u_system_mig_7series_0_2_mig/u_memc_ui_top_axi/mem_intfc0/ddr_phy_top0/u_ddr_mc_phy_wrapper/u_ddr_mc_phy/ddr_phy_4lanes_0.u_ddr_phy_4lanes/ddr_byte_lane_A.ddr_byte_lane_A/in_fifo_gen.in_fifo/RDCLK



---------------------------------------------------------------------------------------------------
From Clock:  pll_clkfbout_1
  To Clock:  pll_clkfbout_1

Setup :           NA  Failing Endpoints,  Worst Slack           NA  ,  Total Violation           NA
Hold  :           NA  Failing Endpoints,  Worst Slack           NA  ,  Total Violation           NA
PW    :            0  Failing Endpoints,  Worst Slack        9.151ns,  Total Violation        0.000ns
---------------------------------------------------------------------------------------------------


Pulse Width Checks
--------------------------------------------------------------------------------------
Clock Name:         pll_clkfbout_1
Waveform(ns):       { 0.000 5.200 }
Period(ns):         10.400
Sources:            { system_i/mig_7series_0/u_system_mig_7series_0_2_mig/u_ddr2_infrastructure/plle2_i/CLKFBOUT }

Check Type  Corner  Lib Pin             Reference Pin  Required(ns)  Actual(ns)  Slack(ns)  Location        Pin
Min Period  n/a     PLLE2_ADV/CLKFBOUT  n/a            1.249         10.400      9.151      PLLE2_ADV_X1Y1  system_i/mig_7series_0/u_system_mig_7series_0_2_mig/u_ddr2_infrastructure/plle2_i/CLKFBOUT
Max Period  n/a     PLLE2_ADV/CLKFBIN   n/a            52.633        10.400      42.233     PLLE2_ADV_X1Y1  system_i/mig_7series_0/u_system_mig_7series_0_2_mig/u_ddr2_infrastructure/plle2_i/CLKFBIN



---------------------------------------------------------------------------------------------------
From Clock:  sync_pulse_1
  To Clock:  sync_pulse_1

Setup :           NA  Failing Endpoints,  Worst Slack           NA  ,  Total Violation           NA
Hold  :           NA  Failing Endpoints,  Worst Slack           NA  ,  Total Violation           NA
PW    :            0  Failing Endpoints,  Worst Slack        1.950ns,  Total Violation        0.000ns
---------------------------------------------------------------------------------------------------


Pulse Width Checks
--------------------------------------------------------------------------------------
Clock Name:         sync_pulse_1
Waveform(ns):       { 1.400 4.600 }
Period(ns):         51.200
Sources:            { system_i/mig_7series_0/u_system_mig_7series_0_2_mig/u_ddr2_infrastructure/plle2_i/CLKOUT2 }

Check Type        Corner  Lib Pin               Reference Pin  Required(ns)  Actual(ns)  Slack(ns)  Location            Pin
Min Period        n/a     PLLE2_ADV/CLKOUT2     n/a            1.249         51.200      49.951     PLLE2_ADV_X1Y1      system_i/mig_7series_0/u_system_mig_7series_0_2_mig/u_ddr2_infrastructure/plle2_i/CLKOUT2
Max Period        n/a     PLLE2_ADV/CLKOUT2     n/a            160.000       51.200      108.800    PLLE2_ADV_X1Y1      system_i/mig_7series_0/u_system_mig_7series_0_2_mig/u_ddr2_infrastructure/plle2_i/CLKOUT2
High Pulse Width  Slow    PHASER_IN_PHY/SYNCIN  n/a            1.250         3.200       1.950      PHASER_IN_PHY_X1Y4  system_i/mig_7series_0/u_system_mig_7series_0_2_mig/u_memc_ui_top_axi/mem_intfc0/ddr_phy_top0/u_ddr_mc_phy_wrapper/u_ddr_mc_phy/ddr_phy_4lanes_0.u_ddr_phy_4lanes/ddr_byte_lane_A.ddr_byte_lane_A/phaser_in_gen.phaser_in/SYNCIN



---------------------------------------------------------------------------------------------------
From Clock:  clk_pll_i_1
  To Clock:  clk_out1_system_clk_wiz_1_0

Setup :            0  Failing Endpoints,  Worst Slack        9.773ns,  Total Violation        0.000ns
Hold  :           NA  Failing Endpoints,  Worst Slack           NA  ,  Total Violation           NA
---------------------------------------------------------------------------------------------------


Max Delay Paths
--------------------------------------------------------------------------------------
Slack (MET) :             9.773ns  (required time - arrival time)
  Source:                 system_i/axi_smc/inst/m02_nodes/m02_r_node/inst/inst_mi_handler/gen_normal_area.inst_fifo_node_payld/gen_xpm_memory_fifo.inst_fifo/gen_mem_rep[0].inst_xpm_memory/xpm_memory_base_inst/gen_wr_a.gen_word_narrow.mem_reg_0_31_12_17/RAMC/CLK
                            (rising edge-triggered cell RAMD32 clocked by clk_pll_i_1  {rise@0.000ns fall@6.400ns period=12.800ns})
  Destination:            system_i/axi_smc/inst/m02_nodes/m02_r_node/inst/inst_mi_handler/gen_normal_area.inst_fifo_node_payld/gen_xpm_memory_fifo.inst_fifo/gen_mem_rep[0].inst_xpm_memory/xpm_memory_base_inst/gen_rd_b.gen_rd_b_synth_template.gen_rf_narrow_reg.doutb_reg_reg[16]/D
                            (rising edge-triggered cell FDRE clocked by clk_out1_system_clk_wiz_1_0  {rise@0.000ns fall@5.000ns period=10.000ns})
  Path Group:             clk_out1_system_clk_wiz_1_0
  Path Type:              Setup (Max at Slow Process Corner)
  Requirement:            12.800ns  (MaxDelay Path 12.800ns)
  Data Path Delay:        2.719ns  (logic 1.336ns (49.131%)  route 1.383ns (50.869%))
  Logic Levels:           0  
  Timing Exception:       MaxDelay Path 12.800ns -datapath_only

    Location             Delay type                Incr(ns)  Path(ns)    Netlist Resource(s)
  -------------------------------------------------------------------    -------------------
    SLICE_X34Y73                                      0.000     0.000 r  system_i/axi_smc/inst/m02_nodes/m02_r_node/inst/inst_mi_handler/gen_normal_area.inst_fifo_node_payld/gen_xpm_memory_fifo.inst_fifo/gen_mem_rep[0].inst_xpm_memory/xpm_memory_base_inst/gen_wr_a.gen_word_narrow.mem_reg_0_31_12_17/RAMC/CLK
    SLICE_X34Y73         RAMD32 (Prop_ramd32_CLK_O)
                                                      1.336     1.336 r  system_i/axi_smc/inst/m02_nodes/m02_r_node/inst/inst_mi_handler/gen_normal_area.inst_fifo_node_payld/gen_xpm_memory_fifo.inst_fifo/gen_mem_rep[0].inst_xpm_memory/xpm_memory_base_inst/gen_wr_a.gen_word_narrow.mem_reg_0_31_12_17/RAMC/O
                         net (fo=1, routed)           1.383     2.719    system_i/axi_smc/inst/m02_nodes/m02_r_node/inst/inst_mi_handler/gen_normal_area.inst_fifo_node_payld/gen_xpm_memory_fifo.inst_fifo/gen_mem_rep[0].inst_xpm_memory/xpm_memory_base_inst/gen_rd_b.gen_rd_b_synth_template.gen_rf_narrow_reg.doutb_reg_reg0[16]
    SLICE_X40Y60         FDRE                                         r  system_i/axi_smc/inst/m02_nodes/m02_r_node/inst/inst_mi_handler/gen_normal_area.inst_fifo_node_payld/gen_xpm_memory_fifo.inst_fifo/gen_mem_rep[0].inst_xpm_memory/xpm_memory_base_inst/gen_rd_b.gen_rd_b_synth_template.gen_rf_narrow_reg.doutb_reg_reg[16]/D
  -------------------------------------------------------------------    -------------------

                         max delay                   12.800    12.800    
    SLICE_X40Y60         FDRE (Setup_fdre_C_D)       -0.308    12.492    system_i/axi_smc/inst/m02_nodes/m02_r_node/inst/inst_mi_handler/gen_normal_area.inst_fifo_node_payld/gen_xpm_memory_fifo.inst_fifo/gen_mem_rep[0].inst_xpm_memory/xpm_memory_base_inst/gen_rd_b.gen_rd_b_synth_template.gen_rf_narrow_reg.doutb_reg_reg[16]
  -------------------------------------------------------------------
                         required time                         12.492    
                         arrival time                          -2.719    
  -------------------------------------------------------------------
                         slack                                  9.773    





---------------------------------------------------------------------------------------------------
From Clock:  clk_pll_i_1
  To Clock:  clk_out3_system_clk_wiz_1_0

Setup :            0  Failing Endpoints,  Worst Slack       15.078ns,  Total Violation        0.000ns
Hold  :           NA  Failing Endpoints,  Worst Slack           NA  ,  Total Violation           NA
---------------------------------------------------------------------------------------------------


Max Delay Paths
--------------------------------------------------------------------------------------
Slack (MET) :             15.078ns  (required time - arrival time)
  Source:                 system_i/mig_7series_0/u_system_mig_7series_0_2_mig/u_ddr2_infrastructure/rstdiv0_sync_r1_reg_rep/C
                            (rising edge-triggered cell FDPE clocked by clk_pll_i_1  {rise@0.000ns fall@6.400ns period=12.800ns})
  Destination:            system_i/mig_7series_0/u_system_mig_7series_0_2_mig/temp_mon_enabled.u_tempmon/xadc_supplied_temperature.rst_r1_reg/D
                            (rising edge-triggered cell FDRE clocked by clk_out3_system_clk_wiz_1_0  {rise@0.000ns fall@2.500ns period=5.000ns})
  Path Group:             clk_out3_system_clk_wiz_1_0
  Path Type:              Setup (Max at Slow Process Corner)
  Requirement:            20.000ns  (MaxDelay Path 20.000ns)
  Data Path Delay:        4.827ns  (logic 0.456ns (9.447%)  route 4.371ns (90.553%))
  Logic Levels:           0  
  Timing Exception:       MaxDelay Path 20.000ns -datapath_only

    Location             Delay type                Incr(ns)  Path(ns)    Netlist Resource(s)
  -------------------------------------------------------------------    -------------------
    SLICE_X86Y118                                     0.000     0.000 r  system_i/mig_7series_0/u_system_mig_7series_0_2_mig/u_ddr2_infrastructure/rstdiv0_sync_r1_reg_rep/C
    SLICE_X86Y118        FDPE (Prop_fdpe_C_Q)         0.456     0.456 r  system_i/mig_7series_0/u_system_mig_7series_0_2_mig/u_ddr2_infrastructure/rstdiv0_sync_r1_reg_rep/Q
                         net (fo=48, routed)          4.371     4.827    system_i/mig_7series_0/u_system_mig_7series_0_2_mig/temp_mon_enabled.u_tempmon/in0
    SLICE_X13Y157        FDRE                                         r  system_i/mig_7series_0/u_system_mig_7series_0_2_mig/temp_mon_enabled.u_tempmon/xadc_supplied_temperature.rst_r1_reg/D
  -------------------------------------------------------------------    -------------------

                         max delay                   20.000    20.000    
    SLICE_X13Y157        FDRE (Setup_fdre_C_D)       -0.095    19.905    system_i/mig_7series_0/u_system_mig_7series_0_2_mig/temp_mon_enabled.u_tempmon/xadc_supplied_temperature.rst_r1_reg
  -------------------------------------------------------------------
                         required time                         19.905    
                         arrival time                          -4.827    
  -------------------------------------------------------------------
                         slack                                 15.078    





---------------------------------------------------------------------------------------------------
From Clock:  clk_pll_i_1
  To Clock:  u_memc_ui_top_axi/mem_intfc0/ddr_phy_top0/u_ddr_mc_phy_wrapper/u_ddr_mc_phy/ddr_phy_4lanes_0.u_ddr_phy_4lanes/ddr_byte_lane_A.ddr_byte_lane_A/iserdes_clk_1

Setup :            0  Failing Endpoints,  Worst Slack        9.338ns,  Total Violation        0.000ns
Hold  :            0  Failing Endpoints,  Worst Slack       49.322ns,  Total Violation        0.000ns
---------------------------------------------------------------------------------------------------


Max Delay Paths
--------------------------------------------------------------------------------------
Slack (MET) :             9.338ns  (required time - arrival time)
  Source:                 system_i/mig_7series_0/u_system_mig_7series_0_2_mig/u_memc_ui_top_axi/mem_intfc0/mc0/mc_read_idle_r_reg/C
                            (rising edge-triggered cell FDRE clocked by clk_pll_i_1  {rise@0.000ns fall@6.400ns period=12.800ns})
  Destination:            system_i/mig_7series_0/u_system_mig_7series_0_2_mig/u_memc_ui_top_axi/mem_intfc0/ddr_phy_top0/u_ddr_mc_phy_wrapper/u_ddr_mc_phy/ddr_phy_4lanes_0.u_ddr_phy_4lanes/ddr_byte_lane_A.ddr_byte_lane_A/ddr_byte_group_io/input_[1].iserdes_dq_.iserdesdq/DDLY
                            (falling edge-triggered cell ISERDESE2 clocked by u_memc_ui_top_axi/mem_intfc0/ddr_phy_top0/u_ddr_mc_phy_wrapper/u_ddr_mc_phy/ddr_phy_4lanes_0.u_ddr_phy_4lanes/ddr_byte_lane_A.ddr_byte_lane_A/iserdes_clk_1  {rise@0.000ns fall@1.600ns period=3.200ns})
  Path Group:             u_memc_ui_top_axi/mem_intfc0/ddr_phy_top0/u_ddr_mc_phy_wrapper/u_ddr_mc_phy/ddr_phy_4lanes_0.u_ddr_phy_4lanes/ddr_byte_lane_A.ddr_byte_lane_A/iserdes_clk_1
  Path Type:              Setup (Max at Slow Process Corner)
  Requirement:            17.600ns  (u_memc_ui_top_axi/mem_intfc0/ddr_phy_top0/u_ddr_mc_phy_wrapper/u_ddr_mc_phy/ddr_phy_4lanes_0.u_ddr_phy_4lanes/ddr_byte_lane_A.ddr_byte_lane_A/iserdes_clk_1 fall@17.600ns - clk_pll_i_1 rise@0.000ns)
  Data Path Delay:        8.301ns  (logic 3.867ns (46.584%)  route 4.434ns (53.416%))
  Logic Levels:           2  (IBUF_INTERMDISABLE=1 IDELAYE2=1)
  Clock Path Skew:        0.384ns (DCD - SCD + CPR)
    Destination Clock Delay (DCD):    4.334ns = ( 5.934 - 1.600 ) 
    Source Clock Delay      (SCD):    4.076ns
    Clock Pessimism Removal (CPR):    0.127ns
  Clock Uncertainty:      0.180ns  ((TSJ^2 + DJ^2)^1/2) / 2 + PE
    Total System Jitter     (TSJ):    0.071ns
    Discrete Jitter          (DJ):    0.079ns
    Phase Error              (PE):    0.127ns
  Timing Exception:       MultiCycle Path   Setup -end   6

    Location             Delay type                Incr(ns)  Path(ns)    Netlist Resource(s)
  -------------------------------------------------------------------    -------------------
                         (clock clk_pll_i_1 rise edge)
                                                      0.000     0.000 r  
    BUFGCTRL_X0Y17       BUFG                         0.000     0.000 r  system_i/clk_wiz_1/inst/clkout2_buf/O
                         net (fo=1, routed)           1.666     1.666    system_i/mig_7series_0/u_system_mig_7series_0_2_mig/u_ddr2_infrastructure/mmcm_clk
    PLLE2_ADV_X1Y1       PLLE2_ADV (Prop_plle2_adv_CLKIN1_CLKOUT3)
                                                      0.088     1.754 r  system_i/mig_7series_0/u_system_mig_7series_0_2_mig/u_ddr2_infrastructure/plle2_i/CLKOUT3
                         net (fo=1, routed)           1.281     3.035    system_i/mig_7series_0/u_system_mig_7series_0_2_mig/u_ddr2_infrastructure/pll_clk3_out
    BUFHCE_X1Y12         BUFH (Prop_bufh_I_O)         0.127     3.162 r  system_i/mig_7series_0/u_system_mig_7series_0_2_mig/u_ddr2_infrastructure/u_bufh_pll_clk3/O
                         net (fo=1, routed)           0.841     4.003    system_i/mig_7series_0/u_system_mig_7series_0_2_mig/u_ddr2_infrastructure/pll_clk3
    MMCME2_ADV_X1Y1      MMCME2_ADV (Prop_mmcme2_adv_CLKIN1_CLKFBOUT)
                                                     -3.457     0.547 r  system_i/mig_7series_0/u_system_mig_7series_0_2_mig/u_ddr2_infrastructure/gen_ui_extra_clocks.mmcm_i/CLKFBOUT
                         net (fo=1, routed)           1.719     2.266    system_i/mig_7series_0/u_system_mig_7series_0_2_mig/u_ddr2_infrastructure/clk_pll_i
    BUFGCTRL_X0Y0        BUFG (Prop_bufg_I_O)         0.096     2.362 r  system_i/mig_7series_0/u_system_mig_7series_0_2_mig/u_ddr2_infrastructure/u_bufg_clkdiv0/O
                         net (fo=24798, routed)       1.714     4.076    system_i/mig_7series_0/u_system_mig_7series_0_2_mig/u_memc_ui_top_axi/mem_intfc0/mc0/last_master_r_reg[2]
    SLICE_X73Y97         FDRE                                         r  system_i/mig_7series_0/u_system_mig_7series_0_2_mig/u_memc_ui_top_axi/mem_intfc0/mc0/mc_read_idle_r_reg/C
  -------------------------------------------------------------------    -------------------
    SLICE_X73Y97         FDRE (Prop_fdre_C_Q)         0.456     4.532 r  system_i/mig_7series_0/u_system_mig_7series_0_2_mig/u_memc_ui_top_axi/mem_intfc0/mc0/mc_read_idle_r_reg/Q
                         net (fo=40, routed)          4.434     8.967    system_i/mig_7series_0/u_system_mig_7series_0_2_mig/u_memc_ui_top_axi/mem_intfc0/ddr_phy_top0/u_ddr_mc_phy_wrapper/gen_dq_iobuf_HR.gen_dq_iobuf[2].u_iobuf_dq/IBUFDISABLE
    R8                   IBUF_INTERMDISABLE (Prop_ibuf_intermdisable_IBUFDISABLE_O)
                                                      2.596    11.563 r  system_i/mig_7series_0/u_system_mig_7series_0_2_mig/u_memc_ui_top_axi/mem_intfc0/ddr_phy_top0/u_ddr_mc_phy_wrapper/gen_dq_iobuf_HR.gen_dq_iobuf[2].u_iobuf_dq/IBUF/O
                         net (fo=2, routed)           0.000    11.563    system_i/mig_7series_0/u_system_mig_7series_0_2_mig/u_memc_ui_top_axi/mem_intfc0/ddr_phy_top0/u_ddr_mc_phy_wrapper/u_ddr_mc_phy/ddr_phy_4lanes_0.u_ddr_phy_4lanes/ddr_byte_lane_A.ddr_byte_lane_A/ddr_byte_group_io/in_dq_2
    IDELAY_X1Y52         IDELAYE2 (Prop_idelaye2_IDATAIN_DATAOUT)
                                                      0.815    12.378 r  system_i/mig_7series_0/u_system_mig_7series_0_2_mig/u_memc_ui_top_axi/mem_intfc0/ddr_phy_top0/u_ddr_mc_phy_wrapper/u_ddr_mc_phy/ddr_phy_4lanes_0.u_ddr_phy_4lanes/ddr_byte_lane_A.ddr_byte_lane_A/ddr_byte_group_io/input_[1].iserdes_dq_.idelay_dq.idelaye2/DATAOUT
                         net (fo=1, routed)           0.000    12.378    system_i/mig_7series_0/u_system_mig_7series_0_2_mig/u_memc_ui_top_axi/mem_intfc0/ddr_phy_top0/u_ddr_mc_phy_wrapper/u_ddr_mc_phy/ddr_phy_4lanes_0.u_ddr_phy_4lanes/ddr_byte_lane_A.ddr_byte_lane_A/ddr_byte_group_io/data_in_dly_1
    ILOGIC_X1Y52         ISERDESE2                                    r  system_i/mig_7series_0/u_system_mig_7series_0_2_mig/u_memc_ui_top_axi/mem_intfc0/ddr_phy_top0/u_ddr_mc_phy_wrapper/u_ddr_mc_phy/ddr_phy_4lanes_0.u_ddr_phy_4lanes/ddr_byte_lane_A.ddr_byte_lane_A/ddr_byte_group_io/input_[1].iserdes_dq_.iserdesdq/DDLY
  -------------------------------------------------------------------    -------------------

                         (clock u_memc_ui_top_axi/mem_intfc0/ddr_phy_top0/u_ddr_mc_phy_wrapper/u_ddr_mc_phy/ddr_phy_4lanes_0.u_ddr_phy_4lanes/ddr_byte_lane_A.ddr_byte_lane_A/iserdes_clk_1 fall edge)
                                                     17.600    17.600 f  
    BUFGCTRL_X0Y17       BUFG                         0.000    17.600 f  system_i/clk_wiz_1/inst/clkout2_buf/O
                         net (fo=1, routed)           1.544    19.144    system_i/mig_7series_0/u_system_mig_7series_0_2_mig/u_ddr2_infrastructure/mmcm_clk
    PLLE2_ADV_X1Y1       PLLE2_ADV (Prop_plle2_adv_CLKIN1_CLKOUT0)
                                                      0.083    19.227 f  system_i/mig_7series_0/u_system_mig_7series_0_2_mig/u_ddr2_infrastructure/plle2_i/CLKOUT0
                         net (fo=7, routed)           0.588    19.815    system_i/mig_7series_0/u_system_mig_7series_0_2_mig/u_memc_ui_top_axi/mem_intfc0/ddr_phy_top0/u_ddr_mc_phy_wrapper/u_ddr_mc_phy/ddr_phy_4lanes_0.u_ddr_phy_4lanes/ddr_byte_lane_A.ddr_byte_lane_A/freq_refclk
    PHASER_IN_PHY_X1Y4   PHASER_IN_PHY (Prop_phaser_in_phy_FREQREFCLK_ICLK)
                                                      1.692    21.507 f  system_i/mig_7series_0/u_system_mig_7series_0_2_mig/u_memc_ui_top_axi/mem_intfc0/ddr_phy_top0/u_ddr_mc_phy_wrapper/u_ddr_mc_phy/ddr_phy_4lanes_0.u_ddr_phy_4lanes/ddr_byte_lane_A.ddr_byte_lane_A/phaser_in_gen.phaser_in/ICLK
                         net (fo=16, routed)          0.426    21.933    system_i/mig_7series_0/u_system_mig_7series_0_2_mig/u_memc_ui_top_axi/mem_intfc0/ddr_phy_top0/u_ddr_mc_phy_wrapper/u_ddr_mc_phy/ddr_phy_4lanes_0.u_ddr_phy_4lanes/ddr_byte_lane_A.ddr_byte_lane_A/ddr_byte_group_io/CLKB0
    ILOGIC_X1Y52         ISERDESE2                                    r  system_i/mig_7series_0/u_system_mig_7series_0_2_mig/u_memc_ui_top_axi/mem_intfc0/ddr_phy_top0/u_ddr_mc_phy_wrapper/u_ddr_mc_phy/ddr_phy_4lanes_0.u_ddr_phy_4lanes/ddr_byte_lane_A.ddr_byte_lane_A/ddr_byte_group_io/input_[1].iserdes_dq_.iserdesdq/CLKB  (IS_INVERTED)
                         clock pessimism              0.127    22.060    
                         clock uncertainty           -0.180    21.880    
    ILOGIC_X1Y52         ISERDESE2 (Setup_iserdese2_CLKB_DDLY)
                                                     -0.165    21.715    system_i/mig_7series_0/u_system_mig_7series_0_2_mig/u_memc_ui_top_axi/mem_intfc0/ddr_phy_top0/u_ddr_mc_phy_wrapper/u_ddr_mc_phy/ddr_phy_4lanes_0.u_ddr_phy_4lanes/ddr_byte_lane_A.ddr_byte_lane_A/ddr_byte_group_io/input_[1].iserdes_dq_.iserdesdq
  -------------------------------------------------------------------
                         required time                         21.715    
                         arrival time                         -12.378    
  -------------------------------------------------------------------
                         slack                                  9.338    





Min Delay Paths
--------------------------------------------------------------------------------------
Slack (MET) :             49.322ns  (arrival time - required time)
  Source:                 system_i/mig_7series_0/u_system_mig_7series_0_2_mig/u_memc_ui_top_axi/mem_intfc0/mc0/mc_read_idle_r_reg/C
                            (rising edge-triggered cell FDRE clocked by clk_pll_i_1  {rise@0.000ns fall@6.400ns period=12.800ns})
  Destination:            system_i/mig_7series_0/u_system_mig_7series_0_2_mig/u_memc_ui_top_axi/mem_intfc0/ddr_phy_top0/u_ddr_mc_phy_wrapper/u_ddr_mc_phy/ddr_phy_4lanes_0.u_ddr_phy_4lanes/ddr_byte_lane_A.ddr_byte_lane_A/ddr_byte_group_io/input_[9].iserdes_dq_.iserdesdq/DDLY
                            (rising edge-triggered cell ISERDESE2 clocked by u_memc_ui_top_axi/mem_intfc0/ddr_phy_top0/u_ddr_mc_phy_wrapper/u_ddr_mc_phy/ddr_phy_4lanes_0.u_ddr_phy_4lanes/ddr_byte_lane_A.ddr_byte_lane_A/iserdes_clk_1  {rise@0.000ns fall@1.600ns period=3.200ns})
  Path Group:             u_memc_ui_top_axi/mem_intfc0/ddr_phy_top0/u_ddr_mc_phy_wrapper/u_ddr_mc_phy/ddr_phy_4lanes_0.u_ddr_phy_4lanes/ddr_byte_lane_A.ddr_byte_lane_A/iserdes_clk_1
  Path Type:              Hold (Min at Fast Process Corner)
  Requirement:            -48.000ns  (u_memc_ui_top_axi/mem_intfc0/ddr_phy_top0/u_ddr_mc_phy_wrapper/u_ddr_mc_phy/ddr_phy_4lanes_0.u_ddr_phy_4lanes/ddr_byte_lane_A.ddr_byte_lane_A/iserdes_clk_1 rise@16.000ns - clk_pll_i_1 rise@64.000ns)
  Data Path Delay:        2.696ns  (logic 1.068ns (39.610%)  route 1.628ns (60.390%))
  Logic Levels:           2  (IBUF_INTERMDISABLE=1 IDELAYE2=1)
  Clock Path Skew:        1.138ns (DCD - SCD - CPR)
    Destination Clock Delay (DCD):    2.744ns
    Source Clock Delay      (SCD):    1.334ns
    Clock Pessimism Removal (CPR):    0.272ns
  Clock Uncertainty:      0.180ns  ((TSJ^2 + DJ^2)^1/2) / 2 + PE
    Total System Jitter     (TSJ):    0.071ns
    Discrete Jitter          (DJ):    0.079ns
    Phase Error              (PE):    0.127ns
  Timing Exception:       MultiCycle Path   Setup -end   6    Hold  -start 5

    Location             Delay type                Incr(ns)  Path(ns)    Netlist Resource(s)
  -------------------------------------------------------------------    -------------------
                         (clock clk_pll_i_1 rise edge)
                                                     64.000    64.000 r  
    BUFGCTRL_X0Y17       BUFG                         0.000    64.000 r  system_i/clk_wiz_1/inst/clkout2_buf/O
                         net (fo=1, routed)           0.566    64.566    system_i/mig_7series_0/u_system_mig_7series_0_2_mig/u_ddr2_infrastructure/mmcm_clk
    PLLE2_ADV_X1Y1       PLLE2_ADV (Prop_plle2_adv_CLKIN1_CLKOUT3)
                                                      0.050    64.616 r  system_i/mig_7series_0/u_system_mig_7series_0_2_mig/u_ddr2_infrastructure/plle2_i/CLKOUT3
                         net (fo=1, routed)           0.394    65.010    system_i/mig_7series_0/u_system_mig_7series_0_2_mig/u_ddr2_infrastructure/pll_clk3_out
    BUFHCE_X1Y12         BUFH (Prop_bufh_I_O)         0.020    65.030 r  system_i/mig_7series_0/u_system_mig_7series_0_2_mig/u_ddr2_infrastructure/u_bufh_pll_clk3/O
                         net (fo=1, routed)           0.269    65.299    system_i/mig_7series_0/u_system_mig_7series_0_2_mig/u_ddr2_infrastructure/pll_clk3
    MMCME2_ADV_X1Y1      MMCME2_ADV (Prop_mmcme2_adv_CLKIN1_CLKFBOUT)
                                                     -1.083    64.215 r  system_i/mig_7series_0/u_system_mig_7series_0_2_mig/u_ddr2_infrastructure/gen_ui_extra_clocks.mmcm_i/CLKFBOUT
                         net (fo=1, routed)           0.499    64.714    system_i/mig_7series_0/u_system_mig_7series_0_2_mig/u_ddr2_infrastructure/clk_pll_i
    BUFGCTRL_X0Y0        BUFG (Prop_bufg_I_O)         0.026    64.740 r  system_i/mig_7series_0/u_system_mig_7series_0_2_mig/u_ddr2_infrastructure/u_bufg_clkdiv0/O
                         net (fo=24798, routed)       0.594    65.334    system_i/mig_7series_0/u_system_mig_7series_0_2_mig/u_memc_ui_top_axi/mem_intfc0/mc0/last_master_r_reg[2]
    SLICE_X73Y97         FDRE                                         r  system_i/mig_7series_0/u_system_mig_7series_0_2_mig/u_memc_ui_top_axi/mem_intfc0/mc0/mc_read_idle_r_reg/C
  -------------------------------------------------------------------    -------------------
    SLICE_X73Y97         FDRE (Prop_fdre_C_Q)         0.141    65.475 r  system_i/mig_7series_0/u_system_mig_7series_0_2_mig/u_memc_ui_top_axi/mem_intfc0/mc0/mc_read_idle_r_reg/Q
                         net (fo=40, routed)          1.628    67.103    system_i/mig_7series_0/u_system_mig_7series_0_2_mig/u_memc_ui_top_axi/mem_intfc0/ddr_phy_top0/u_ddr_mc_phy_wrapper/gen_dq_iobuf_HR.gen_dq_iobuf[5].u_iobuf_dq/IBUFDISABLE
    R6                   IBUF_INTERMDISABLE (Prop_ibuf_intermdisable_IBUFDISABLE_O)
                                                      0.684    67.787 r  system_i/mig_7series_0/u_system_mig_7series_0_2_mig/u_memc_ui_top_axi/mem_intfc0/ddr_phy_top0/u_ddr_mc_phy_wrapper/gen_dq_iobuf_HR.gen_dq_iobuf[5].u_iobuf_dq/IBUF/O
                         net (fo=2, routed)           0.000    67.787    system_i/mig_7series_0/u_system_mig_7series_0_2_mig/u_memc_ui_top_axi/mem_intfc0/ddr_phy_top0/u_ddr_mc_phy_wrapper/u_ddr_mc_phy/ddr_phy_4lanes_0.u_ddr_phy_4lanes/ddr_byte_lane_A.ddr_byte_lane_A/ddr_byte_group_io/in_dq_5
    IDELAY_X1Y62         IDELAYE2 (Prop_idelaye2_IDATAIN_DATAOUT)
                                                      0.243    68.030 r  system_i/mig_7series_0/u_system_mig_7series_0_2_mig/u_memc_ui_top_axi/mem_intfc0/ddr_phy_top0/u_ddr_mc_phy_wrapper/u_ddr_mc_phy/ddr_phy_4lanes_0.u_ddr_phy_4lanes/ddr_byte_lane_A.ddr_byte_lane_A/ddr_byte_group_io/input_[9].iserdes_dq_.idelay_dq.idelaye2/DATAOUT
                         net (fo=1, routed)           0.000    68.030    system_i/mig_7series_0/u_system_mig_7series_0_2_mig/u_memc_ui_top_axi/mem_intfc0/ddr_phy_top0/u_ddr_mc_phy_wrapper/u_ddr_mc_phy/ddr_phy_4lanes_0.u_ddr_phy_4lanes/ddr_byte_lane_A.ddr_byte_lane_A/ddr_byte_group_io/data_in_dly_9
    ILOGIC_X1Y62         ISERDESE2                                    r  system_i/mig_7series_0/u_system_mig_7series_0_2_mig/u_memc_ui_top_axi/mem_intfc0/ddr_phy_top0/u_ddr_mc_phy_wrapper/u_ddr_mc_phy/ddr_phy_4lanes_0.u_ddr_phy_4lanes/ddr_byte_lane_A.ddr_byte_lane_A/ddr_byte_group_io/input_[9].iserdes_dq_.iserdesdq/DDLY
  -------------------------------------------------------------------    -------------------

                         (clock u_memc_ui_top_axi/mem_intfc0/ddr_phy_top0/u_ddr_mc_phy_wrapper/u_ddr_mc_phy/ddr_phy_4lanes_0.u_ddr_phy_4lanes/ddr_byte_lane_A.ddr_byte_lane_A/iserdes_clk_1 rise edge)
                                                     16.000    16.000 r  
    BUFGCTRL_X0Y17       BUFG                         0.000    16.000 r  system_i/clk_wiz_1/inst/clkout2_buf/O
                         net (fo=1, routed)           0.835    16.835    system_i/mig_7series_0/u_system_mig_7series_0_2_mig/u_ddr2_infrastructure/mmcm_clk
    PLLE2_ADV_X1Y1       PLLE2_ADV (Prop_plle2_adv_CLKIN1_CLKOUT0)
                                                      0.053    16.888 r  system_i/mig_7series_0/u_system_mig_7series_0_2_mig/u_ddr2_infrastructure/plle2_i/CLKOUT0
                         net (fo=7, routed)           0.226    17.114    system_i/mig_7series_0/u_system_mig_7series_0_2_mig/u_memc_ui_top_axi/mem_intfc0/ddr_phy_top0/u_ddr_mc_phy_wrapper/u_ddr_mc_phy/ddr_phy_4lanes_0.u_ddr_phy_4lanes/ddr_byte_lane_A.ddr_byte_lane_A/freq_refclk
    PHASER_IN_PHY_X1Y4   PHASER_IN_PHY (Prop_phaser_in_phy_FREQREFCLK_ICLK)
                                                      1.445    18.559 r  system_i/mig_7series_0/u_system_mig_7series_0_2_mig/u_memc_ui_top_axi/mem_intfc0/ddr_phy_top0/u_ddr_mc_phy_wrapper/u_ddr_mc_phy/ddr_phy_4lanes_0.u_ddr_phy_4lanes/ddr_byte_lane_A.ddr_byte_lane_A/phaser_in_gen.phaser_in/ICLK
                         net (fo=16, routed)          0.185    18.744    system_i/mig_7series_0/u_system_mig_7series_0_2_mig/u_memc_ui_top_axi/mem_intfc0/ddr_phy_top0/u_ddr_mc_phy_wrapper/u_ddr_mc_phy/ddr_phy_4lanes_0.u_ddr_phy_4lanes/ddr_byte_lane_A.ddr_byte_lane_A/ddr_byte_group_io/input_[9].iserdes_dq_.iserdesdq_0
    ILOGIC_X1Y62         ISERDESE2                                    r  system_i/mig_7series_0/u_system_mig_7series_0_2_mig/u_memc_ui_top_axi/mem_intfc0/ddr_phy_top0/u_ddr_mc_phy_wrapper/u_ddr_mc_phy/ddr_phy_4lanes_0.u_ddr_phy_4lanes/ddr_byte_lane_A.ddr_byte_lane_A/ddr_byte_group_io/input_[9].iserdes_dq_.iserdesdq/CLK
                         clock pessimism             -0.272    18.472    
                         clock uncertainty            0.180    18.652    
    ILOGIC_X1Y62         ISERDESE2 (Hold_iserdese2_CLK_DDLY)
                                                      0.056    18.708    system_i/mig_7series_0/u_system_mig_7series_0_2_mig/u_memc_ui_top_axi/mem_intfc0/ddr_phy_top0/u_ddr_mc_phy_wrapper/u_ddr_mc_phy/ddr_phy_4lanes_0.u_ddr_phy_4lanes/ddr_byte_lane_A.ddr_byte_lane_A/ddr_byte_group_io/input_[9].iserdes_dq_.iserdesdq
  -------------------------------------------------------------------
                         required time                        -18.708    
                         arrival time                          68.030    
  -------------------------------------------------------------------
                         slack                                 49.322    





---------------------------------------------------------------------------------------------------
From Clock:  clk_pll_i_1
  To Clock:  u_memc_ui_top_axi/mem_intfc0/ddr_phy_top0/u_ddr_mc_phy_wrapper/u_ddr_mc_phy/ddr_phy_4lanes_0.u_ddr_phy_4lanes/ddr_byte_lane_C.ddr_byte_lane_C/iserdes_clk_1

Setup :            0  Failing Endpoints,  Worst Slack       10.748ns,  Total Violation        0.000ns
Hold  :            0  Failing Endpoints,  Worst Slack       48.382ns,  Total Violation        0.000ns
---------------------------------------------------------------------------------------------------


Max Delay Paths
--------------------------------------------------------------------------------------
Slack (MET) :             10.748ns  (required time - arrival time)
  Source:                 system_i/mig_7series_0/u_system_mig_7series_0_2_mig/u_memc_ui_top_axi/mem_intfc0/mc0/mc_read_idle_r_reg/C
                            (rising edge-triggered cell FDRE clocked by clk_pll_i_1  {rise@0.000ns fall@6.400ns period=12.800ns})
  Destination:            system_i/mig_7series_0/u_system_mig_7series_0_2_mig/u_memc_ui_top_axi/mem_intfc0/ddr_phy_top0/u_ddr_mc_phy_wrapper/u_ddr_mc_phy/ddr_phy_4lanes_0.u_ddr_phy_4lanes/ddr_byte_lane_C.ddr_byte_lane_C/ddr_byte_group_io/input_[1].iserdes_dq_.iserdesdq/DDLY
                            (falling edge-triggered cell ISERDESE2 clocked by u_memc_ui_top_axi/mem_intfc0/ddr_phy_top0/u_ddr_mc_phy_wrapper/u_ddr_mc_phy/ddr_phy_4lanes_0.u_ddr_phy_4lanes/ddr_byte_lane_C.ddr_byte_lane_C/iserdes_clk_1  {rise@0.000ns fall@1.600ns period=3.200ns})
  Path Group:             u_memc_ui_top_axi/mem_intfc0/ddr_phy_top0/u_ddr_mc_phy_wrapper/u_ddr_mc_phy/ddr_phy_4lanes_0.u_ddr_phy_4lanes/ddr_byte_lane_C.ddr_byte_lane_C/iserdes_clk_1
  Path Type:              Setup (Max at Slow Process Corner)
  Requirement:            17.600ns  (u_memc_ui_top_axi/mem_intfc0/ddr_phy_top0/u_ddr_mc_phy_wrapper/u_ddr_mc_phy/ddr_phy_4lanes_0.u_ddr_phy_4lanes/ddr_byte_lane_C.ddr_byte_lane_C/iserdes_clk_1 fall@17.600ns - clk_pll_i_1 rise@0.000ns)
  Data Path Delay:        6.862ns  (logic 3.867ns (56.351%)  route 2.995ns (43.649%))
  Logic Levels:           2  (IBUF_INTERMDISABLE=1 IDELAYE2=1)
  Clock Path Skew:        0.355ns (DCD - SCD + CPR)
    Destination Clock Delay (DCD):    4.305ns = ( 5.905 - 1.600 ) 
    Source Clock Delay      (SCD):    4.076ns
    Clock Pessimism Removal (CPR):    0.127ns
  Clock Uncertainty:      0.180ns  ((TSJ^2 + DJ^2)^1/2) / 2 + PE
    Total System Jitter     (TSJ):    0.071ns
    Discrete Jitter          (DJ):    0.079ns
    Phase Error              (PE):    0.127ns
  Timing Exception:       MultiCycle Path   Setup -end   6

    Location             Delay type                Incr(ns)  Path(ns)    Netlist Resource(s)
  -------------------------------------------------------------------    -------------------
                         (clock clk_pll_i_1 rise edge)
                                                      0.000     0.000 r  
    BUFGCTRL_X0Y17       BUFG                         0.000     0.000 r  system_i/clk_wiz_1/inst/clkout2_buf/O
                         net (fo=1, routed)           1.666     1.666    system_i/mig_7series_0/u_system_mig_7series_0_2_mig/u_ddr2_infrastructure/mmcm_clk
    PLLE2_ADV_X1Y1       PLLE2_ADV (Prop_plle2_adv_CLKIN1_CLKOUT3)
                                                      0.088     1.754 r  system_i/mig_7series_0/u_system_mig_7series_0_2_mig/u_ddr2_infrastructure/plle2_i/CLKOUT3
                         net (fo=1, routed)           1.281     3.035    system_i/mig_7series_0/u_system_mig_7series_0_2_mig/u_ddr2_infrastructure/pll_clk3_out
    BUFHCE_X1Y12         BUFH (Prop_bufh_I_O)         0.127     3.162 r  system_i/mig_7series_0/u_system_mig_7series_0_2_mig/u_ddr2_infrastructure/u_bufh_pll_clk3/O
                         net (fo=1, routed)           0.841     4.003    system_i/mig_7series_0/u_system_mig_7series_0_2_mig/u_ddr2_infrastructure/pll_clk3
    MMCME2_ADV_X1Y1      MMCME2_ADV (Prop_mmcme2_adv_CLKIN1_CLKFBOUT)
                                                     -3.457     0.547 r  system_i/mig_7series_0/u_system_mig_7series_0_2_mig/u_ddr2_infrastructure/gen_ui_extra_clocks.mmcm_i/CLKFBOUT
                         net (fo=1, routed)           1.719     2.266    system_i/mig_7series_0/u_system_mig_7series_0_2_mig/u_ddr2_infrastructure/clk_pll_i
    BUFGCTRL_X0Y0        BUFG (Prop_bufg_I_O)         0.096     2.362 r  system_i/mig_7series_0/u_system_mig_7series_0_2_mig/u_ddr2_infrastructure/u_bufg_clkdiv0/O
                         net (fo=24798, routed)       1.714     4.076    system_i/mig_7series_0/u_system_mig_7series_0_2_mig/u_memc_ui_top_axi/mem_intfc0/mc0/last_master_r_reg[2]
    SLICE_X73Y97         FDRE                                         r  system_i/mig_7series_0/u_system_mig_7series_0_2_mig/u_memc_ui_top_axi/mem_intfc0/mc0/mc_read_idle_r_reg/C
  -------------------------------------------------------------------    -------------------
    SLICE_X73Y97         FDRE (Prop_fdre_C_Q)         0.456     4.532 r  system_i/mig_7series_0/u_system_mig_7series_0_2_mig/u_memc_ui_top_axi/mem_intfc0/mc0/mc_read_idle_r_reg/Q
                         net (fo=40, routed)          2.995     7.528    system_i/mig_7series_0/u_system_mig_7series_0_2_mig/u_memc_ui_top_axi/mem_intfc0/ddr_phy_top0/u_ddr_mc_phy_wrapper/gen_dq_iobuf_HR.gen_dq_iobuf[8].u_iobuf_dq/IBUFDISABLE
    T5                   IBUF_INTERMDISABLE (Prop_ibuf_intermdisable_IBUFDISABLE_O)
                                                      2.596    10.124 r  system_i/mig_7series_0/u_system_mig_7series_0_2_mig/u_memc_ui_top_axi/mem_intfc0/ddr_phy_top0/u_ddr_mc_phy_wrapper/gen_dq_iobuf_HR.gen_dq_iobuf[8].u_iobuf_dq/IBUF/O
                         net (fo=2, routed)           0.000    10.124    system_i/mig_7series_0/u_system_mig_7series_0_2_mig/u_memc_ui_top_axi/mem_intfc0/ddr_phy_top0/u_ddr_mc_phy_wrapper/u_ddr_mc_phy/ddr_phy_4lanes_0.u_ddr_phy_4lanes/ddr_byte_lane_C.ddr_byte_lane_C/ddr_byte_group_io/in_dq_8
    IDELAY_X1Y76         IDELAYE2 (Prop_idelaye2_IDATAIN_DATAOUT)
                                                      0.815    10.939 r  system_i/mig_7series_0/u_system_mig_7series_0_2_mig/u_memc_ui_top_axi/mem_intfc0/ddr_phy_top0/u_ddr_mc_phy_wrapper/u_ddr_mc_phy/ddr_phy_4lanes_0.u_ddr_phy_4lanes/ddr_byte_lane_C.ddr_byte_lane_C/ddr_byte_group_io/input_[1].iserdes_dq_.idelay_dq.idelaye2/DATAOUT
                         net (fo=1, routed)           0.000    10.939    system_i/mig_7series_0/u_system_mig_7series_0_2_mig/u_memc_ui_top_axi/mem_intfc0/ddr_phy_top0/u_ddr_mc_phy_wrapper/u_ddr_mc_phy/ddr_phy_4lanes_0.u_ddr_phy_4lanes/ddr_byte_lane_C.ddr_byte_lane_C/ddr_byte_group_io/data_in_dly_1
    ILOGIC_X1Y76         ISERDESE2                                    r  system_i/mig_7series_0/u_system_mig_7series_0_2_mig/u_memc_ui_top_axi/mem_intfc0/ddr_phy_top0/u_ddr_mc_phy_wrapper/u_ddr_mc_phy/ddr_phy_4lanes_0.u_ddr_phy_4lanes/ddr_byte_lane_C.ddr_byte_lane_C/ddr_byte_group_io/input_[1].iserdes_dq_.iserdesdq/DDLY
  -------------------------------------------------------------------    -------------------

                         (clock u_memc_ui_top_axi/mem_intfc0/ddr_phy_top0/u_ddr_mc_phy_wrapper/u_ddr_mc_phy/ddr_phy_4lanes_0.u_ddr_phy_4lanes/ddr_byte_lane_C.ddr_byte_lane_C/iserdes_clk_1 fall edge)
                                                     17.600    17.600 f  
    BUFGCTRL_X0Y17       BUFG                         0.000    17.600 f  system_i/clk_wiz_1/inst/clkout2_buf/O
                         net (fo=1, routed)           1.544    19.144    system_i/mig_7series_0/u_system_mig_7series_0_2_mig/u_ddr2_infrastructure/mmcm_clk
    PLLE2_ADV_X1Y1       PLLE2_ADV (Prop_plle2_adv_CLKIN1_CLKOUT0)
                                                      0.083    19.227 f  system_i/mig_7series_0/u_system_mig_7series_0_2_mig/u_ddr2_infrastructure/plle2_i/CLKOUT0
                         net (fo=7, routed)           0.576    19.803    system_i/mig_7series_0/u_system_mig_7series_0_2_mig/u_memc_ui_top_axi/mem_intfc0/ddr_phy_top0/u_ddr_mc_phy_wrapper/u_ddr_mc_phy/ddr_phy_4lanes_0.u_ddr_phy_4lanes/ddr_byte_lane_C.ddr_byte_lane_C/freq_refclk
    PHASER_IN_PHY_X1Y6   PHASER_IN_PHY (Prop_phaser_in_phy_FREQREFCLK_ICLK)
                                                      1.692    21.495 f  system_i/mig_7series_0/u_system_mig_7series_0_2_mig/u_memc_ui_top_axi/mem_intfc0/ddr_phy_top0/u_ddr_mc_phy_wrapper/u_ddr_mc_phy/ddr_phy_4lanes_0.u_ddr_phy_4lanes/ddr_byte_lane_C.ddr_byte_lane_C/phaser_in_gen.phaser_in/ICLK
                         net (fo=16, routed)          0.409    21.904    system_i/mig_7series_0/u_system_mig_7series_0_2_mig/u_memc_ui_top_axi/mem_intfc0/ddr_phy_top0/u_ddr_mc_phy_wrapper/u_ddr_mc_phy/ddr_phy_4lanes_0.u_ddr_phy_4lanes/ddr_byte_lane_C.ddr_byte_lane_C/ddr_byte_group_io/CLKB0_4
    ILOGIC_X1Y76         ISERDESE2                                    r  system_i/mig_7series_0/u_system_mig_7series_0_2_mig/u_memc_ui_top_axi/mem_intfc0/ddr_phy_top0/u_ddr_mc_phy_wrapper/u_ddr_mc_phy/ddr_phy_4lanes_0.u_ddr_phy_4lanes/ddr_byte_lane_C.ddr_byte_lane_C/ddr_byte_group_io/input_[1].iserdes_dq_.iserdesdq/CLKB  (IS_INVERTED)
                         clock pessimism              0.127    22.031    
                         clock uncertainty           -0.180    21.851    
    ILOGIC_X1Y76         ISERDESE2 (Setup_iserdese2_CLKB_DDLY)
                                                     -0.165    21.686    system_i/mig_7series_0/u_system_mig_7series_0_2_mig/u_memc_ui_top_axi/mem_intfc0/ddr_phy_top0/u_ddr_mc_phy_wrapper/u_ddr_mc_phy/ddr_phy_4lanes_0.u_ddr_phy_4lanes/ddr_byte_lane_C.ddr_byte_lane_C/ddr_byte_group_io/input_[1].iserdes_dq_.iserdesdq
  -------------------------------------------------------------------
                         required time                         21.686    
                         arrival time                         -10.939    
  -------------------------------------------------------------------
                         slack                                 10.748    





Min Delay Paths
--------------------------------------------------------------------------------------
Slack (MET) :             48.382ns  (arrival time - required time)
  Source:                 system_i/mig_7series_0/u_system_mig_7series_0_2_mig/u_memc_ui_top_axi/mem_intfc0/mc0/mc_read_idle_r_reg/C
                            (rising edge-triggered cell FDRE clocked by clk_pll_i_1  {rise@0.000ns fall@6.400ns period=12.800ns})
  Destination:            system_i/mig_7series_0/u_system_mig_7series_0_2_mig/u_memc_ui_top_axi/mem_intfc0/ddr_phy_top0/u_ddr_mc_phy_wrapper/u_ddr_mc_phy/ddr_phy_4lanes_0.u_ddr_phy_4lanes/ddr_byte_lane_C.ddr_byte_lane_C/ddr_byte_group_io/input_[7].iserdes_dq_.iserdesdq/DDLY
                            (rising edge-triggered cell ISERDESE2 clocked by u_memc_ui_top_axi/mem_intfc0/ddr_phy_top0/u_ddr_mc_phy_wrapper/u_ddr_mc_phy/ddr_phy_4lanes_0.u_ddr_phy_4lanes/ddr_byte_lane_C.ddr_byte_lane_C/iserdes_clk_1  {rise@0.000ns fall@1.600ns period=3.200ns})
  Path Group:             u_memc_ui_top_axi/mem_intfc0/ddr_phy_top0/u_ddr_mc_phy_wrapper/u_ddr_mc_phy/ddr_phy_4lanes_0.u_ddr_phy_4lanes/ddr_byte_lane_C.ddr_byte_lane_C/iserdes_clk_1
  Path Type:              Hold (Min at Fast Process Corner)
  Requirement:            -48.000ns  (u_memc_ui_top_axi/mem_intfc0/ddr_phy_top0/u_ddr_mc_phy_wrapper/u_ddr_mc_phy/ddr_phy_4lanes_0.u_ddr_phy_4lanes/ddr_byte_lane_C.ddr_byte_lane_C/iserdes_clk_1 rise@16.000ns - clk_pll_i_1 rise@64.000ns)
  Data Path Delay:        1.743ns  (logic 1.068ns (61.281%)  route 0.675ns (38.719%))
  Logic Levels:           2  (IBUF_INTERMDISABLE=1 IDELAYE2=1)
  Clock Path Skew:        1.124ns (DCD - SCD - CPR)
    Destination Clock Delay (DCD):    2.730ns
    Source Clock Delay      (SCD):    1.334ns
    Clock Pessimism Removal (CPR):    0.272ns
  Clock Uncertainty:      0.180ns  ((TSJ^2 + DJ^2)^1/2) / 2 + PE
    Total System Jitter     (TSJ):    0.071ns
    Discrete Jitter          (DJ):    0.079ns
    Phase Error              (PE):    0.127ns
  Timing Exception:       MultiCycle Path   Setup -end   6    Hold  -start 5

    Location             Delay type                Incr(ns)  Path(ns)    Netlist Resource(s)
  -------------------------------------------------------------------    -------------------
                         (clock clk_pll_i_1 rise edge)
                                                     64.000    64.000 r  
    BUFGCTRL_X0Y17       BUFG                         0.000    64.000 r  system_i/clk_wiz_1/inst/clkout2_buf/O
                         net (fo=1, routed)           0.566    64.566    system_i/mig_7series_0/u_system_mig_7series_0_2_mig/u_ddr2_infrastructure/mmcm_clk
    PLLE2_ADV_X1Y1       PLLE2_ADV (Prop_plle2_adv_CLKIN1_CLKOUT3)
                                                      0.050    64.616 r  system_i/mig_7series_0/u_system_mig_7series_0_2_mig/u_ddr2_infrastructure/plle2_i/CLKOUT3
                         net (fo=1, routed)           0.394    65.010    system_i/mig_7series_0/u_system_mig_7series_0_2_mig/u_ddr2_infrastructure/pll_clk3_out
    BUFHCE_X1Y12         BUFH (Prop_bufh_I_O)         0.020    65.030 r  system_i/mig_7series_0/u_system_mig_7series_0_2_mig/u_ddr2_infrastructure/u_bufh_pll_clk3/O
                         net (fo=1, routed)           0.269    65.299    system_i/mig_7series_0/u_system_mig_7series_0_2_mig/u_ddr2_infrastructure/pll_clk3
    MMCME2_ADV_X1Y1      MMCME2_ADV (Prop_mmcme2_adv_CLKIN1_CLKFBOUT)
                                                     -1.083    64.215 r  system_i/mig_7series_0/u_system_mig_7series_0_2_mig/u_ddr2_infrastructure/gen_ui_extra_clocks.mmcm_i/CLKFBOUT
                         net (fo=1, routed)           0.499    64.714    system_i/mig_7series_0/u_system_mig_7series_0_2_mig/u_ddr2_infrastructure/clk_pll_i
    BUFGCTRL_X0Y0        BUFG (Prop_bufg_I_O)         0.026    64.740 r  system_i/mig_7series_0/u_system_mig_7series_0_2_mig/u_ddr2_infrastructure/u_bufg_clkdiv0/O
                         net (fo=24798, routed)       0.594    65.334    system_i/mig_7series_0/u_system_mig_7series_0_2_mig/u_memc_ui_top_axi/mem_intfc0/mc0/last_master_r_reg[2]
    SLICE_X73Y97         FDRE                                         r  system_i/mig_7series_0/u_system_mig_7series_0_2_mig/u_memc_ui_top_axi/mem_intfc0/mc0/mc_read_idle_r_reg/C
  -------------------------------------------------------------------    -------------------
    SLICE_X73Y97         FDRE (Prop_fdre_C_Q)         0.141    65.475 r  system_i/mig_7series_0/u_system_mig_7series_0_2_mig/u_memc_ui_top_axi/mem_intfc0/mc0/mc_read_idle_r_reg/Q
                         net (fo=40, routed)          0.675    66.149    system_i/mig_7series_0/u_system_mig_7series_0_2_mig/u_memc_ui_top_axi/mem_intfc0/ddr_phy_top0/u_ddr_mc_phy_wrapper/gen_dq_iobuf_HR.gen_dq_iobuf[11].u_iobuf_dq/IBUFDISABLE
    U4                   IBUF_INTERMDISABLE (Prop_ibuf_intermdisable_IBUFDISABLE_O)
                                                      0.684    66.833 r  system_i/mig_7series_0/u_system_mig_7series_0_2_mig/u_memc_ui_top_axi/mem_intfc0/ddr_phy_top0/u_ddr_mc_phy_wrapper/gen_dq_iobuf_HR.gen_dq_iobuf[11].u_iobuf_dq/IBUF/O
                         net (fo=2, routed)           0.000    66.833    system_i/mig_7series_0/u_system_mig_7series_0_2_mig/u_memc_ui_top_axi/mem_intfc0/ddr_phy_top0/u_ddr_mc_phy_wrapper/u_ddr_mc_phy/ddr_phy_4lanes_0.u_ddr_phy_4lanes/ddr_byte_lane_C.ddr_byte_lane_C/ddr_byte_group_io/in_dq_11
    IDELAY_X1Y84         IDELAYE2 (Prop_idelaye2_IDATAIN_DATAOUT)
                                                      0.243    67.076 r  system_i/mig_7series_0/u_system_mig_7series_0_2_mig/u_memc_ui_top_axi/mem_intfc0/ddr_phy_top0/u_ddr_mc_phy_wrapper/u_ddr_mc_phy/ddr_phy_4lanes_0.u_ddr_phy_4lanes/ddr_byte_lane_C.ddr_byte_lane_C/ddr_byte_group_io/input_[7].iserdes_dq_.idelay_dq.idelaye2/DATAOUT
                         net (fo=1, routed)           0.000    67.076    system_i/mig_7series_0/u_system_mig_7series_0_2_mig/u_memc_ui_top_axi/mem_intfc0/ddr_phy_top0/u_ddr_mc_phy_wrapper/u_ddr_mc_phy/ddr_phy_4lanes_0.u_ddr_phy_4lanes/ddr_byte_lane_C.ddr_byte_lane_C/ddr_byte_group_io/data_in_dly_7
    ILOGIC_X1Y84         ISERDESE2                                    r  system_i/mig_7series_0/u_system_mig_7series_0_2_mig/u_memc_ui_top_axi/mem_intfc0/ddr_phy_top0/u_ddr_mc_phy_wrapper/u_ddr_mc_phy/ddr_phy_4lanes_0.u_ddr_phy_4lanes/ddr_byte_lane_C.ddr_byte_lane_C/ddr_byte_group_io/input_[7].iserdes_dq_.iserdesdq/DDLY
  -------------------------------------------------------------------    -------------------

                         (clock u_memc_ui_top_axi/mem_intfc0/ddr_phy_top0/u_ddr_mc_phy_wrapper/u_ddr_mc_phy/ddr_phy_4lanes_0.u_ddr_phy_4lanes/ddr_byte_lane_C.ddr_byte_lane_C/iserdes_clk_1 rise edge)
                                                     16.000    16.000 r  
    BUFGCTRL_X0Y17       BUFG                         0.000    16.000 r  system_i/clk_wiz_1/inst/clkout2_buf/O
                         net (fo=1, routed)           0.835    16.835    system_i/mig_7series_0/u_system_mig_7series_0_2_mig/u_ddr2_infrastructure/mmcm_clk
    PLLE2_ADV_X1Y1       PLLE2_ADV (Prop_plle2_adv_CLKIN1_CLKOUT0)
                                                      0.053    16.888 r  system_i/mig_7series_0/u_system_mig_7series_0_2_mig/u_ddr2_infrastructure/plle2_i/CLKOUT0
                         net (fo=7, routed)           0.217    17.105    system_i/mig_7series_0/u_system_mig_7series_0_2_mig/u_memc_ui_top_axi/mem_intfc0/ddr_phy_top0/u_ddr_mc_phy_wrapper/u_ddr_mc_phy/ddr_phy_4lanes_0.u_ddr_phy_4lanes/ddr_byte_lane_C.ddr_byte_lane_C/freq_refclk
    PHASER_IN_PHY_X1Y6   PHASER_IN_PHY (Prop_phaser_in_phy_FREQREFCLK_ICLK)
                                                      1.445    18.550 r  system_i/mig_7series_0/u_system_mig_7series_0_2_mig/u_memc_ui_top_axi/mem_intfc0/ddr_phy_top0/u_ddr_mc_phy_wrapper/u_ddr_mc_phy/ddr_phy_4lanes_0.u_ddr_phy_4lanes/ddr_byte_lane_C.ddr_byte_lane_C/phaser_in_gen.phaser_in/ICLK
                         net (fo=16, routed)          0.180    18.730    system_i/mig_7series_0/u_system_mig_7series_0_2_mig/u_memc_ui_top_axi/mem_intfc0/ddr_phy_top0/u_ddr_mc_phy_wrapper/u_ddr_mc_phy/ddr_phy_4lanes_0.u_ddr_phy_4lanes/ddr_byte_lane_C.ddr_byte_lane_C/ddr_byte_group_io/input_[8].iserdes_dq_.iserdesdq_0
    ILOGIC_X1Y84         ISERDESE2                                    r  system_i/mig_7series_0/u_system_mig_7series_0_2_mig/u_memc_ui_top_axi/mem_intfc0/ddr_phy_top0/u_ddr_mc_phy_wrapper/u_ddr_mc_phy/ddr_phy_4lanes_0.u_ddr_phy_4lanes/ddr_byte_lane_C.ddr_byte_lane_C/ddr_byte_group_io/input_[7].iserdes_dq_.iserdesdq/CLK
                         clock pessimism             -0.272    18.458    
                         clock uncertainty            0.180    18.638    
    ILOGIC_X1Y84         ISERDESE2 (Hold_iserdese2_CLK_DDLY)
                                                      0.056    18.694    system_i/mig_7series_0/u_system_mig_7series_0_2_mig/u_memc_ui_top_axi/mem_intfc0/ddr_phy_top0/u_ddr_mc_phy_wrapper/u_ddr_mc_phy/ddr_phy_4lanes_0.u_ddr_phy_4lanes/ddr_byte_lane_C.ddr_byte_lane_C/ddr_byte_group_io/input_[7].iserdes_dq_.iserdesdq
  -------------------------------------------------------------------
                         required time                        -18.694    
                         arrival time                          67.076    
  -------------------------------------------------------------------
                         slack                                 48.382    





---------------------------------------------------------------------------------------------------
From Clock:  sync_pulse_1
  To Clock:  mem_refclk_1

Setup :            0  Failing Endpoints,  Worst Slack        1.382ns,  Total Violation        0.000ns
Hold  :            0  Failing Endpoints,  Worst Slack        0.990ns,  Total Violation        0.000ns
---------------------------------------------------------------------------------------------------


Max Delay Paths
--------------------------------------------------------------------------------------
Slack (MET) :             1.382ns  (required time - arrival time)
  Source:                 system_i/mig_7series_0/u_system_mig_7series_0_2_mig/u_ddr2_infrastructure/plle2_i/CLKOUT2
                            (clock source 'sync_pulse_1'  {rise@1.400ns fall@4.600ns period=51.200ns})
  Destination:            system_i/mig_7series_0/u_system_mig_7series_0_2_mig/u_memc_ui_top_axi/mem_intfc0/ddr_phy_top0/u_ddr_mc_phy_wrapper/u_ddr_mc_phy/ddr_phy_4lanes_0.u_ddr_phy_4lanes/phy_control_i/SYNCIN
                            (rising edge-triggered cell PHY_CONTROL clocked by mem_refclk_1  {rise@0.000ns fall@1.600ns period=3.200ns})
  Path Group:             mem_refclk_1
  Path Type:              Setup (Max at Slow Process Corner)
  Requirement:            1.800ns  (mem_refclk_1 rise@3.200ns - sync_pulse_1 rise@1.400ns)
  Data Path Delay:        0.621ns  (logic 0.000ns (0.000%)  route 0.621ns (100.000%))
  Logic Levels:           0  
  Clock Path Skew:        0.589ns (DCD - SCD + CPR)
    Destination Clock Delay (DCD):    2.216ns = ( 5.416 - 3.200 ) 
    Source Clock Delay      (SCD):    1.754ns = ( 3.154 - 1.400 ) 
    Clock Pessimism Removal (CPR):    0.127ns
  Clock Uncertainty:      0.204ns  ((TSJ^2 + DJ^2)^1/2) / 2 + PE
    Total System Jitter     (TSJ):    0.071ns
    Discrete Jitter          (DJ):    0.152ns
    Phase Error              (PE):    0.120ns

    Location             Delay type                Incr(ns)  Path(ns)    Netlist Resource(s)
  -------------------------------------------------------------------    -------------------
                         (clock sync_pulse_1 rise edge)
                                                      1.400     1.400 r  
    BUFGCTRL_X0Y17       BUFG                         0.000     1.400 r  system_i/clk_wiz_1/inst/clkout2_buf/O
                         net (fo=1, routed)           1.666     3.066    system_i/mig_7series_0/u_system_mig_7series_0_2_mig/u_ddr2_infrastructure/mmcm_clk
  -------------------------------------------------------------------    -------------------
    PLLE2_ADV_X1Y1       PLLE2_ADV (Prop_plle2_adv_CLKIN1_CLKOUT2)
                                                      0.088     3.154 r  system_i/mig_7series_0/u_system_mig_7series_0_2_mig/u_ddr2_infrastructure/plle2_i/CLKOUT2
                         net (fo=7, routed)           0.621     3.775    system_i/mig_7series_0/u_system_mig_7series_0_2_mig/u_memc_ui_top_axi/mem_intfc0/ddr_phy_top0/u_ddr_mc_phy_wrapper/u_ddr_mc_phy/ddr_phy_4lanes_0.u_ddr_phy_4lanes/sync_pulse
    PHY_CONTROL_X1Y1     PHY_CONTROL                                  r  system_i/mig_7series_0/u_system_mig_7series_0_2_mig/u_memc_ui_top_axi/mem_intfc0/ddr_phy_top0/u_ddr_mc_phy_wrapper/u_ddr_mc_phy/ddr_phy_4lanes_0.u_ddr_phy_4lanes/phy_control_i/SYNCIN
  -------------------------------------------------------------------    -------------------

                         (clock mem_refclk_1 rise edge)
                                                      3.200     3.200 r  
    BUFGCTRL_X0Y17       BUFG                         0.000     3.200 r  system_i/clk_wiz_1/inst/clkout2_buf/O
                         net (fo=1, routed)           1.544     4.744    system_i/mig_7series_0/u_system_mig_7series_0_2_mig/u_ddr2_infrastructure/mmcm_clk
    PLLE2_ADV_X1Y1       PLLE2_ADV (Prop_plle2_adv_CLKIN1_CLKOUT1)
                                                      0.083     4.827 r  system_i/mig_7series_0/u_system_mig_7series_0_2_mig/u_ddr2_infrastructure/plle2_i/CLKOUT1
                         net (fo=7, routed)           0.589     5.416    system_i/mig_7series_0/u_system_mig_7series_0_2_mig/u_memc_ui_top_axi/mem_intfc0/ddr_phy_top0/u_ddr_mc_phy_wrapper/u_ddr_mc_phy/ddr_phy_4lanes_0.u_ddr_phy_4lanes/mem_refclk
    PHY_CONTROL_X1Y1     PHY_CONTROL                                  r  system_i/mig_7series_0/u_system_mig_7series_0_2_mig/u_memc_ui_top_axi/mem_intfc0/ddr_phy_top0/u_ddr_mc_phy_wrapper/u_ddr_mc_phy/ddr_phy_4lanes_0.u_ddr_phy_4lanes/phy_control_i/MEMREFCLK
                         clock pessimism              0.127     5.543    
                         clock uncertainty           -0.204     5.340    
    PHY_CONTROL_X1Y1     PHY_CONTROL (Setup_phy_control_MEMREFCLK_SYNCIN)
                                                     -0.182     5.158    system_i/mig_7series_0/u_system_mig_7series_0_2_mig/u_memc_ui_top_axi/mem_intfc0/ddr_phy_top0/u_ddr_mc_phy_wrapper/u_ddr_mc_phy/ddr_phy_4lanes_0.u_ddr_phy_4lanes/phy_control_i
  -------------------------------------------------------------------
                         required time                          5.158    
                         arrival time                          -3.775    
  -------------------------------------------------------------------
                         slack                                  1.382    





Min Delay Paths
--------------------------------------------------------------------------------------
Slack (MET) :             0.990ns  (arrival time - required time)
  Source:                 system_i/mig_7series_0/u_system_mig_7series_0_2_mig/u_ddr2_infrastructure/plle2_i/CLKOUT2
                            (clock source 'sync_pulse_1'  {rise@1.400ns fall@4.600ns period=51.200ns})
  Destination:            system_i/mig_7series_0/u_system_mig_7series_0_2_mig/u_memc_ui_top_axi/mem_intfc0/ddr_phy_top0/u_ddr_mc_phy_wrapper/u_ddr_mc_phy/ddr_phy_4lanes_0.u_ddr_phy_4lanes/phy_control_i/SYNCIN
                            (rising edge-triggered cell PHY_CONTROL clocked by mem_refclk_1  {rise@0.000ns fall@1.600ns period=3.200ns})
  Path Group:             mem_refclk_1
  Path Type:              Hold (Min at Slow Process Corner)
  Requirement:            -1.400ns  (mem_refclk_1 rise@0.000ns - sync_pulse_1 rise@1.400ns)
  Data Path Delay:        0.589ns  (logic 0.000ns (0.000%)  route 0.589ns (100.000%))
  Logic Levels:           0  
  Clock Path Skew:        0.621ns (DCD - SCD - CPR)
    Destination Clock Delay (DCD):    2.375ns
    Source Clock Delay      (SCD):    1.627ns = ( 3.027 - 1.400 ) 
    Clock Pessimism Removal (CPR):    0.127ns
  Clock Uncertainty:      0.204ns  ((TSJ^2 + DJ^2)^1/2) / 2 + PE
    Total System Jitter     (TSJ):    0.071ns
    Discrete Jitter          (DJ):    0.152ns
    Phase Error              (PE):    0.120ns

    Location             Delay type                Incr(ns)  Path(ns)    Netlist Resource(s)
  -------------------------------------------------------------------    -------------------
                         (clock sync_pulse_1 rise edge)
                                                      1.400     1.400 r  
    BUFGCTRL_X0Y17       BUFG                         0.000     1.400 r  system_i/clk_wiz_1/inst/clkout2_buf/O
                         net (fo=1, routed)           1.544     2.944    system_i/mig_7series_0/u_system_mig_7series_0_2_mig/u_ddr2_infrastructure/mmcm_clk
  -------------------------------------------------------------------    -------------------
    PLLE2_ADV_X1Y1       PLLE2_ADV (Prop_plle2_adv_CLKIN1_CLKOUT2)
                                                      0.083     3.027 r  system_i/mig_7series_0/u_system_mig_7series_0_2_mig/u_ddr2_infrastructure/plle2_i/CLKOUT2
                         net (fo=7, routed)           0.589     3.616    system_i/mig_7series_0/u_system_mig_7series_0_2_mig/u_memc_ui_top_axi/mem_intfc0/ddr_phy_top0/u_ddr_mc_phy_wrapper/u_ddr_mc_phy/ddr_phy_4lanes_0.u_ddr_phy_4lanes/sync_pulse
    PHY_CONTROL_X1Y1     PHY_CONTROL                                  r  system_i/mig_7series_0/u_system_mig_7series_0_2_mig/u_memc_ui_top_axi/mem_intfc0/ddr_phy_top0/u_ddr_mc_phy_wrapper/u_ddr_mc_phy/ddr_phy_4lanes_0.u_ddr_phy_4lanes/phy_control_i/SYNCIN
  -------------------------------------------------------------------    -------------------

                         (clock mem_refclk_1 rise edge)
                                                      0.000     0.000 r  
    BUFGCTRL_X0Y17       BUFG                         0.000     0.000 r  system_i/clk_wiz_1/inst/clkout2_buf/O
                         net (fo=1, routed)           1.666     1.666    system_i/mig_7series_0/u_system_mig_7series_0_2_mig/u_ddr2_infrastructure/mmcm_clk
    PLLE2_ADV_X1Y1       PLLE2_ADV (Prop_plle2_adv_CLKIN1_CLKOUT1)
                                                      0.088     1.754 r  system_i/mig_7series_0/u_system_mig_7series_0_2_mig/u_ddr2_infrastructure/plle2_i/CLKOUT1
                         net (fo=7, routed)           0.621     2.375    system_i/mig_7series_0/u_system_mig_7series_0_2_mig/u_memc_ui_top_axi/mem_intfc0/ddr_phy_top0/u_ddr_mc_phy_wrapper/u_ddr_mc_phy/ddr_phy_4lanes_0.u_ddr_phy_4lanes/mem_refclk
    PHY_CONTROL_X1Y1     PHY_CONTROL                                  r  system_i/mig_7series_0/u_system_mig_7series_0_2_mig/u_memc_ui_top_axi/mem_intfc0/ddr_phy_top0/u_ddr_mc_phy_wrapper/u_ddr_mc_phy/ddr_phy_4lanes_0.u_ddr_phy_4lanes/phy_control_i/MEMREFCLK
                         clock pessimism             -0.127     2.248    
                         clock uncertainty            0.204     2.452    
    PHY_CONTROL_X1Y1     PHY_CONTROL (Hold_phy_control_MEMREFCLK_SYNCIN)
                                                      0.174     2.626    system_i/mig_7series_0/u_system_mig_7series_0_2_mig/u_memc_ui_top_axi/mem_intfc0/ddr_phy_top0/u_ddr_mc_phy_wrapper/u_ddr_mc_phy/ddr_phy_4lanes_0.u_ddr_phy_4lanes/phy_control_i
  -------------------------------------------------------------------
                         required time                         -2.626    
                         arrival time                           3.616    
  -------------------------------------------------------------------
                         slack                                  0.990    





---------------------------------------------------------------------------------------------------
From Clock:  oserdes_clk_4
  To Clock:  oserdes_clkdiv_4

Setup :            0  Failing Endpoints,  Worst Slack        2.302ns,  Total Violation        0.000ns
Hold  :            0  Failing Endpoints,  Worst Slack        0.095ns,  Total Violation        0.000ns
---------------------------------------------------------------------------------------------------


Max Delay Paths
--------------------------------------------------------------------------------------
Slack (MET) :             2.302ns  (required time - arrival time)
  Source:                 system_i/mig_7series_0/u_system_mig_7series_0_2_mig/u_memc_ui_top_axi/mem_intfc0/ddr_phy_top0/u_ddr_mc_phy_wrapper/u_ddr_mc_phy/ddr_phy_4lanes_0.u_ddr_phy_4lanes/ddr_byte_lane_A.ddr_byte_lane_A/phaser_out/OCLK
                            (rising edge-triggered cell PHASER_OUT_PHY clocked by oserdes_clk_4  {rise@0.000ns fall@1.600ns period=3.200ns})
  Destination:            system_i/mig_7series_0/u_system_mig_7series_0_2_mig/u_memc_ui_top_axi/mem_intfc0/ddr_phy_top0/u_ddr_mc_phy_wrapper/u_ddr_mc_phy/ddr_phy_4lanes_0.u_ddr_phy_4lanes/ddr_byte_lane_A.ddr_byte_lane_A/out_fifo/RDEN
                            (rising edge-triggered cell OUT_FIFO clocked by oserdes_clkdiv_4  {rise@0.000ns fall@3.200ns period=6.400ns})
  Path Group:             oserdes_clkdiv_4
  Path Type:              Setup (Max at Slow Process Corner)
  Requirement:            3.200ns  (oserdes_clkdiv_4 rise@6.400ns - oserdes_clk_4 rise@3.200ns)
  Data Path Delay:        0.338ns  (logic 0.338ns (100.000%)  route 0.000ns (0.000%))
  Logic Levels:           0  
  Clock Path Skew:        0.148ns (DCD - SCD + CPR)
    Destination Clock Delay (DCD):    4.846ns = ( 11.246 - 6.400 ) 
    Source Clock Delay      (SCD):    4.922ns = ( 8.122 - 3.200 ) 
    Clock Pessimism Removal (CPR):    0.224ns
  Clock Uncertainty:      0.057ns  ((TSJ^2 + DJ^2)^1/2) / 2 + PE
    Total System Jitter     (TSJ):    0.071ns
    Discrete Jitter          (DJ):    0.090ns
    Phase Error              (PE):    0.000ns

    Location             Delay type                Incr(ns)  Path(ns)    Netlist Resource(s)
  -------------------------------------------------------------------    -------------------
                         (clock oserdes_clk_4 rise edge)
                                                      3.200     3.200 r  
    BUFGCTRL_X0Y17       BUFG                         0.000     3.200 r  system_i/clk_wiz_1/inst/clkout2_buf/O
                         net (fo=1, routed)           1.666     4.866    system_i/mig_7series_0/u_system_mig_7series_0_2_mig/u_ddr2_infrastructure/mmcm_clk
    PLLE2_ADV_X1Y1       PLLE2_ADV (Prop_plle2_adv_CLKIN1_CLKOUT1)
                                                      0.088     4.954 r  system_i/mig_7series_0/u_system_mig_7series_0_2_mig/u_ddr2_infrastructure/plle2_i/CLKOUT1
                         net (fo=7, routed)           0.614     5.568    system_i/mig_7series_0/u_system_mig_7series_0_2_mig/u_memc_ui_top_axi/mem_intfc0/ddr_phy_top0/u_ddr_mc_phy_wrapper/u_ddr_mc_phy/ddr_phy_4lanes_0.u_ddr_phy_4lanes/ddr_byte_lane_A.ddr_byte_lane_A/mem_refclk
    PHASER_OUT_PHY_X1Y4  PHASER_OUT_PHY (Prop_phaser_out_phy_MEMREFCLK_OCLK)
                                                      2.553     8.122 r  system_i/mig_7series_0/u_system_mig_7series_0_2_mig/u_memc_ui_top_axi/mem_intfc0/ddr_phy_top0/u_ddr_mc_phy_wrapper/u_ddr_mc_phy/ddr_phy_4lanes_0.u_ddr_phy_4lanes/ddr_byte_lane_A.ddr_byte_lane_A/phaser_out/OCLK
  -------------------------------------------------------------------    -------------------
    PHASER_OUT_PHY_X1Y4  PHASER_OUT_PHY (Prop_phaser_out_phy_OCLK_RDENABLE)
                                                      0.338     8.460 r  system_i/mig_7series_0/u_system_mig_7series_0_2_mig/u_memc_ui_top_axi/mem_intfc0/ddr_phy_top0/u_ddr_mc_phy_wrapper/u_ddr_mc_phy/ddr_phy_4lanes_0.u_ddr_phy_4lanes/ddr_byte_lane_A.ddr_byte_lane_A/phaser_out/RDENABLE
                         net (fo=1, routed)           0.000     8.460    system_i/mig_7series_0/u_system_mig_7series_0_2_mig/u_memc_ui_top_axi/mem_intfc0/ddr_phy_top0/u_ddr_mc_phy_wrapper/u_ddr_mc_phy/ddr_phy_4lanes_0.u_ddr_phy_4lanes/ddr_byte_lane_A.ddr_byte_lane_A/po_rd_enable
    OUT_FIFO_X1Y4        OUT_FIFO                                     r  system_i/mig_7series_0/u_system_mig_7series_0_2_mig/u_memc_ui_top_axi/mem_intfc0/ddr_phy_top0/u_ddr_mc_phy_wrapper/u_ddr_mc_phy/ddr_phy_4lanes_0.u_ddr_phy_4lanes/ddr_byte_lane_A.ddr_byte_lane_A/out_fifo/RDEN
  -------------------------------------------------------------------    -------------------

                         (clock oserdes_clkdiv_4 rise edge)
                                                      6.400     6.400 r  
    BUFGCTRL_X0Y17       BUFG                         0.000     6.400 r  system_i/clk_wiz_1/inst/clkout2_buf/O
                         net (fo=1, routed)           1.544     7.944    system_i/mig_7series_0/u_system_mig_7series_0_2_mig/u_ddr2_infrastructure/mmcm_clk
    PLLE2_ADV_X1Y1       PLLE2_ADV (Prop_plle2_adv_CLKIN1_CLKOUT1)
                                                      0.083     8.027 r  system_i/mig_7series_0/u_system_mig_7series_0_2_mig/u_ddr2_infrastructure/plle2_i/CLKOUT1
                         net (fo=7, routed)           0.582     8.609    system_i/mig_7series_0/u_system_mig_7series_0_2_mig/u_memc_ui_top_axi/mem_intfc0/ddr_phy_top0/u_ddr_mc_phy_wrapper/u_ddr_mc_phy/ddr_phy_4lanes_0.u_ddr_phy_4lanes/ddr_byte_lane_A.ddr_byte_lane_A/mem_refclk
    PHASER_OUT_PHY_X1Y4  PHASER_OUT_PHY (Prop_phaser_out_phy_MEMREFCLK_OCLK)
                                                      2.488    11.098 r  system_i/mig_7series_0/u_system_mig_7series_0_2_mig/u_memc_ui_top_axi/mem_intfc0/ddr_phy_top0/u_ddr_mc_phy_wrapper/u_ddr_mc_phy/ddr_phy_4lanes_0.u_ddr_phy_4lanes/ddr_byte_lane_A.ddr_byte_lane_A/phaser_out/OCLK
    PHASER_OUT_PHY_X1Y4  PHASER_OUT_PHY (Prop_phaser_out_phy_OCLK_OCLKDIV)
                                                      0.148    11.246 r  system_i/mig_7series_0/u_system_mig_7series_0_2_mig/u_memc_ui_top_axi/mem_intfc0/ddr_phy_top0/u_ddr_mc_phy_wrapper/u_ddr_mc_phy/ddr_phy_4lanes_0.u_ddr_phy_4lanes/ddr_byte_lane_A.ddr_byte_lane_A/phaser_out/OCLKDIV
                         net (fo=11, routed)          0.000    11.246    system_i/mig_7series_0/u_system_mig_7series_0_2_mig/u_memc_ui_top_axi/mem_intfc0/ddr_phy_top0/u_ddr_mc_phy_wrapper/u_ddr_mc_phy/ddr_phy_4lanes_0.u_ddr_phy_4lanes/ddr_byte_lane_A.ddr_byte_lane_A/oserdes_clkdiv
    OUT_FIFO_X1Y4        OUT_FIFO                                     r  system_i/mig_7series_0/u_system_mig_7series_0_2_mig/u_memc_ui_top_axi/mem_intfc0/ddr_phy_top0/u_ddr_mc_phy_wrapper/u_ddr_mc_phy/ddr_phy_4lanes_0.u_ddr_phy_4lanes/ddr_byte_lane_A.ddr_byte_lane_A/out_fifo/RDCLK
                         clock pessimism              0.224    11.470    
                         clock uncertainty           -0.057    11.412    
    OUT_FIFO_X1Y4        OUT_FIFO (Setup_out_fifo_RDCLK_RDEN)
                                                     -0.651    10.761    system_i/mig_7series_0/u_system_mig_7series_0_2_mig/u_memc_ui_top_axi/mem_intfc0/ddr_phy_top0/u_ddr_mc_phy_wrapper/u_ddr_mc_phy/ddr_phy_4lanes_0.u_ddr_phy_4lanes/ddr_byte_lane_A.ddr_byte_lane_A/out_fifo
  -------------------------------------------------------------------
                         required time                         10.761    
                         arrival time                          -8.460    
  -------------------------------------------------------------------
                         slack                                  2.302    





Min Delay Paths
--------------------------------------------------------------------------------------
Slack (MET) :             0.095ns  (arrival time - required time)
  Source:                 system_i/mig_7series_0/u_system_mig_7series_0_2_mig/u_memc_ui_top_axi/mem_intfc0/ddr_phy_top0/u_ddr_mc_phy_wrapper/u_ddr_mc_phy/ddr_phy_4lanes_0.u_ddr_phy_4lanes/ddr_byte_lane_A.ddr_byte_lane_A/phaser_out/OCLK
                            (rising edge-triggered cell PHASER_OUT_PHY clocked by oserdes_clk_4  {rise@0.000ns fall@1.600ns period=3.200ns})
  Destination:            system_i/mig_7series_0/u_system_mig_7series_0_2_mig/u_memc_ui_top_axi/mem_intfc0/ddr_phy_top0/u_ddr_mc_phy_wrapper/u_ddr_mc_phy/ddr_phy_4lanes_0.u_ddr_phy_4lanes/ddr_byte_lane_A.ddr_byte_lane_A/out_fifo/RDEN
                            (rising edge-triggered cell OUT_FIFO clocked by oserdes_clkdiv_4  {rise@0.000ns fall@3.200ns period=6.400ns})
  Path Group:             oserdes_clkdiv_4
  Path Type:              Hold (Min at Fast Process Corner)
  Requirement:            0.000ns  (oserdes_clkdiv_4 rise@0.000ns - oserdes_clk_4 rise@0.000ns)
  Data Path Delay:        0.172ns  (logic 0.172ns (100.000%)  route 0.000ns (0.000%))
  Logic Levels:           0  
  Clock Path Skew:        0.088ns (DCD - SCD - CPR)
    Destination Clock Delay (DCD):    3.447ns
    Source Clock Delay      (SCD):    3.016ns
    Clock Pessimism Removal (CPR):    0.343ns

    Location             Delay type                Incr(ns)  Path(ns)    Netlist Resource(s)
  -------------------------------------------------------------------    -------------------
                         (clock oserdes_clk_4 rise edge)
                                                      0.000     0.000 r  
    BUFGCTRL_X0Y17       BUFG                         0.000     0.000 r  system_i/clk_wiz_1/inst/clkout2_buf/O
                         net (fo=1, routed)           0.566     0.566    system_i/mig_7series_0/u_system_mig_7series_0_2_mig/u_ddr2_infrastructure/mmcm_clk
    PLLE2_ADV_X1Y1       PLLE2_ADV (Prop_plle2_adv_CLKIN1_CLKOUT1)
                                                      0.050     0.616 r  system_i/mig_7series_0/u_system_mig_7series_0_2_mig/u_ddr2_infrastructure/plle2_i/CLKOUT1
                         net (fo=7, routed)           0.197     0.813    system_i/mig_7series_0/u_system_mig_7series_0_2_mig/u_memc_ui_top_axi/mem_intfc0/ddr_phy_top0/u_ddr_mc_phy_wrapper/u_ddr_mc_phy/ddr_phy_4lanes_0.u_ddr_phy_4lanes/ddr_byte_lane_A.ddr_byte_lane_A/mem_refclk
    PHASER_OUT_PHY_X1Y4  PHASER_OUT_PHY (Prop_phaser_out_phy_MEMREFCLK_OCLK)
                                                      2.204     3.016 r  system_i/mig_7series_0/u_system_mig_7series_0_2_mig/u_memc_ui_top_axi/mem_intfc0/ddr_phy_top0/u_ddr_mc_phy_wrapper/u_ddr_mc_phy/ddr_phy_4lanes_0.u_ddr_phy_4lanes/ddr_byte_lane_A.ddr_byte_lane_A/phaser_out/OCLK
  -------------------------------------------------------------------    -------------------
    PHASER_OUT_PHY_X1Y4  PHASER_OUT_PHY (Prop_phaser_out_phy_OCLK_RDENABLE)
                                                      0.172     3.188 r  system_i/mig_7series_0/u_system_mig_7series_0_2_mig/u_memc_ui_top_axi/mem_intfc0/ddr_phy_top0/u_ddr_mc_phy_wrapper/u_ddr_mc_phy/ddr_phy_4lanes_0.u_ddr_phy_4lanes/ddr_byte_lane_A.ddr_byte_lane_A/phaser_out/RDENABLE
                         net (fo=1, routed)           0.000     3.188    system_i/mig_7series_0/u_system_mig_7series_0_2_mig/u_memc_ui_top_axi/mem_intfc0/ddr_phy_top0/u_ddr_mc_phy_wrapper/u_ddr_mc_phy/ddr_phy_4lanes_0.u_ddr_phy_4lanes/ddr_byte_lane_A.ddr_byte_lane_A/po_rd_enable
    OUT_FIFO_X1Y4        OUT_FIFO                                     r  system_i/mig_7series_0/u_system_mig_7series_0_2_mig/u_memc_ui_top_axi/mem_intfc0/ddr_phy_top0/u_ddr_mc_phy_wrapper/u_ddr_mc_phy/ddr_phy_4lanes_0.u_ddr_phy_4lanes/ddr_byte_lane_A.ddr_byte_lane_A/out_fifo/RDEN
  -------------------------------------------------------------------    -------------------

                         (clock oserdes_clkdiv_4 rise edge)
                                                      0.000     0.000 r  
    BUFGCTRL_X0Y17       BUFG                         0.000     0.000 r  system_i/clk_wiz_1/inst/clkout2_buf/O
                         net (fo=1, routed)           0.835     0.835    system_i/mig_7series_0/u_system_mig_7series_0_2_mig/u_ddr2_infrastructure/mmcm_clk
    PLLE2_ADV_X1Y1       PLLE2_ADV (Prop_plle2_adv_CLKIN1_CLKOUT1)
                                                      0.053     0.888 r  system_i/mig_7series_0/u_system_mig_7series_0_2_mig/u_ddr2_infrastructure/plle2_i/CLKOUT1
                         net (fo=7, routed)           0.218     1.106    system_i/mig_7series_0/u_system_mig_7series_0_2_mig/u_memc_ui_top_axi/mem_intfc0/ddr_phy_top0/u_ddr_mc_phy_wrapper/u_ddr_mc_phy/ddr_phy_4lanes_0.u_ddr_phy_4lanes/ddr_byte_lane_A.ddr_byte_lane_A/mem_refclk
    PHASER_OUT_PHY_X1Y4  PHASER_OUT_PHY (Prop_phaser_out_phy_MEMREFCLK_OCLK)
                                                      2.254     3.359 r  system_i/mig_7series_0/u_system_mig_7series_0_2_mig/u_memc_ui_top_axi/mem_intfc0/ddr_phy_top0/u_ddr_mc_phy_wrapper/u_ddr_mc_phy/ddr_phy_4lanes_0.u_ddr_phy_4lanes/ddr_byte_lane_A.ddr_byte_lane_A/phaser_out/OCLK
    PHASER_OUT_PHY_X1Y4  PHASER_OUT_PHY (Prop_phaser_out_phy_OCLK_OCLKDIV)
                                                      0.088     3.447 r  system_i/mig_7series_0/u_system_mig_7series_0_2_mig/u_memc_ui_top_axi/mem_intfc0/ddr_phy_top0/u_ddr_mc_phy_wrapper/u_ddr_mc_phy/ddr_phy_4lanes_0.u_ddr_phy_4lanes/ddr_byte_lane_A.ddr_byte_lane_A/phaser_out/OCLKDIV
                         net (fo=11, routed)          0.000     3.447    system_i/mig_7series_0/u_system_mig_7series_0_2_mig/u_memc_ui_top_axi/mem_intfc0/ddr_phy_top0/u_ddr_mc_phy_wrapper/u_ddr_mc_phy/ddr_phy_4lanes_0.u_ddr_phy_4lanes/ddr_byte_lane_A.ddr_byte_lane_A/oserdes_clkdiv
    OUT_FIFO_X1Y4        OUT_FIFO                                     r  system_i/mig_7series_0/u_system_mig_7series_0_2_mig/u_memc_ui_top_axi/mem_intfc0/ddr_phy_top0/u_ddr_mc_phy_wrapper/u_ddr_mc_phy/ddr_phy_4lanes_0.u_ddr_phy_4lanes/ddr_byte_lane_A.ddr_byte_lane_A/out_fifo/RDCLK
                         clock pessimism             -0.343     3.104    
    OUT_FIFO_X1Y4        OUT_FIFO (Hold_out_fifo_RDCLK_RDEN)
                                                     -0.011     3.093    system_i/mig_7series_0/u_system_mig_7series_0_2_mig/u_memc_ui_top_axi/mem_intfc0/ddr_phy_top0/u_ddr_mc_phy_wrapper/u_ddr_mc_phy/ddr_phy_4lanes_0.u_ddr_phy_4lanes/ddr_byte_lane_A.ddr_byte_lane_A/out_fifo
  -------------------------------------------------------------------
                         required time                         -3.093    
                         arrival time                           3.188    
  -------------------------------------------------------------------
                         slack                                  0.095    





---------------------------------------------------------------------------------------------------
From Clock:  oserdes_clk_5
  To Clock:  oserdes_clkdiv_5

Setup :            0  Failing Endpoints,  Worst Slack        2.302ns,  Total Violation        0.000ns
Hold  :            0  Failing Endpoints,  Worst Slack        0.095ns,  Total Violation        0.000ns
---------------------------------------------------------------------------------------------------


Max Delay Paths
--------------------------------------------------------------------------------------
Slack (MET) :             2.302ns  (required time - arrival time)
  Source:                 system_i/mig_7series_0/u_system_mig_7series_0_2_mig/u_memc_ui_top_axi/mem_intfc0/ddr_phy_top0/u_ddr_mc_phy_wrapper/u_ddr_mc_phy/ddr_phy_4lanes_0.u_ddr_phy_4lanes/ddr_byte_lane_B.ddr_byte_lane_B/phaser_out/OCLK
                            (rising edge-triggered cell PHASER_OUT_PHY clocked by oserdes_clk_5  {rise@0.000ns fall@1.600ns period=3.200ns})
  Destination:            system_i/mig_7series_0/u_system_mig_7series_0_2_mig/u_memc_ui_top_axi/mem_intfc0/ddr_phy_top0/u_ddr_mc_phy_wrapper/u_ddr_mc_phy/ddr_phy_4lanes_0.u_ddr_phy_4lanes/ddr_byte_lane_B.ddr_byte_lane_B/out_fifo/RDEN
                            (rising edge-triggered cell OUT_FIFO clocked by oserdes_clkdiv_5  {rise@0.000ns fall@6.400ns period=12.800ns})
  Path Group:             oserdes_clkdiv_5
  Path Type:              Setup (Max at Slow Process Corner)
  Requirement:            3.200ns  (oserdes_clkdiv_5 rise@12.800ns - oserdes_clk_5 rise@9.600ns)
  Data Path Delay:        0.338ns  (logic 0.338ns (100.000%)  route 0.000ns (0.000%))
  Logic Levels:           0  
  Clock Path Skew:        0.148ns (DCD - SCD + CPR)
    Destination Clock Delay (DCD):    4.836ns = ( 17.636 - 12.800 ) 
    Source Clock Delay      (SCD):    4.911ns = ( 14.511 - 9.600 ) 
    Clock Pessimism Removal (CPR):    0.223ns
  Clock Uncertainty:      0.057ns  ((TSJ^2 + DJ^2)^1/2) / 2 + PE
    Total System Jitter     (TSJ):    0.071ns
    Discrete Jitter          (DJ):    0.090ns
    Phase Error              (PE):    0.000ns

    Location             Delay type                Incr(ns)  Path(ns)    Netlist Resource(s)
  -------------------------------------------------------------------    -------------------
                         (clock oserdes_clk_5 rise edge)
                                                      9.600     9.600 r  
    BUFGCTRL_X0Y17       BUFG                         0.000     9.600 r  system_i/clk_wiz_1/inst/clkout2_buf/O
                         net (fo=1, routed)           1.666    11.266    system_i/mig_7series_0/u_system_mig_7series_0_2_mig/u_ddr2_infrastructure/mmcm_clk
    PLLE2_ADV_X1Y1       PLLE2_ADV (Prop_plle2_adv_CLKIN1_CLKOUT1)
                                                      0.088    11.354 r  system_i/mig_7series_0/u_system_mig_7series_0_2_mig/u_ddr2_infrastructure/plle2_i/CLKOUT1
                         net (fo=7, routed)           0.603    11.957    system_i/mig_7series_0/u_system_mig_7series_0_2_mig/u_memc_ui_top_axi/mem_intfc0/ddr_phy_top0/u_ddr_mc_phy_wrapper/u_ddr_mc_phy/ddr_phy_4lanes_0.u_ddr_phy_4lanes/ddr_byte_lane_B.ddr_byte_lane_B/mem_refclk
    PHASER_OUT_PHY_X1Y5  PHASER_OUT_PHY (Prop_phaser_out_phy_MEMREFCLK_OCLK)
                                                      2.553    14.511 r  system_i/mig_7series_0/u_system_mig_7series_0_2_mig/u_memc_ui_top_axi/mem_intfc0/ddr_phy_top0/u_ddr_mc_phy_wrapper/u_ddr_mc_phy/ddr_phy_4lanes_0.u_ddr_phy_4lanes/ddr_byte_lane_B.ddr_byte_lane_B/phaser_out/OCLK
  -------------------------------------------------------------------    -------------------
    PHASER_OUT_PHY_X1Y5  PHASER_OUT_PHY (Prop_phaser_out_phy_OCLK_RDENABLE)
                                                      0.338    14.849 r  system_i/mig_7series_0/u_system_mig_7series_0_2_mig/u_memc_ui_top_axi/mem_intfc0/ddr_phy_top0/u_ddr_mc_phy_wrapper/u_ddr_mc_phy/ddr_phy_4lanes_0.u_ddr_phy_4lanes/ddr_byte_lane_B.ddr_byte_lane_B/phaser_out/RDENABLE
                         net (fo=1, routed)           0.000    14.849    system_i/mig_7series_0/u_system_mig_7series_0_2_mig/u_memc_ui_top_axi/mem_intfc0/ddr_phy_top0/u_ddr_mc_phy_wrapper/u_ddr_mc_phy/ddr_phy_4lanes_0.u_ddr_phy_4lanes/ddr_byte_lane_B.ddr_byte_lane_B/po_rd_enable
    OUT_FIFO_X1Y5        OUT_FIFO                                     r  system_i/mig_7series_0/u_system_mig_7series_0_2_mig/u_memc_ui_top_axi/mem_intfc0/ddr_phy_top0/u_ddr_mc_phy_wrapper/u_ddr_mc_phy/ddr_phy_4lanes_0.u_ddr_phy_4lanes/ddr_byte_lane_B.ddr_byte_lane_B/out_fifo/RDEN
  -------------------------------------------------------------------    -------------------

                         (clock oserdes_clkdiv_5 rise edge)
                                                     12.800    12.800 r  
    BUFGCTRL_X0Y17       BUFG                         0.000    12.800 r  system_i/clk_wiz_1/inst/clkout2_buf/O
                         net (fo=1, routed)           1.544    14.344    system_i/mig_7series_0/u_system_mig_7series_0_2_mig/u_ddr2_infrastructure/mmcm_clk
    PLLE2_ADV_X1Y1       PLLE2_ADV (Prop_plle2_adv_CLKIN1_CLKOUT1)
                                                      0.083    14.427 r  system_i/mig_7series_0/u_system_mig_7series_0_2_mig/u_ddr2_infrastructure/plle2_i/CLKOUT1
                         net (fo=7, routed)           0.572    14.999    system_i/mig_7series_0/u_system_mig_7series_0_2_mig/u_memc_ui_top_axi/mem_intfc0/ddr_phy_top0/u_ddr_mc_phy_wrapper/u_ddr_mc_phy/ddr_phy_4lanes_0.u_ddr_phy_4lanes/ddr_byte_lane_B.ddr_byte_lane_B/mem_refclk
    PHASER_OUT_PHY_X1Y5  PHASER_OUT_PHY (Prop_phaser_out_phy_MEMREFCLK_OCLK)
                                                      2.488    17.488 r  system_i/mig_7series_0/u_system_mig_7series_0_2_mig/u_memc_ui_top_axi/mem_intfc0/ddr_phy_top0/u_ddr_mc_phy_wrapper/u_ddr_mc_phy/ddr_phy_4lanes_0.u_ddr_phy_4lanes/ddr_byte_lane_B.ddr_byte_lane_B/phaser_out/OCLK
    PHASER_OUT_PHY_X1Y5  PHASER_OUT_PHY (Prop_phaser_out_phy_OCLK_OCLKDIV)
                                                      0.148    17.636 r  system_i/mig_7series_0/u_system_mig_7series_0_2_mig/u_memc_ui_top_axi/mem_intfc0/ddr_phy_top0/u_ddr_mc_phy_wrapper/u_ddr_mc_phy/ddr_phy_4lanes_0.u_ddr_phy_4lanes/ddr_byte_lane_B.ddr_byte_lane_B/phaser_out/OCLKDIV
                         net (fo=13, routed)          0.000    17.636    system_i/mig_7series_0/u_system_mig_7series_0_2_mig/u_memc_ui_top_axi/mem_intfc0/ddr_phy_top0/u_ddr_mc_phy_wrapper/u_ddr_mc_phy/ddr_phy_4lanes_0.u_ddr_phy_4lanes/ddr_byte_lane_B.ddr_byte_lane_B/oserdes_clkdiv
    OUT_FIFO_X1Y5        OUT_FIFO                                     r  system_i/mig_7series_0/u_system_mig_7series_0_2_mig/u_memc_ui_top_axi/mem_intfc0/ddr_phy_top0/u_ddr_mc_phy_wrapper/u_ddr_mc_phy/ddr_phy_4lanes_0.u_ddr_phy_4lanes/ddr_byte_lane_B.ddr_byte_lane_B/out_fifo/RDCLK
                         clock pessimism              0.223    17.859    
                         clock uncertainty           -0.057    17.801    
    OUT_FIFO_X1Y5        OUT_FIFO (Setup_out_fifo_RDCLK_RDEN)
                                                     -0.651    17.150    system_i/mig_7series_0/u_system_mig_7series_0_2_mig/u_memc_ui_top_axi/mem_intfc0/ddr_phy_top0/u_ddr_mc_phy_wrapper/u_ddr_mc_phy/ddr_phy_4lanes_0.u_ddr_phy_4lanes/ddr_byte_lane_B.ddr_byte_lane_B/out_fifo
  -------------------------------------------------------------------
                         required time                         17.150    
                         arrival time                         -14.849    
  -------------------------------------------------------------------
                         slack                                  2.302    





Min Delay Paths
--------------------------------------------------------------------------------------
Slack (MET) :             0.095ns  (arrival time - required time)
  Source:                 system_i/mig_7series_0/u_system_mig_7series_0_2_mig/u_memc_ui_top_axi/mem_intfc0/ddr_phy_top0/u_ddr_mc_phy_wrapper/u_ddr_mc_phy/ddr_phy_4lanes_0.u_ddr_phy_4lanes/ddr_byte_lane_B.ddr_byte_lane_B/phaser_out/OCLK
                            (rising edge-triggered cell PHASER_OUT_PHY clocked by oserdes_clk_5  {rise@0.000ns fall@1.600ns period=3.200ns})
  Destination:            system_i/mig_7series_0/u_system_mig_7series_0_2_mig/u_memc_ui_top_axi/mem_intfc0/ddr_phy_top0/u_ddr_mc_phy_wrapper/u_ddr_mc_phy/ddr_phy_4lanes_0.u_ddr_phy_4lanes/ddr_byte_lane_B.ddr_byte_lane_B/out_fifo/RDEN
                            (rising edge-triggered cell OUT_FIFO clocked by oserdes_clkdiv_5  {rise@0.000ns fall@6.400ns period=12.800ns})
  Path Group:             oserdes_clkdiv_5
  Path Type:              Hold (Min at Fast Process Corner)
  Requirement:            0.000ns  (oserdes_clkdiv_5 rise@0.000ns - oserdes_clk_5 rise@0.000ns)
  Data Path Delay:        0.172ns  (logic 0.172ns (100.000%)  route 0.000ns (0.000%))
  Logic Levels:           0  
  Clock Path Skew:        0.088ns (DCD - SCD - CPR)
    Destination Clock Delay (DCD):    3.438ns
    Source Clock Delay      (SCD):    3.009ns
    Clock Pessimism Removal (CPR):    0.341ns

    Location             Delay type                Incr(ns)  Path(ns)    Netlist Resource(s)
  -------------------------------------------------------------------    -------------------
                         (clock oserdes_clk_5 rise edge)
                                                      0.000     0.000 r  
    BUFGCTRL_X0Y17       BUFG                         0.000     0.000 r  system_i/clk_wiz_1/inst/clkout2_buf/O
                         net (fo=1, routed)           0.566     0.566    system_i/mig_7series_0/u_system_mig_7series_0_2_mig/u_ddr2_infrastructure/mmcm_clk
    PLLE2_ADV_X1Y1       PLLE2_ADV (Prop_plle2_adv_CLKIN1_CLKOUT1)
                                                      0.050     0.616 r  system_i/mig_7series_0/u_system_mig_7series_0_2_mig/u_ddr2_infrastructure/plle2_i/CLKOUT1
                         net (fo=7, routed)           0.190     0.806    system_i/mig_7series_0/u_system_mig_7series_0_2_mig/u_memc_ui_top_axi/mem_intfc0/ddr_phy_top0/u_ddr_mc_phy_wrapper/u_ddr_mc_phy/ddr_phy_4lanes_0.u_ddr_phy_4lanes/ddr_byte_lane_B.ddr_byte_lane_B/mem_refclk
    PHASER_OUT_PHY_X1Y5  PHASER_OUT_PHY (Prop_phaser_out_phy_MEMREFCLK_OCLK)
                                                      2.204     3.009 r  system_i/mig_7series_0/u_system_mig_7series_0_2_mig/u_memc_ui_top_axi/mem_intfc0/ddr_phy_top0/u_ddr_mc_phy_wrapper/u_ddr_mc_phy/ddr_phy_4lanes_0.u_ddr_phy_4lanes/ddr_byte_lane_B.ddr_byte_lane_B/phaser_out/OCLK
  -------------------------------------------------------------------    -------------------
    PHASER_OUT_PHY_X1Y5  PHASER_OUT_PHY (Prop_phaser_out_phy_OCLK_RDENABLE)
                                                      0.172     3.181 r  system_i/mig_7series_0/u_system_mig_7series_0_2_mig/u_memc_ui_top_axi/mem_intfc0/ddr_phy_top0/u_ddr_mc_phy_wrapper/u_ddr_mc_phy/ddr_phy_4lanes_0.u_ddr_phy_4lanes/ddr_byte_lane_B.ddr_byte_lane_B/phaser_out/RDENABLE
                         net (fo=1, routed)           0.000     3.181    system_i/mig_7series_0/u_system_mig_7series_0_2_mig/u_memc_ui_top_axi/mem_intfc0/ddr_phy_top0/u_ddr_mc_phy_wrapper/u_ddr_mc_phy/ddr_phy_4lanes_0.u_ddr_phy_4lanes/ddr_byte_lane_B.ddr_byte_lane_B/po_rd_enable
    OUT_FIFO_X1Y5        OUT_FIFO                                     r  system_i/mig_7series_0/u_system_mig_7series_0_2_mig/u_memc_ui_top_axi/mem_intfc0/ddr_phy_top0/u_ddr_mc_phy_wrapper/u_ddr_mc_phy/ddr_phy_4lanes_0.u_ddr_phy_4lanes/ddr_byte_lane_B.ddr_byte_lane_B/out_fifo/RDEN
  -------------------------------------------------------------------    -------------------

                         (clock oserdes_clkdiv_5 rise edge)
                                                      0.000     0.000 r  
    BUFGCTRL_X0Y17       BUFG                         0.000     0.000 r  system_i/clk_wiz_1/inst/clkout2_buf/O
                         net (fo=1, routed)           0.835     0.835    system_i/mig_7series_0/u_system_mig_7series_0_2_mig/u_ddr2_infrastructure/mmcm_clk
    PLLE2_ADV_X1Y1       PLLE2_ADV (Prop_plle2_adv_CLKIN1_CLKOUT1)
                                                      0.053     0.888 r  system_i/mig_7series_0/u_system_mig_7series_0_2_mig/u_ddr2_infrastructure/plle2_i/CLKOUT1
                         net (fo=7, routed)           0.209     1.097    system_i/mig_7series_0/u_system_mig_7series_0_2_mig/u_memc_ui_top_axi/mem_intfc0/ddr_phy_top0/u_ddr_mc_phy_wrapper/u_ddr_mc_phy/ddr_phy_4lanes_0.u_ddr_phy_4lanes/ddr_byte_lane_B.ddr_byte_lane_B/mem_refclk
    PHASER_OUT_PHY_X1Y5  PHASER_OUT_PHY (Prop_phaser_out_phy_MEMREFCLK_OCLK)
                                                      2.254     3.350 r  system_i/mig_7series_0/u_system_mig_7series_0_2_mig/u_memc_ui_top_axi/mem_intfc0/ddr_phy_top0/u_ddr_mc_phy_wrapper/u_ddr_mc_phy/ddr_phy_4lanes_0.u_ddr_phy_4lanes/ddr_byte_lane_B.ddr_byte_lane_B/phaser_out/OCLK
    PHASER_OUT_PHY_X1Y5  PHASER_OUT_PHY (Prop_phaser_out_phy_OCLK_OCLKDIV)
                                                      0.088     3.438 r  system_i/mig_7series_0/u_system_mig_7series_0_2_mig/u_memc_ui_top_axi/mem_intfc0/ddr_phy_top0/u_ddr_mc_phy_wrapper/u_ddr_mc_phy/ddr_phy_4lanes_0.u_ddr_phy_4lanes/ddr_byte_lane_B.ddr_byte_lane_B/phaser_out/OCLKDIV
                         net (fo=13, routed)          0.000     3.438    system_i/mig_7series_0/u_system_mig_7series_0_2_mig/u_memc_ui_top_axi/mem_intfc0/ddr_phy_top0/u_ddr_mc_phy_wrapper/u_ddr_mc_phy/ddr_phy_4lanes_0.u_ddr_phy_4lanes/ddr_byte_lane_B.ddr_byte_lane_B/oserdes_clkdiv
    OUT_FIFO_X1Y5        OUT_FIFO                                     r  system_i/mig_7series_0/u_system_mig_7series_0_2_mig/u_memc_ui_top_axi/mem_intfc0/ddr_phy_top0/u_ddr_mc_phy_wrapper/u_ddr_mc_phy/ddr_phy_4lanes_0.u_ddr_phy_4lanes/ddr_byte_lane_B.ddr_byte_lane_B/out_fifo/RDCLK
                         clock pessimism             -0.341     3.097    
    OUT_FIFO_X1Y5        OUT_FIFO (Hold_out_fifo_RDCLK_RDEN)
                                                     -0.011     3.086    system_i/mig_7series_0/u_system_mig_7series_0_2_mig/u_memc_ui_top_axi/mem_intfc0/ddr_phy_top0/u_ddr_mc_phy_wrapper/u_ddr_mc_phy/ddr_phy_4lanes_0.u_ddr_phy_4lanes/ddr_byte_lane_B.ddr_byte_lane_B/out_fifo
  -------------------------------------------------------------------
                         required time                         -3.086    
                         arrival time                           3.181    
  -------------------------------------------------------------------
                         slack                                  0.095    





---------------------------------------------------------------------------------------------------
From Clock:  oserdes_clk_6
  To Clock:  oserdes_clkdiv_6

Setup :            0  Failing Endpoints,  Worst Slack        2.302ns,  Total Violation        0.000ns
Hold  :            0  Failing Endpoints,  Worst Slack        0.095ns,  Total Violation        0.000ns
---------------------------------------------------------------------------------------------------


Max Delay Paths
--------------------------------------------------------------------------------------
Slack (MET) :             2.302ns  (required time - arrival time)
  Source:                 system_i/mig_7series_0/u_system_mig_7series_0_2_mig/u_memc_ui_top_axi/mem_intfc0/ddr_phy_top0/u_ddr_mc_phy_wrapper/u_ddr_mc_phy/ddr_phy_4lanes_0.u_ddr_phy_4lanes/ddr_byte_lane_C.ddr_byte_lane_C/phaser_out/OCLK
                            (rising edge-triggered cell PHASER_OUT_PHY clocked by oserdes_clk_6  {rise@0.000ns fall@1.600ns period=3.200ns})
  Destination:            system_i/mig_7series_0/u_system_mig_7series_0_2_mig/u_memc_ui_top_axi/mem_intfc0/ddr_phy_top0/u_ddr_mc_phy_wrapper/u_ddr_mc_phy/ddr_phy_4lanes_0.u_ddr_phy_4lanes/ddr_byte_lane_C.ddr_byte_lane_C/out_fifo/RDEN
                            (rising edge-triggered cell OUT_FIFO clocked by oserdes_clkdiv_6  {rise@0.000ns fall@3.200ns period=6.400ns})
  Path Group:             oserdes_clkdiv_6
  Path Type:              Setup (Max at Slow Process Corner)
  Requirement:            3.200ns  (oserdes_clkdiv_6 rise@6.400ns - oserdes_clk_6 rise@3.200ns)
  Data Path Delay:        0.338ns  (logic 0.338ns (100.000%)  route 0.000ns (0.000%))
  Logic Levels:           0  
  Clock Path Skew:        0.148ns (DCD - SCD + CPR)
    Destination Clock Delay (DCD):    4.846ns = ( 11.246 - 6.400 ) 
    Source Clock Delay      (SCD):    4.922ns = ( 8.122 - 3.200 ) 
    Clock Pessimism Removal (CPR):    0.224ns
  Clock Uncertainty:      0.057ns  ((TSJ^2 + DJ^2)^1/2) / 2 + PE
    Total System Jitter     (TSJ):    0.071ns
    Discrete Jitter          (DJ):    0.090ns
    Phase Error              (PE):    0.000ns

    Location             Delay type                Incr(ns)  Path(ns)    Netlist Resource(s)
  -------------------------------------------------------------------    -------------------
                         (clock oserdes_clk_6 rise edge)
                                                      3.200     3.200 r  
    BUFGCTRL_X0Y17       BUFG                         0.000     3.200 r  system_i/clk_wiz_1/inst/clkout2_buf/O
                         net (fo=1, routed)           1.666     4.866    system_i/mig_7series_0/u_system_mig_7series_0_2_mig/u_ddr2_infrastructure/mmcm_clk
    PLLE2_ADV_X1Y1       PLLE2_ADV (Prop_plle2_adv_CLKIN1_CLKOUT1)
                                                      0.088     4.954 r  system_i/mig_7series_0/u_system_mig_7series_0_2_mig/u_ddr2_infrastructure/plle2_i/CLKOUT1
                         net (fo=7, routed)           0.614     5.568    system_i/mig_7series_0/u_system_mig_7series_0_2_mig/u_memc_ui_top_axi/mem_intfc0/ddr_phy_top0/u_ddr_mc_phy_wrapper/u_ddr_mc_phy/ddr_phy_4lanes_0.u_ddr_phy_4lanes/ddr_byte_lane_C.ddr_byte_lane_C/mem_refclk
    PHASER_OUT_PHY_X1Y6  PHASER_OUT_PHY (Prop_phaser_out_phy_MEMREFCLK_OCLK)
                                                      2.553     8.122 r  system_i/mig_7series_0/u_system_mig_7series_0_2_mig/u_memc_ui_top_axi/mem_intfc0/ddr_phy_top0/u_ddr_mc_phy_wrapper/u_ddr_mc_phy/ddr_phy_4lanes_0.u_ddr_phy_4lanes/ddr_byte_lane_C.ddr_byte_lane_C/phaser_out/OCLK
  -------------------------------------------------------------------    -------------------
    PHASER_OUT_PHY_X1Y6  PHASER_OUT_PHY (Prop_phaser_out_phy_OCLK_RDENABLE)
                                                      0.338     8.460 r  system_i/mig_7series_0/u_system_mig_7series_0_2_mig/u_memc_ui_top_axi/mem_intfc0/ddr_phy_top0/u_ddr_mc_phy_wrapper/u_ddr_mc_phy/ddr_phy_4lanes_0.u_ddr_phy_4lanes/ddr_byte_lane_C.ddr_byte_lane_C/phaser_out/RDENABLE
                         net (fo=1, routed)           0.000     8.460    system_i/mig_7series_0/u_system_mig_7series_0_2_mig/u_memc_ui_top_axi/mem_intfc0/ddr_phy_top0/u_ddr_mc_phy_wrapper/u_ddr_mc_phy/ddr_phy_4lanes_0.u_ddr_phy_4lanes/ddr_byte_lane_C.ddr_byte_lane_C/po_rd_enable
    OUT_FIFO_X1Y6        OUT_FIFO                                     r  system_i/mig_7series_0/u_system_mig_7series_0_2_mig/u_memc_ui_top_axi/mem_intfc0/ddr_phy_top0/u_ddr_mc_phy_wrapper/u_ddr_mc_phy/ddr_phy_4lanes_0.u_ddr_phy_4lanes/ddr_byte_lane_C.ddr_byte_lane_C/out_fifo/RDEN
  -------------------------------------------------------------------    -------------------

                         (clock oserdes_clkdiv_6 rise edge)
                                                      6.400     6.400 r  
    BUFGCTRL_X0Y17       BUFG                         0.000     6.400 r  system_i/clk_wiz_1/inst/clkout2_buf/O
                         net (fo=1, routed)           1.544     7.944    system_i/mig_7series_0/u_system_mig_7series_0_2_mig/u_ddr2_infrastructure/mmcm_clk
    PLLE2_ADV_X1Y1       PLLE2_ADV (Prop_plle2_adv_CLKIN1_CLKOUT1)
                                                      0.083     8.027 r  system_i/mig_7series_0/u_system_mig_7series_0_2_mig/u_ddr2_infrastructure/plle2_i/CLKOUT1
                         net (fo=7, routed)           0.582     8.609    system_i/mig_7series_0/u_system_mig_7series_0_2_mig/u_memc_ui_top_axi/mem_intfc0/ddr_phy_top0/u_ddr_mc_phy_wrapper/u_ddr_mc_phy/ddr_phy_4lanes_0.u_ddr_phy_4lanes/ddr_byte_lane_C.ddr_byte_lane_C/mem_refclk
    PHASER_OUT_PHY_X1Y6  PHASER_OUT_PHY (Prop_phaser_out_phy_MEMREFCLK_OCLK)
                                                      2.488    11.098 r  system_i/mig_7series_0/u_system_mig_7series_0_2_mig/u_memc_ui_top_axi/mem_intfc0/ddr_phy_top0/u_ddr_mc_phy_wrapper/u_ddr_mc_phy/ddr_phy_4lanes_0.u_ddr_phy_4lanes/ddr_byte_lane_C.ddr_byte_lane_C/phaser_out/OCLK
    PHASER_OUT_PHY_X1Y6  PHASER_OUT_PHY (Prop_phaser_out_phy_OCLK_OCLKDIV)
                                                      0.148    11.246 r  system_i/mig_7series_0/u_system_mig_7series_0_2_mig/u_memc_ui_top_axi/mem_intfc0/ddr_phy_top0/u_ddr_mc_phy_wrapper/u_ddr_mc_phy/ddr_phy_4lanes_0.u_ddr_phy_4lanes/ddr_byte_lane_C.ddr_byte_lane_C/phaser_out/OCLKDIV
                         net (fo=11, routed)          0.000    11.246    system_i/mig_7series_0/u_system_mig_7series_0_2_mig/u_memc_ui_top_axi/mem_intfc0/ddr_phy_top0/u_ddr_mc_phy_wrapper/u_ddr_mc_phy/ddr_phy_4lanes_0.u_ddr_phy_4lanes/ddr_byte_lane_C.ddr_byte_lane_C/oserdes_clkdiv
    OUT_FIFO_X1Y6        OUT_FIFO                                     r  system_i/mig_7series_0/u_system_mig_7series_0_2_mig/u_memc_ui_top_axi/mem_intfc0/ddr_phy_top0/u_ddr_mc_phy_wrapper/u_ddr_mc_phy/ddr_phy_4lanes_0.u_ddr_phy_4lanes/ddr_byte_lane_C.ddr_byte_lane_C/out_fifo/RDCLK
                         clock pessimism              0.224    11.470    
                         clock uncertainty           -0.057    11.412    
    OUT_FIFO_X1Y6        OUT_FIFO (Setup_out_fifo_RDCLK_RDEN)
                                                     -0.651    10.761    system_i/mig_7series_0/u_system_mig_7series_0_2_mig/u_memc_ui_top_axi/mem_intfc0/ddr_phy_top0/u_ddr_mc_phy_wrapper/u_ddr_mc_phy/ddr_phy_4lanes_0.u_ddr_phy_4lanes/ddr_byte_lane_C.ddr_byte_lane_C/out_fifo
  -------------------------------------------------------------------
                         required time                         10.761    
                         arrival time                          -8.460    
  -------------------------------------------------------------------
                         slack                                  2.302    





Min Delay Paths
--------------------------------------------------------------------------------------
Slack (MET) :             0.095ns  (arrival time - required time)
  Source:                 system_i/mig_7series_0/u_system_mig_7series_0_2_mig/u_memc_ui_top_axi/mem_intfc0/ddr_phy_top0/u_ddr_mc_phy_wrapper/u_ddr_mc_phy/ddr_phy_4lanes_0.u_ddr_phy_4lanes/ddr_byte_lane_C.ddr_byte_lane_C/phaser_out/OCLK
                            (rising edge-triggered cell PHASER_OUT_PHY clocked by oserdes_clk_6  {rise@0.000ns fall@1.600ns period=3.200ns})
  Destination:            system_i/mig_7series_0/u_system_mig_7series_0_2_mig/u_memc_ui_top_axi/mem_intfc0/ddr_phy_top0/u_ddr_mc_phy_wrapper/u_ddr_mc_phy/ddr_phy_4lanes_0.u_ddr_phy_4lanes/ddr_byte_lane_C.ddr_byte_lane_C/out_fifo/RDEN
                            (rising edge-triggered cell OUT_FIFO clocked by oserdes_clkdiv_6  {rise@0.000ns fall@3.200ns period=6.400ns})
  Path Group:             oserdes_clkdiv_6
  Path Type:              Hold (Min at Fast Process Corner)
  Requirement:            0.000ns  (oserdes_clkdiv_6 rise@0.000ns - oserdes_clk_6 rise@0.000ns)
  Data Path Delay:        0.172ns  (logic 0.172ns (100.000%)  route 0.000ns (0.000%))
  Logic Levels:           0  
  Clock Path Skew:        0.088ns (DCD - SCD - CPR)
    Destination Clock Delay (DCD):    3.447ns
    Source Clock Delay      (SCD):    3.016ns
    Clock Pessimism Removal (CPR):    0.343ns

    Location             Delay type                Incr(ns)  Path(ns)    Netlist Resource(s)
  -------------------------------------------------------------------    -------------------
                         (clock oserdes_clk_6 rise edge)
                                                      0.000     0.000 r  
    BUFGCTRL_X0Y17       BUFG                         0.000     0.000 r  system_i/clk_wiz_1/inst/clkout2_buf/O
                         net (fo=1, routed)           0.566     0.566    system_i/mig_7series_0/u_system_mig_7series_0_2_mig/u_ddr2_infrastructure/mmcm_clk
    PLLE2_ADV_X1Y1       PLLE2_ADV (Prop_plle2_adv_CLKIN1_CLKOUT1)
                                                      0.050     0.616 r  system_i/mig_7series_0/u_system_mig_7series_0_2_mig/u_ddr2_infrastructure/plle2_i/CLKOUT1
                         net (fo=7, routed)           0.197     0.813    system_i/mig_7series_0/u_system_mig_7series_0_2_mig/u_memc_ui_top_axi/mem_intfc0/ddr_phy_top0/u_ddr_mc_phy_wrapper/u_ddr_mc_phy/ddr_phy_4lanes_0.u_ddr_phy_4lanes/ddr_byte_lane_C.ddr_byte_lane_C/mem_refclk
    PHASER_OUT_PHY_X1Y6  PHASER_OUT_PHY (Prop_phaser_out_phy_MEMREFCLK_OCLK)
                                                      2.204     3.016 r  system_i/mig_7series_0/u_system_mig_7series_0_2_mig/u_memc_ui_top_axi/mem_intfc0/ddr_phy_top0/u_ddr_mc_phy_wrapper/u_ddr_mc_phy/ddr_phy_4lanes_0.u_ddr_phy_4lanes/ddr_byte_lane_C.ddr_byte_lane_C/phaser_out/OCLK
  -------------------------------------------------------------------    -------------------
    PHASER_OUT_PHY_X1Y6  PHASER_OUT_PHY (Prop_phaser_out_phy_OCLK_RDENABLE)
                                                      0.172     3.188 r  system_i/mig_7series_0/u_system_mig_7series_0_2_mig/u_memc_ui_top_axi/mem_intfc0/ddr_phy_top0/u_ddr_mc_phy_wrapper/u_ddr_mc_phy/ddr_phy_4lanes_0.u_ddr_phy_4lanes/ddr_byte_lane_C.ddr_byte_lane_C/phaser_out/RDENABLE
                         net (fo=1, routed)           0.000     3.188    system_i/mig_7series_0/u_system_mig_7series_0_2_mig/u_memc_ui_top_axi/mem_intfc0/ddr_phy_top0/u_ddr_mc_phy_wrapper/u_ddr_mc_phy/ddr_phy_4lanes_0.u_ddr_phy_4lanes/ddr_byte_lane_C.ddr_byte_lane_C/po_rd_enable
    OUT_FIFO_X1Y6        OUT_FIFO                                     r  system_i/mig_7series_0/u_system_mig_7series_0_2_mig/u_memc_ui_top_axi/mem_intfc0/ddr_phy_top0/u_ddr_mc_phy_wrapper/u_ddr_mc_phy/ddr_phy_4lanes_0.u_ddr_phy_4lanes/ddr_byte_lane_C.ddr_byte_lane_C/out_fifo/RDEN
  -------------------------------------------------------------------    -------------------

                         (clock oserdes_clkdiv_6 rise edge)
                                                      0.000     0.000 r  
    BUFGCTRL_X0Y17       BUFG                         0.000     0.000 r  system_i/clk_wiz_1/inst/clkout2_buf/O
                         net (fo=1, routed)           0.835     0.835    system_i/mig_7series_0/u_system_mig_7series_0_2_mig/u_ddr2_infrastructure/mmcm_clk
    PLLE2_ADV_X1Y1       PLLE2_ADV (Prop_plle2_adv_CLKIN1_CLKOUT1)
                                                      0.053     0.888 r  system_i/mig_7series_0/u_system_mig_7series_0_2_mig/u_ddr2_infrastructure/plle2_i/CLKOUT1
                         net (fo=7, routed)           0.218     1.106    system_i/mig_7series_0/u_system_mig_7series_0_2_mig/u_memc_ui_top_axi/mem_intfc0/ddr_phy_top0/u_ddr_mc_phy_wrapper/u_ddr_mc_phy/ddr_phy_4lanes_0.u_ddr_phy_4lanes/ddr_byte_lane_C.ddr_byte_lane_C/mem_refclk
    PHASER_OUT_PHY_X1Y6  PHASER_OUT_PHY (Prop_phaser_out_phy_MEMREFCLK_OCLK)
                                                      2.254     3.359 r  system_i/mig_7series_0/u_system_mig_7series_0_2_mig/u_memc_ui_top_axi/mem_intfc0/ddr_phy_top0/u_ddr_mc_phy_wrapper/u_ddr_mc_phy/ddr_phy_4lanes_0.u_ddr_phy_4lanes/ddr_byte_lane_C.ddr_byte_lane_C/phaser_out/OCLK
    PHASER_OUT_PHY_X1Y6  PHASER_OUT_PHY (Prop_phaser_out_phy_OCLK_OCLKDIV)
                                                      0.088     3.447 r  system_i/mig_7series_0/u_system_mig_7series_0_2_mig/u_memc_ui_top_axi/mem_intfc0/ddr_phy_top0/u_ddr_mc_phy_wrapper/u_ddr_mc_phy/ddr_phy_4lanes_0.u_ddr_phy_4lanes/ddr_byte_lane_C.ddr_byte_lane_C/phaser_out/OCLKDIV
                         net (fo=11, routed)          0.000     3.447    system_i/mig_7series_0/u_system_mig_7series_0_2_mig/u_memc_ui_top_axi/mem_intfc0/ddr_phy_top0/u_ddr_mc_phy_wrapper/u_ddr_mc_phy/ddr_phy_4lanes_0.u_ddr_phy_4lanes/ddr_byte_lane_C.ddr_byte_lane_C/oserdes_clkdiv
    OUT_FIFO_X1Y6        OUT_FIFO                                     r  system_i/mig_7series_0/u_system_mig_7series_0_2_mig/u_memc_ui_top_axi/mem_intfc0/ddr_phy_top0/u_ddr_mc_phy_wrapper/u_ddr_mc_phy/ddr_phy_4lanes_0.u_ddr_phy_4lanes/ddr_byte_lane_C.ddr_byte_lane_C/out_fifo/RDCLK
                         clock pessimism             -0.343     3.104    
    OUT_FIFO_X1Y6        OUT_FIFO (Hold_out_fifo_RDCLK_RDEN)
                                                     -0.011     3.093    system_i/mig_7series_0/u_system_mig_7series_0_2_mig/u_memc_ui_top_axi/mem_intfc0/ddr_phy_top0/u_ddr_mc_phy_wrapper/u_ddr_mc_phy/ddr_phy_4lanes_0.u_ddr_phy_4lanes/ddr_byte_lane_C.ddr_byte_lane_C/out_fifo
  -------------------------------------------------------------------
                         required time                         -3.093    
                         arrival time                           3.188    
  -------------------------------------------------------------------
                         slack                                  0.095    





---------------------------------------------------------------------------------------------------
From Clock:  oserdes_clk_7
  To Clock:  oserdes_clkdiv_7

Setup :            0  Failing Endpoints,  Worst Slack        2.302ns,  Total Violation        0.000ns
Hold  :            0  Failing Endpoints,  Worst Slack        0.095ns,  Total Violation        0.000ns
---------------------------------------------------------------------------------------------------


Max Delay Paths
--------------------------------------------------------------------------------------
Slack (MET) :             2.302ns  (required time - arrival time)
  Source:                 system_i/mig_7series_0/u_system_mig_7series_0_2_mig/u_memc_ui_top_axi/mem_intfc0/ddr_phy_top0/u_ddr_mc_phy_wrapper/u_ddr_mc_phy/ddr_phy_4lanes_0.u_ddr_phy_4lanes/ddr_byte_lane_D.ddr_byte_lane_D/phaser_out/OCLK
                            (rising edge-triggered cell PHASER_OUT_PHY clocked by oserdes_clk_7  {rise@0.000ns fall@1.600ns period=3.200ns})
  Destination:            system_i/mig_7series_0/u_system_mig_7series_0_2_mig/u_memc_ui_top_axi/mem_intfc0/ddr_phy_top0/u_ddr_mc_phy_wrapper/u_ddr_mc_phy/ddr_phy_4lanes_0.u_ddr_phy_4lanes/ddr_byte_lane_D.ddr_byte_lane_D/out_fifo/RDEN
                            (rising edge-triggered cell OUT_FIFO clocked by oserdes_clkdiv_7  {rise@0.000ns fall@6.400ns period=12.800ns})
  Path Group:             oserdes_clkdiv_7
  Path Type:              Setup (Max at Slow Process Corner)
  Requirement:            3.200ns  (oserdes_clkdiv_7 rise@12.800ns - oserdes_clk_7 rise@9.600ns)
  Data Path Delay:        0.338ns  (logic 0.338ns (100.000%)  route 0.000ns (0.000%))
  Logic Levels:           0  
  Clock Path Skew:        0.148ns (DCD - SCD + CPR)
    Destination Clock Delay (DCD):    4.836ns = ( 17.636 - 12.800 ) 
    Source Clock Delay      (SCD):    4.911ns = ( 14.511 - 9.600 ) 
    Clock Pessimism Removal (CPR):    0.223ns
  Clock Uncertainty:      0.057ns  ((TSJ^2 + DJ^2)^1/2) / 2 + PE
    Total System Jitter     (TSJ):    0.071ns
    Discrete Jitter          (DJ):    0.090ns
    Phase Error              (PE):    0.000ns

    Location             Delay type                Incr(ns)  Path(ns)    Netlist Resource(s)
  -------------------------------------------------------------------    -------------------
                         (clock oserdes_clk_7 rise edge)
                                                      9.600     9.600 r  
    BUFGCTRL_X0Y17       BUFG                         0.000     9.600 r  system_i/clk_wiz_1/inst/clkout2_buf/O
                         net (fo=1, routed)           1.666    11.266    system_i/mig_7series_0/u_system_mig_7series_0_2_mig/u_ddr2_infrastructure/mmcm_clk
    PLLE2_ADV_X1Y1       PLLE2_ADV (Prop_plle2_adv_CLKIN1_CLKOUT1)
                                                      0.088    11.354 r  system_i/mig_7series_0/u_system_mig_7series_0_2_mig/u_ddr2_infrastructure/plle2_i/CLKOUT1
                         net (fo=7, routed)           0.603    11.957    system_i/mig_7series_0/u_system_mig_7series_0_2_mig/u_memc_ui_top_axi/mem_intfc0/ddr_phy_top0/u_ddr_mc_phy_wrapper/u_ddr_mc_phy/ddr_phy_4lanes_0.u_ddr_phy_4lanes/ddr_byte_lane_D.ddr_byte_lane_D/mem_refclk
    PHASER_OUT_PHY_X1Y7  PHASER_OUT_PHY (Prop_phaser_out_phy_MEMREFCLK_OCLK)
                                                      2.553    14.511 r  system_i/mig_7series_0/u_system_mig_7series_0_2_mig/u_memc_ui_top_axi/mem_intfc0/ddr_phy_top0/u_ddr_mc_phy_wrapper/u_ddr_mc_phy/ddr_phy_4lanes_0.u_ddr_phy_4lanes/ddr_byte_lane_D.ddr_byte_lane_D/phaser_out/OCLK
  -------------------------------------------------------------------    -------------------
    PHASER_OUT_PHY_X1Y7  PHASER_OUT_PHY (Prop_phaser_out_phy_OCLK_RDENABLE)
                                                      0.338    14.849 r  system_i/mig_7series_0/u_system_mig_7series_0_2_mig/u_memc_ui_top_axi/mem_intfc0/ddr_phy_top0/u_ddr_mc_phy_wrapper/u_ddr_mc_phy/ddr_phy_4lanes_0.u_ddr_phy_4lanes/ddr_byte_lane_D.ddr_byte_lane_D/phaser_out/RDENABLE
                         net (fo=1, routed)           0.000    14.849    system_i/mig_7series_0/u_system_mig_7series_0_2_mig/u_memc_ui_top_axi/mem_intfc0/ddr_phy_top0/u_ddr_mc_phy_wrapper/u_ddr_mc_phy/ddr_phy_4lanes_0.u_ddr_phy_4lanes/ddr_byte_lane_D.ddr_byte_lane_D/po_rd_enable
    OUT_FIFO_X1Y7        OUT_FIFO                                     r  system_i/mig_7series_0/u_system_mig_7series_0_2_mig/u_memc_ui_top_axi/mem_intfc0/ddr_phy_top0/u_ddr_mc_phy_wrapper/u_ddr_mc_phy/ddr_phy_4lanes_0.u_ddr_phy_4lanes/ddr_byte_lane_D.ddr_byte_lane_D/out_fifo/RDEN
  -------------------------------------------------------------------    -------------------

                         (clock oserdes_clkdiv_7 rise edge)
                                                     12.800    12.800 r  
    BUFGCTRL_X0Y17       BUFG                         0.000    12.800 r  system_i/clk_wiz_1/inst/clkout2_buf/O
                         net (fo=1, routed)           1.544    14.344    system_i/mig_7series_0/u_system_mig_7series_0_2_mig/u_ddr2_infrastructure/mmcm_clk
    PLLE2_ADV_X1Y1       PLLE2_ADV (Prop_plle2_adv_CLKIN1_CLKOUT1)
                                                      0.083    14.427 r  system_i/mig_7series_0/u_system_mig_7series_0_2_mig/u_ddr2_infrastructure/plle2_i/CLKOUT1
                         net (fo=7, routed)           0.572    14.999    system_i/mig_7series_0/u_system_mig_7series_0_2_mig/u_memc_ui_top_axi/mem_intfc0/ddr_phy_top0/u_ddr_mc_phy_wrapper/u_ddr_mc_phy/ddr_phy_4lanes_0.u_ddr_phy_4lanes/ddr_byte_lane_D.ddr_byte_lane_D/mem_refclk
    PHASER_OUT_PHY_X1Y7  PHASER_OUT_PHY (Prop_phaser_out_phy_MEMREFCLK_OCLK)
                                                      2.488    17.488 r  system_i/mig_7series_0/u_system_mig_7series_0_2_mig/u_memc_ui_top_axi/mem_intfc0/ddr_phy_top0/u_ddr_mc_phy_wrapper/u_ddr_mc_phy/ddr_phy_4lanes_0.u_ddr_phy_4lanes/ddr_byte_lane_D.ddr_byte_lane_D/phaser_out/OCLK
    PHASER_OUT_PHY_X1Y7  PHASER_OUT_PHY (Prop_phaser_out_phy_OCLK_OCLKDIV)
                                                      0.148    17.636 r  system_i/mig_7series_0/u_system_mig_7series_0_2_mig/u_memc_ui_top_axi/mem_intfc0/ddr_phy_top0/u_ddr_mc_phy_wrapper/u_ddr_mc_phy/ddr_phy_4lanes_0.u_ddr_phy_4lanes/ddr_byte_lane_D.ddr_byte_lane_D/phaser_out/OCLKDIV
                         net (fo=11, routed)          0.000    17.636    system_i/mig_7series_0/u_system_mig_7series_0_2_mig/u_memc_ui_top_axi/mem_intfc0/ddr_phy_top0/u_ddr_mc_phy_wrapper/u_ddr_mc_phy/ddr_phy_4lanes_0.u_ddr_phy_4lanes/ddr_byte_lane_D.ddr_byte_lane_D/oserdes_clkdiv
    OUT_FIFO_X1Y7        OUT_FIFO                                     r  system_i/mig_7series_0/u_system_mig_7series_0_2_mig/u_memc_ui_top_axi/mem_intfc0/ddr_phy_top0/u_ddr_mc_phy_wrapper/u_ddr_mc_phy/ddr_phy_4lanes_0.u_ddr_phy_4lanes/ddr_byte_lane_D.ddr_byte_lane_D/out_fifo/RDCLK
                         clock pessimism              0.223    17.859    
                         clock uncertainty           -0.057    17.801    
    OUT_FIFO_X1Y7        OUT_FIFO (Setup_out_fifo_RDCLK_RDEN)
                                                     -0.651    17.150    system_i/mig_7series_0/u_system_mig_7series_0_2_mig/u_memc_ui_top_axi/mem_intfc0/ddr_phy_top0/u_ddr_mc_phy_wrapper/u_ddr_mc_phy/ddr_phy_4lanes_0.u_ddr_phy_4lanes/ddr_byte_lane_D.ddr_byte_lane_D/out_fifo
  -------------------------------------------------------------------
                         required time                         17.150    
                         arrival time                         -14.849    
  -------------------------------------------------------------------
                         slack                                  2.302    





Min Delay Paths
--------------------------------------------------------------------------------------
Slack (MET) :             0.095ns  (arrival time - required time)
  Source:                 system_i/mig_7series_0/u_system_mig_7series_0_2_mig/u_memc_ui_top_axi/mem_intfc0/ddr_phy_top0/u_ddr_mc_phy_wrapper/u_ddr_mc_phy/ddr_phy_4lanes_0.u_ddr_phy_4lanes/ddr_byte_lane_D.ddr_byte_lane_D/phaser_out/OCLK
                            (rising edge-triggered cell PHASER_OUT_PHY clocked by oserdes_clk_7  {rise@0.000ns fall@1.600ns period=3.200ns})
  Destination:            system_i/mig_7series_0/u_system_mig_7series_0_2_mig/u_memc_ui_top_axi/mem_intfc0/ddr_phy_top0/u_ddr_mc_phy_wrapper/u_ddr_mc_phy/ddr_phy_4lanes_0.u_ddr_phy_4lanes/ddr_byte_lane_D.ddr_byte_lane_D/out_fifo/RDEN
                            (rising edge-triggered cell OUT_FIFO clocked by oserdes_clkdiv_7  {rise@0.000ns fall@6.400ns period=12.800ns})
  Path Group:             oserdes_clkdiv_7
  Path Type:              Hold (Min at Fast Process Corner)
  Requirement:            0.000ns  (oserdes_clkdiv_7 rise@0.000ns - oserdes_clk_7 rise@0.000ns)
  Data Path Delay:        0.172ns  (logic 0.172ns (100.000%)  route 0.000ns (0.000%))
  Logic Levels:           0  
  Clock Path Skew:        0.088ns (DCD - SCD - CPR)
    Destination Clock Delay (DCD):    3.438ns
    Source Clock Delay      (SCD):    3.009ns
    Clock Pessimism Removal (CPR):    0.341ns

    Location             Delay type                Incr(ns)  Path(ns)    Netlist Resource(s)
  -------------------------------------------------------------------    -------------------
                         (clock oserdes_clk_7 rise edge)
                                                      0.000     0.000 r  
    BUFGCTRL_X0Y17       BUFG                         0.000     0.000 r  system_i/clk_wiz_1/inst/clkout2_buf/O
                         net (fo=1, routed)           0.566     0.566    system_i/mig_7series_0/u_system_mig_7series_0_2_mig/u_ddr2_infrastructure/mmcm_clk
    PLLE2_ADV_X1Y1       PLLE2_ADV (Prop_plle2_adv_CLKIN1_CLKOUT1)
                                                      0.050     0.616 r  system_i/mig_7series_0/u_system_mig_7series_0_2_mig/u_ddr2_infrastructure/plle2_i/CLKOUT1
                         net (fo=7, routed)           0.190     0.806    system_i/mig_7series_0/u_system_mig_7series_0_2_mig/u_memc_ui_top_axi/mem_intfc0/ddr_phy_top0/u_ddr_mc_phy_wrapper/u_ddr_mc_phy/ddr_phy_4lanes_0.u_ddr_phy_4lanes/ddr_byte_lane_D.ddr_byte_lane_D/mem_refclk
    PHASER_OUT_PHY_X1Y7  PHASER_OUT_PHY (Prop_phaser_out_phy_MEMREFCLK_OCLK)
                                                      2.204     3.009 r  system_i/mig_7series_0/u_system_mig_7series_0_2_mig/u_memc_ui_top_axi/mem_intfc0/ddr_phy_top0/u_ddr_mc_phy_wrapper/u_ddr_mc_phy/ddr_phy_4lanes_0.u_ddr_phy_4lanes/ddr_byte_lane_D.ddr_byte_lane_D/phaser_out/OCLK
  -------------------------------------------------------------------    -------------------
    PHASER_OUT_PHY_X1Y7  PHASER_OUT_PHY (Prop_phaser_out_phy_OCLK_RDENABLE)
                                                      0.172     3.181 r  system_i/mig_7series_0/u_system_mig_7series_0_2_mig/u_memc_ui_top_axi/mem_intfc0/ddr_phy_top0/u_ddr_mc_phy_wrapper/u_ddr_mc_phy/ddr_phy_4lanes_0.u_ddr_phy_4lanes/ddr_byte_lane_D.ddr_byte_lane_D/phaser_out/RDENABLE
                         net (fo=1, routed)           0.000     3.181    system_i/mig_7series_0/u_system_mig_7series_0_2_mig/u_memc_ui_top_axi/mem_intfc0/ddr_phy_top0/u_ddr_mc_phy_wrapper/u_ddr_mc_phy/ddr_phy_4lanes_0.u_ddr_phy_4lanes/ddr_byte_lane_D.ddr_byte_lane_D/po_rd_enable
    OUT_FIFO_X1Y7        OUT_FIFO                                     r  system_i/mig_7series_0/u_system_mig_7series_0_2_mig/u_memc_ui_top_axi/mem_intfc0/ddr_phy_top0/u_ddr_mc_phy_wrapper/u_ddr_mc_phy/ddr_phy_4lanes_0.u_ddr_phy_4lanes/ddr_byte_lane_D.ddr_byte_lane_D/out_fifo/RDEN
  -------------------------------------------------------------------    -------------------

                         (clock oserdes_clkdiv_7 rise edge)
                                                      0.000     0.000 r  
    BUFGCTRL_X0Y17       BUFG                         0.000     0.000 r  system_i/clk_wiz_1/inst/clkout2_buf/O
                         net (fo=1, routed)           0.835     0.835    system_i/mig_7series_0/u_system_mig_7series_0_2_mig/u_ddr2_infrastructure/mmcm_clk
    PLLE2_ADV_X1Y1       PLLE2_ADV (Prop_plle2_adv_CLKIN1_CLKOUT1)
                                                      0.053     0.888 r  system_i/mig_7series_0/u_system_mig_7series_0_2_mig/u_ddr2_infrastructure/plle2_i/CLKOUT1
                         net (fo=7, routed)           0.209     1.097    system_i/mig_7series_0/u_system_mig_7series_0_2_mig/u_memc_ui_top_axi/mem_intfc0/ddr_phy_top0/u_ddr_mc_phy_wrapper/u_ddr_mc_phy/ddr_phy_4lanes_0.u_ddr_phy_4lanes/ddr_byte_lane_D.ddr_byte_lane_D/mem_refclk
    PHASER_OUT_PHY_X1Y7  PHASER_OUT_PHY (Prop_phaser_out_phy_MEMREFCLK_OCLK)
                                                      2.254     3.350 r  system_i/mig_7series_0/u_system_mig_7series_0_2_mig/u_memc_ui_top_axi/mem_intfc0/ddr_phy_top0/u_ddr_mc_phy_wrapper/u_ddr_mc_phy/ddr_phy_4lanes_0.u_ddr_phy_4lanes/ddr_byte_lane_D.ddr_byte_lane_D/phaser_out/OCLK
    PHASER_OUT_PHY_X1Y7  PHASER_OUT_PHY (Prop_phaser_out_phy_OCLK_OCLKDIV)
                                                      0.088     3.438 r  system_i/mig_7series_0/u_system_mig_7series_0_2_mig/u_memc_ui_top_axi/mem_intfc0/ddr_phy_top0/u_ddr_mc_phy_wrapper/u_ddr_mc_phy/ddr_phy_4lanes_0.u_ddr_phy_4lanes/ddr_byte_lane_D.ddr_byte_lane_D/phaser_out/OCLKDIV
                         net (fo=11, routed)          0.000     3.438    system_i/mig_7series_0/u_system_mig_7series_0_2_mig/u_memc_ui_top_axi/mem_intfc0/ddr_phy_top0/u_ddr_mc_phy_wrapper/u_ddr_mc_phy/ddr_phy_4lanes_0.u_ddr_phy_4lanes/ddr_byte_lane_D.ddr_byte_lane_D/oserdes_clkdiv
    OUT_FIFO_X1Y7        OUT_FIFO                                     r  system_i/mig_7series_0/u_system_mig_7series_0_2_mig/u_memc_ui_top_axi/mem_intfc0/ddr_phy_top0/u_ddr_mc_phy_wrapper/u_ddr_mc_phy/ddr_phy_4lanes_0.u_ddr_phy_4lanes/ddr_byte_lane_D.ddr_byte_lane_D/out_fifo/RDCLK
                         clock pessimism             -0.341     3.097    
    OUT_FIFO_X1Y7        OUT_FIFO (Hold_out_fifo_RDCLK_RDEN)
                                                     -0.011     3.086    system_i/mig_7series_0/u_system_mig_7series_0_2_mig/u_memc_ui_top_axi/mem_intfc0/ddr_phy_top0/u_ddr_mc_phy_wrapper/u_ddr_mc_phy/ddr_phy_4lanes_0.u_ddr_phy_4lanes/ddr_byte_lane_D.ddr_byte_lane_D/out_fifo
  -------------------------------------------------------------------
                         required time                         -3.086    
                         arrival time                           3.181    
  -------------------------------------------------------------------
                         slack                                  0.095    





---------------------------------------------------------------------------------------------------
From Clock:  clk_out1_system_clk_wiz_1_0
  To Clock:  clk_pll_i_1

Setup :            0  Failing Endpoints,  Worst Slack        7.031ns,  Total Violation        0.000ns
Hold  :           NA  Failing Endpoints,  Worst Slack           NA  ,  Total Violation           NA
---------------------------------------------------------------------------------------------------


Max Delay Paths
--------------------------------------------------------------------------------------
Slack (MET) :             7.031ns  (required time - arrival time)
  Source:                 system_i/axi_smc/inst/m02_nodes/m02_ar_node/inst/inst_mi_handler/gen_normal_area.inst_fifo_node_payld/gen_xpm_memory_fifo.inst_fifo/gen_mem_rep[0].inst_xpm_memory/xpm_memory_base_inst/gen_wr_a.gen_word_narrow.mem_reg_0_31_114_119/RAMC/CLK
                            (rising edge-triggered cell RAMD32 clocked by clk_out1_system_clk_wiz_1_0  {rise@0.000ns fall@5.000ns period=10.000ns})
  Destination:            system_i/axi_smc/inst/m02_nodes/m02_ar_node/inst/inst_mi_handler/gen_normal_area.inst_fifo_node_payld/gen_xpm_memory_fifo.inst_fifo/gen_mem_rep[0].inst_xpm_memory/xpm_memory_base_inst/gen_rd_b.gen_rd_b_synth_template.gen_rf_narrow_reg.doutb_reg_reg[118]/D
                            (rising edge-triggered cell FDRE clocked by clk_pll_i_1  {rise@0.000ns fall@6.400ns period=12.800ns})
  Path Group:             clk_pll_i_1
  Path Type:              Setup (Max at Slow Process Corner)
  Requirement:            10.000ns  (MaxDelay Path 10.000ns)
  Data Path Delay:        2.653ns  (logic 1.336ns (50.359%)  route 1.317ns (49.641%))
  Logic Levels:           0  
  Timing Exception:       MaxDelay Path 10.000ns -datapath_only

    Location             Delay type                Incr(ns)  Path(ns)    Netlist Resource(s)
  -------------------------------------------------------------------    -------------------
    SLICE_X30Y35                                      0.000     0.000 r  system_i/axi_smc/inst/m02_nodes/m02_ar_node/inst/inst_mi_handler/gen_normal_area.inst_fifo_node_payld/gen_xpm_memory_fifo.inst_fifo/gen_mem_rep[0].inst_xpm_memory/xpm_memory_base_inst/gen_wr_a.gen_word_narrow.mem_reg_0_31_114_119/RAMC/CLK
    SLICE_X30Y35         RAMD32 (Prop_ramd32_CLK_O)
                                                      1.336     1.336 r  system_i/axi_smc/inst/m02_nodes/m02_ar_node/inst/inst_mi_handler/gen_normal_area.inst_fifo_node_payld/gen_xpm_memory_fifo.inst_fifo/gen_mem_rep[0].inst_xpm_memory/xpm_memory_base_inst/gen_wr_a.gen_word_narrow.mem_reg_0_31_114_119/RAMC/O
                         net (fo=1, routed)           1.317     2.653    system_i/axi_smc/inst/m02_nodes/m02_ar_node/inst/inst_mi_handler/gen_normal_area.inst_fifo_node_payld/gen_xpm_memory_fifo.inst_fifo/gen_mem_rep[0].inst_xpm_memory/xpm_memory_base_inst/gen_rd_b.gen_rd_b_synth_template.gen_rf_narrow_reg.doutb_reg_reg0[118]
    SLICE_X19Y37         FDRE                                         r  system_i/axi_smc/inst/m02_nodes/m02_ar_node/inst/inst_mi_handler/gen_normal_area.inst_fifo_node_payld/gen_xpm_memory_fifo.inst_fifo/gen_mem_rep[0].inst_xpm_memory/xpm_memory_base_inst/gen_rd_b.gen_rd_b_synth_template.gen_rf_narrow_reg.doutb_reg_reg[118]/D
  -------------------------------------------------------------------    -------------------

                         max delay                   10.000    10.000    
    SLICE_X19Y37         FDRE (Setup_fdre_C_D)       -0.316     9.684    system_i/axi_smc/inst/m02_nodes/m02_ar_node/inst/inst_mi_handler/gen_normal_area.inst_fifo_node_payld/gen_xpm_memory_fifo.inst_fifo/gen_mem_rep[0].inst_xpm_memory/xpm_memory_base_inst/gen_rd_b.gen_rd_b_synth_template.gen_rf_narrow_reg.doutb_reg_reg[118]
  -------------------------------------------------------------------
                         required time                          9.684    
                         arrival time                          -2.653    
  -------------------------------------------------------------------
                         slack                                  7.031    





---------------------------------------------------------------------------------------------------
From Clock:  clk_out3_system_clk_wiz_1_0
  To Clock:  clk_pll_i_1

Setup :            0  Failing Endpoints,  Worst Slack       12.909ns,  Total Violation        0.000ns
Hold  :            0  Failing Endpoints,  Worst Slack        0.105ns,  Total Violation        0.000ns
---------------------------------------------------------------------------------------------------


Max Delay Paths
--------------------------------------------------------------------------------------
Slack (MET) :             12.909ns  (required time - arrival time)
  Source:                 system_i/mig_7series_0/u_system_mig_7series_0_2_mig/temp_mon_enabled.u_tempmon/xadc_supplied_temperature.temperature_reg[10]/C
                            (rising edge-triggered cell FDRE clocked by clk_out3_system_clk_wiz_1_0  {rise@0.000ns fall@2.500ns period=5.000ns})
  Destination:            system_i/mig_7series_0/u_system_mig_7series_0_2_mig/temp_mon_enabled.u_tempmon/device_temp_sync_r1_reg[10]/D
                            (rising edge-triggered cell FDRE clocked by clk_pll_i_1  {rise@0.000ns fall@6.400ns period=12.800ns})
  Path Group:             clk_pll_i_1
  Path Type:              Setup (Max at Slow Process Corner)
  Requirement:            20.000ns  (MaxDelay Path 20.000ns)
  Data Path Delay:        11.447ns  (logic 0.456ns (3.984%)  route 10.991ns (96.016%))
  Logic Levels:           0  
  Clock Path Skew:        4.608ns (DCD - SCD + CPR)
    Destination Clock Delay (DCD):    3.876ns
    Source Clock Delay      (SCD):    -0.732ns
    Clock Pessimism Removal (CPR):    0.000ns
  Clock Uncertainty:      0.205ns  ((TSJ^2 + DJ^2)^1/2) / 2 + PE
    Total System Jitter     (TSJ):    0.071ns
    Discrete Jitter          (DJ):    0.079ns
    Phase Error              (PE):    0.152ns
  Timing Exception:       MaxDelay Path 20.000ns

    Location             Delay type                Incr(ns)  Path(ns)    Netlist Resource(s)
  -------------------------------------------------------------------    -------------------
                         (clock clk_out3_system_clk_wiz_1_0 rise edge)
                                                      0.000     0.000 r  
    E3                                                0.000     0.000 r  sys_clock (IN)
                         net (fo=0)                   0.000     0.000    system_i/clk_wiz_1/inst/clk_in1
    E3                   IBUF (Prop_ibuf_I_O)         1.482     1.482 r  system_i/clk_wiz_1/inst/clkin1_ibufg/O
                         net (fo=1, routed)           1.233     2.715    system_i/clk_wiz_1/inst/clk_in1_system_clk_wiz_1_0
    MMCME2_ADV_X1Y2      MMCME2_ADV (Prop_mmcme2_adv_CLKIN1_CLKOUT2)
                                                     -7.070    -4.355 r  system_i/clk_wiz_1/inst/mmcm_adv_inst/CLKOUT2
                         net (fo=1, routed)           1.719    -2.636    system_i/clk_wiz_1/inst/clk_out3_system_clk_wiz_1_0
    BUFGCTRL_X0Y16       BUFG (Prop_bufg_I_O)         0.096    -2.540 r  system_i/clk_wiz_1/inst/clkout3_buf/O
                         net (fo=62, routed)          1.808    -0.732    system_i/mig_7series_0/u_system_mig_7series_0_2_mig/temp_mon_enabled.u_tempmon/clk_ref_i
    SLICE_X17Y163        FDRE                                         r  system_i/mig_7series_0/u_system_mig_7series_0_2_mig/temp_mon_enabled.u_tempmon/xadc_supplied_temperature.temperature_reg[10]/C
  -------------------------------------------------------------------    -------------------
    SLICE_X17Y163        FDRE (Prop_fdre_C_Q)         0.456    -0.276 r  system_i/mig_7series_0/u_system_mig_7series_0_2_mig/temp_mon_enabled.u_tempmon/xadc_supplied_temperature.temperature_reg[10]/Q
                         net (fo=1, routed)          10.991    10.715    system_i/mig_7series_0/u_system_mig_7series_0_2_mig/temp_mon_enabled.u_tempmon/device_temp_lcl[10]
    SLICE_X15Y164        FDRE                                         r  system_i/mig_7series_0/u_system_mig_7series_0_2_mig/temp_mon_enabled.u_tempmon/device_temp_sync_r1_reg[10]/D
  -------------------------------------------------------------------    -------------------

                         max delay                   20.000    20.000    
    BUFGCTRL_X0Y17       BUFG                         0.000    20.000 r  system_i/clk_wiz_1/inst/clkout2_buf/O
                         net (fo=1, routed)           1.544    21.544    system_i/mig_7series_0/u_system_mig_7series_0_2_mig/u_ddr2_infrastructure/mmcm_clk
    PLLE2_ADV_X1Y1       PLLE2_ADV (Prop_plle2_adv_CLKIN1_CLKOUT3)
                                                      0.083    21.627 r  system_i/mig_7series_0/u_system_mig_7series_0_2_mig/u_ddr2_infrastructure/plle2_i/CLKOUT3
                         net (fo=1, routed)           1.205    22.832    system_i/mig_7series_0/u_system_mig_7series_0_2_mig/u_ddr2_infrastructure/pll_clk3_out
    BUFHCE_X1Y12         BUFH (Prop_bufh_I_O)         0.081    22.913 r  system_i/mig_7series_0/u_system_mig_7series_0_2_mig/u_ddr2_infrastructure/u_bufh_pll_clk3/O
                         net (fo=1, routed)           0.799    23.712    system_i/mig_7series_0/u_system_mig_7series_0_2_mig/u_ddr2_infrastructure/pll_clk3
    MMCME2_ADV_X1Y1      MMCME2_ADV (Prop_mmcme2_adv_CLKIN1_CLKFBOUT)
                                                     -3.249    20.463 r  system_i/mig_7series_0/u_system_mig_7series_0_2_mig/u_ddr2_infrastructure/gen_ui_extra_clocks.mmcm_i/CLKFBOUT
                         net (fo=1, routed)           1.639    22.102    system_i/mig_7series_0/u_system_mig_7series_0_2_mig/u_ddr2_infrastructure/clk_pll_i
    BUFGCTRL_X0Y0        BUFG (Prop_bufg_I_O)         0.091    22.193 r  system_i/mig_7series_0/u_system_mig_7series_0_2_mig/u_ddr2_infrastructure/u_bufg_clkdiv0/O
                         net (fo=24798, routed)       1.683    23.876    system_i/mig_7series_0/u_system_mig_7series_0_2_mig/temp_mon_enabled.u_tempmon/device_temp_r_reg[11]_0
    SLICE_X15Y164        FDRE                                         r  system_i/mig_7series_0/u_system_mig_7series_0_2_mig/temp_mon_enabled.u_tempmon/device_temp_sync_r1_reg[10]/C
                         clock pessimism              0.000    23.876    
                         clock uncertainty           -0.205    23.671    
    SLICE_X15Y164        FDRE (Setup_fdre_C_D)       -0.047    23.624    system_i/mig_7series_0/u_system_mig_7series_0_2_mig/temp_mon_enabled.u_tempmon/device_temp_sync_r1_reg[10]
  -------------------------------------------------------------------
                         required time                         23.624    
                         arrival time                         -10.715    
  -------------------------------------------------------------------
                         slack                                 12.909    





Min Delay Paths
--------------------------------------------------------------------------------------
Slack (MET) :             0.105ns  (arrival time - required time)
  Source:                 system_i/mig_7series_0/u_system_mig_7series_0_2_mig/temp_mon_enabled.u_tempmon/xadc_supplied_temperature.temperature_reg[4]/C
                            (rising edge-triggered cell FDRE clocked by clk_out3_system_clk_wiz_1_0  {rise@0.000ns fall@2.500ns period=5.000ns})
  Destination:            system_i/mig_7series_0/u_system_mig_7series_0_2_mig/temp_mon_enabled.u_tempmon/device_temp_sync_r1_reg[4]/D
                            (rising edge-triggered cell FDRE clocked by clk_pll_i_1  {rise@0.000ns fall@6.400ns period=12.800ns})
  Path Group:             clk_pll_i_1
  Path Type:              Hold (Min at Slow Process Corner)
  Requirement:            0.000ns  (clk_pll_i_1 rise@0.000ns - clk_out3_system_clk_wiz_1_0 rise@0.000ns)
  Data Path Delay:        6.019ns  (logic 0.367ns (6.097%)  route 5.652ns (93.903%))
  Logic Levels:           0  
  Clock Path Skew:        5.518ns (DCD - SCD - CPR)
    Destination Clock Delay (DCD):    4.174ns
    Source Clock Delay      (SCD):    -1.343ns
    Clock Pessimism Removal (CPR):    -0.000ns
  Clock Uncertainty:      0.205ns  ((TSJ^2 + DJ^2)^1/2) / 2 + PE
    Total System Jitter     (TSJ):    0.071ns
    Discrete Jitter          (DJ):    0.079ns
    Phase Error              (PE):    0.152ns
  Clock Domain Crossing:  Inter clock paths are considered valid unless explicitly excluded by timing constraints such as set_clock_groups or set_false_path.

    Location             Delay type                Incr(ns)  Path(ns)    Netlist Resource(s)
  -------------------------------------------------------------------    -------------------
                         (clock clk_out3_system_clk_wiz_1_0 rise edge)
                                                      0.000     0.000 r  
    E3                                                0.000     0.000 r  sys_clock (IN)
                         net (fo=0)                   0.000     0.000    system_i/clk_wiz_1/inst/clk_in1
    E3                   IBUF (Prop_ibuf_I_O)         1.411     1.411 r  system_i/clk_wiz_1/inst/clkin1_ibufg/O
                         net (fo=1, routed)           1.162     2.573    system_i/clk_wiz_1/inst/clk_in1_system_clk_wiz_1_0
    MMCME2_ADV_X1Y2      MMCME2_ADV (Prop_mmcme2_adv_CLKIN1_CLKOUT2)
                                                     -7.324    -4.751 r  system_i/clk_wiz_1/inst/mmcm_adv_inst/CLKOUT2
                         net (fo=1, routed)           1.639    -3.112    system_i/clk_wiz_1/inst/clk_out3_system_clk_wiz_1_0
    BUFGCTRL_X0Y16       BUFG (Prop_bufg_I_O)         0.091    -3.021 r  system_i/clk_wiz_1/inst/clkout3_buf/O
                         net (fo=62, routed)          1.677    -1.343    system_i/mig_7series_0/u_system_mig_7series_0_2_mig/temp_mon_enabled.u_tempmon/clk_ref_i
    SLICE_X17Y163        FDRE                                         r  system_i/mig_7series_0/u_system_mig_7series_0_2_mig/temp_mon_enabled.u_tempmon/xadc_supplied_temperature.temperature_reg[4]/C
  -------------------------------------------------------------------    -------------------
    SLICE_X17Y163        FDRE (Prop_fdre_C_Q)         0.367    -0.976 r  system_i/mig_7series_0/u_system_mig_7series_0_2_mig/temp_mon_enabled.u_tempmon/xadc_supplied_temperature.temperature_reg[4]/Q
                         net (fo=1, routed)           5.652     4.676    system_i/mig_7series_0/u_system_mig_7series_0_2_mig/temp_mon_enabled.u_tempmon/device_temp_lcl[4]
    SLICE_X15Y162        FDRE                                         r  system_i/mig_7series_0/u_system_mig_7series_0_2_mig/temp_mon_enabled.u_tempmon/device_temp_sync_r1_reg[4]/D
  -------------------------------------------------------------------    -------------------

                         (clock clk_pll_i_1 rise edge)
                                                      0.000     0.000 r  
    BUFGCTRL_X0Y17       BUFG                         0.000     0.000 r  system_i/clk_wiz_1/inst/clkout2_buf/O
                         net (fo=1, routed)           1.666     1.666    system_i/mig_7series_0/u_system_mig_7series_0_2_mig/u_ddr2_infrastructure/mmcm_clk
    PLLE2_ADV_X1Y1       PLLE2_ADV (Prop_plle2_adv_CLKIN1_CLKOUT3)
                                                      0.088     1.754 r  system_i/mig_7series_0/u_system_mig_7series_0_2_mig/u_ddr2_infrastructure/plle2_i/CLKOUT3
                         net (fo=1, routed)           1.281     3.035    system_i/mig_7series_0/u_system_mig_7series_0_2_mig/u_ddr2_infrastructure/pll_clk3_out
    BUFHCE_X1Y12         BUFH (Prop_bufh_I_O)         0.127     3.162 r  system_i/mig_7series_0/u_system_mig_7series_0_2_mig/u_ddr2_infrastructure/u_bufh_pll_clk3/O
                         net (fo=1, routed)           0.841     4.003    system_i/mig_7series_0/u_system_mig_7series_0_2_mig/u_ddr2_infrastructure/pll_clk3
    MMCME2_ADV_X1Y1      MMCME2_ADV (Prop_mmcme2_adv_CLKIN1_CLKFBOUT)
                                                     -3.457     0.547 r  system_i/mig_7series_0/u_system_mig_7series_0_2_mig/u_ddr2_infrastructure/gen_ui_extra_clocks.mmcm_i/CLKFBOUT
                         net (fo=1, routed)           1.719     2.266    system_i/mig_7series_0/u_system_mig_7series_0_2_mig/u_ddr2_infrastructure/clk_pll_i
    BUFGCTRL_X0Y0        BUFG (Prop_bufg_I_O)         0.096     2.362 r  system_i/mig_7series_0/u_system_mig_7series_0_2_mig/u_ddr2_infrastructure/u_bufg_clkdiv0/O
                         net (fo=24798, routed)       1.812     4.174    system_i/mig_7series_0/u_system_mig_7series_0_2_mig/temp_mon_enabled.u_tempmon/device_temp_r_reg[11]_0
    SLICE_X15Y162        FDRE                                         r  system_i/mig_7series_0/u_system_mig_7series_0_2_mig/temp_mon_enabled.u_tempmon/device_temp_sync_r1_reg[4]/C
                         clock pessimism              0.000     4.174    
                         clock uncertainty            0.205     4.380    
    SLICE_X15Y162        FDRE (Hold_fdre_C_D)         0.191     4.571    system_i/mig_7series_0/u_system_mig_7series_0_2_mig/temp_mon_enabled.u_tempmon/device_temp_sync_r1_reg[4]
  -------------------------------------------------------------------
                         required time                         -4.571    
                         arrival time                           4.676    
  -------------------------------------------------------------------
                         slack                                  0.105    





---------------------------------------------------------------------------------------------------
Path Group:  **async_default**
From Clock:  clk_pll_i_1
  To Clock:  clk_pll_i_1

Setup :            0  Failing Endpoints,  Worst Slack        1.251ns,  Total Violation        0.000ns
Hold  :            0  Failing Endpoints,  Worst Slack        0.708ns,  Total Violation        0.000ns
---------------------------------------------------------------------------------------------------


Max Delay Paths
--------------------------------------------------------------------------------------
Slack (MET) :             1.251ns  (required time - arrival time)
  Source:                 system_i/rst_mig_7series_0_50M/U0/ACTIVE_LOW_PR_OUT_DFF[0].FDRE_PER_N/C
                            (rising edge-triggered cell FDRE clocked by clk_pll_i_1  {rise@0.000ns fall@6.400ns period=12.800ns})
  Destination:            system_i/yolo_engine_0/inst/rp19_entry_r_reg[4]/CLR
                            (recovery check against rising-edge clock clk_pll_i_1  {rise@0.000ns fall@6.400ns period=12.800ns})
  Path Group:             **async_default**
  Path Type:              Recovery (Max at Slow Process Corner)
  Requirement:            12.800ns  (clk_pll_i_1 rise@12.800ns - clk_pll_i_1 rise@0.000ns)
  Data Path Delay:        11.073ns  (logic 0.580ns (5.238%)  route 10.493ns (94.762%))
  Logic Levels:           1  (LUT1=1)
  Clock Path Skew:        -0.018ns (DCD - SCD + CPR)
    Destination Clock Delay (DCD):    3.862ns = ( 16.662 - 12.800 ) 
    Source Clock Delay      (SCD):    4.049ns
    Clock Pessimism Removal (CPR):    0.169ns
  Clock Uncertainty:      0.053ns  ((TSJ^2 + DJ^2)^1/2) / 2 + PE
    Total System Jitter     (TSJ):    0.071ns
    Discrete Jitter          (DJ):    0.078ns
    Phase Error              (PE):    0.000ns

    Location             Delay type                Incr(ns)  Path(ns)    Netlist Resource(s)
  -------------------------------------------------------------------    -------------------
                         (clock clk_pll_i_1 rise edge)
                                                      0.000     0.000 r  
    BUFGCTRL_X0Y17       BUFG                         0.000     0.000 r  system_i/clk_wiz_1/inst/clkout2_buf/O
                         net (fo=1, routed)           1.666     1.666    system_i/mig_7series_0/u_system_mig_7series_0_2_mig/u_ddr2_infrastructure/mmcm_clk
    PLLE2_ADV_X1Y1       PLLE2_ADV (Prop_plle2_adv_CLKIN1_CLKOUT3)
                                                      0.088     1.754 r  system_i/mig_7series_0/u_system_mig_7series_0_2_mig/u_ddr2_infrastructure/plle2_i/CLKOUT3
                         net (fo=1, routed)           1.281     3.035    system_i/mig_7series_0/u_system_mig_7series_0_2_mig/u_ddr2_infrastructure/pll_clk3_out
    BUFHCE_X1Y12         BUFH (Prop_bufh_I_O)         0.127     3.162 r  system_i/mig_7series_0/u_system_mig_7series_0_2_mig/u_ddr2_infrastructure/u_bufh_pll_clk3/O
                         net (fo=1, routed)           0.841     4.003    system_i/mig_7series_0/u_system_mig_7series_0_2_mig/u_ddr2_infrastructure/pll_clk3
    MMCME2_ADV_X1Y1      MMCME2_ADV (Prop_mmcme2_adv_CLKIN1_CLKFBOUT)
                                                     -3.457     0.547 r  system_i/mig_7series_0/u_system_mig_7series_0_2_mig/u_ddr2_infrastructure/gen_ui_extra_clocks.mmcm_i/CLKFBOUT
                         net (fo=1, routed)           1.719     2.266    system_i/mig_7series_0/u_system_mig_7series_0_2_mig/u_ddr2_infrastructure/clk_pll_i
    BUFGCTRL_X0Y0        BUFG (Prop_bufg_I_O)         0.096     2.362 r  system_i/mig_7series_0/u_system_mig_7series_0_2_mig/u_ddr2_infrastructure/u_bufg_clkdiv0/O
                         net (fo=24798, routed)       1.687     4.049    system_i/rst_mig_7series_0_50M/U0/slowest_sync_clk
    SLICE_X79Y125        FDRE                                         r  system_i/rst_mig_7series_0_50M/U0/ACTIVE_LOW_PR_OUT_DFF[0].FDRE_PER_N/C
  -------------------------------------------------------------------    -------------------
    SLICE_X79Y125        FDRE (Prop_fdre_C_Q)         0.456     4.505 r  system_i/rst_mig_7series_0_50M/U0/ACTIVE_LOW_PR_OUT_DFF[0].FDRE_PER_N/Q
                         net (fo=43, routed)          3.610     8.115    system_i/yolo_engine_0/inst/u_conv/u_mac_kern/u_mac_stack/u_at_00/rstn
    SLICE_X11Y167        LUT1 (Prop_lut1_I0_O)        0.124     8.239 f  system_i/yolo_engine_0/inst/u_conv/u_mac_kern/u_mac_stack/u_at_00/axi_awready_i_1/O
                         net (fo=4229, routed)        6.883    15.122    system_i/yolo_engine_0/inst/rstn_0
    SLICE_X31Y22         FDCE                                         f  system_i/yolo_engine_0/inst/rp19_entry_r_reg[4]/CLR
  -------------------------------------------------------------------    -------------------

                         (clock clk_pll_i_1 rise edge)
                                                     12.800    12.800 r  
    BUFGCTRL_X0Y17       BUFG                         0.000    12.800 r  system_i/clk_wiz_1/inst/clkout2_buf/O
                         net (fo=1, routed)           1.544    14.344    system_i/mig_7series_0/u_system_mig_7series_0_2_mig/u_ddr2_infrastructure/mmcm_clk
    PLLE2_ADV_X1Y1       PLLE2_ADV (Prop_plle2_adv_CLKIN1_CLKOUT3)
                                                      0.083    14.427 r  system_i/mig_7series_0/u_system_mig_7series_0_2_mig/u_ddr2_infrastructure/plle2_i/CLKOUT3
                         net (fo=1, routed)           1.205    15.632    system_i/mig_7series_0/u_system_mig_7series_0_2_mig/u_ddr2_infrastructure/pll_clk3_out
    BUFHCE_X1Y12         BUFH (Prop_bufh_I_O)         0.081    15.713 r  system_i/mig_7series_0/u_system_mig_7series_0_2_mig/u_ddr2_infrastructure/u_bufh_pll_clk3/O
                         net (fo=1, routed)           0.799    16.512    system_i/mig_7series_0/u_system_mig_7series_0_2_mig/u_ddr2_infrastructure/pll_clk3
    MMCME2_ADV_X1Y1      MMCME2_ADV (Prop_mmcme2_adv_CLKIN1_CLKFBOUT)
                                                     -3.249    13.263 r  system_i/mig_7series_0/u_system_mig_7series_0_2_mig/u_ddr2_infrastructure/gen_ui_extra_clocks.mmcm_i/CLKFBOUT
                         net (fo=1, routed)           1.639    14.902    system_i/mig_7series_0/u_system_mig_7series_0_2_mig/u_ddr2_infrastructure/clk_pll_i
    BUFGCTRL_X0Y0        BUFG (Prop_bufg_I_O)         0.091    14.993 r  system_i/mig_7series_0/u_system_mig_7series_0_2_mig/u_ddr2_infrastructure/u_bufg_clkdiv0/O
                         net (fo=24798, routed)       1.669    16.662    system_i/yolo_engine_0/inst/clk
    SLICE_X31Y22         FDCE                                         r  system_i/yolo_engine_0/inst/rp19_entry_r_reg[4]/C
                         clock pessimism              0.169    16.831    
                         clock uncertainty           -0.053    16.778    
    SLICE_X31Y22         FDCE (Recov_fdce_C_CLR)     -0.405    16.373    system_i/yolo_engine_0/inst/rp19_entry_r_reg[4]
  -------------------------------------------------------------------
                         required time                         16.373    
                         arrival time                         -15.122    
  -------------------------------------------------------------------
                         slack                                  1.251    





Min Delay Paths
--------------------------------------------------------------------------------------
Slack (MET) :             0.708ns  (arrival time - required time)
  Source:                 system_i/mig_7series_0/u_system_mig_7series_0_2_mig/u_ddr2_infrastructure/rstdiv0_sync_r1_reg_rep__9/C
                            (rising edge-triggered cell FDPE clocked by clk_pll_i_1  {rise@0.000ns fall@6.400ns period=12.800ns})
  Destination:            system_i/mig_7series_0/u_system_mig_7series_0_2_mig/u_memc_ui_top_axi/mem_intfc0/ddr_phy_top0/u_ddr_mc_phy_wrapper/u_ddr_mc_phy/ddr_phy_4lanes_0.u_ddr_phy_4lanes/rst_out_reg/CLR
                            (removal check against rising-edge clock clk_pll_i_1  {rise@0.000ns fall@6.400ns period=12.800ns})
  Path Group:             **async_default**
  Path Type:              Removal (Min at Fast Process Corner)
  Requirement:            0.000ns  (clk_pll_i_1 rise@0.000ns - clk_pll_i_1 rise@0.000ns)
  Data Path Delay:        0.658ns  (logic 0.141ns (21.413%)  route 0.517ns (78.587%))
  Logic Levels:           0  
  Clock Path Skew:        0.042ns (DCD - SCD - CPR)
    Destination Clock Delay (DCD):    1.909ns
    Source Clock Delay      (SCD):    1.340ns
    Clock Pessimism Removal (CPR):    0.528ns

    Location             Delay type                Incr(ns)  Path(ns)    Netlist Resource(s)
  -------------------------------------------------------------------    -------------------
                         (clock clk_pll_i_1 rise edge)
                                                      0.000     0.000 r  
    BUFGCTRL_X0Y17       BUFG                         0.000     0.000 r  system_i/clk_wiz_1/inst/clkout2_buf/O
                         net (fo=1, routed)           0.566     0.566    system_i/mig_7series_0/u_system_mig_7series_0_2_mig/u_ddr2_infrastructure/mmcm_clk
    PLLE2_ADV_X1Y1       PLLE2_ADV (Prop_plle2_adv_CLKIN1_CLKOUT3)
                                                      0.050     0.616 r  system_i/mig_7series_0/u_system_mig_7series_0_2_mig/u_ddr2_infrastructure/plle2_i/CLKOUT3
                         net (fo=1, routed)           0.394     1.010    system_i/mig_7series_0/u_system_mig_7series_0_2_mig/u_ddr2_infrastructure/pll_clk3_out
    BUFHCE_X1Y12         BUFH (Prop_bufh_I_O)         0.020     1.030 r  system_i/mig_7series_0/u_system_mig_7series_0_2_mig/u_ddr2_infrastructure/u_bufh_pll_clk3/O
                         net (fo=1, routed)           0.269     1.299    system_i/mig_7series_0/u_system_mig_7series_0_2_mig/u_ddr2_infrastructure/pll_clk3
    MMCME2_ADV_X1Y1      MMCME2_ADV (Prop_mmcme2_adv_CLKIN1_CLKFBOUT)
                                                     -1.083     0.215 r  system_i/mig_7series_0/u_system_mig_7series_0_2_mig/u_ddr2_infrastructure/gen_ui_extra_clocks.mmcm_i/CLKFBOUT
                         net (fo=1, routed)           0.499     0.714    system_i/mig_7series_0/u_system_mig_7series_0_2_mig/u_ddr2_infrastructure/clk_pll_i
    BUFGCTRL_X0Y0        BUFG (Prop_bufg_I_O)         0.026     0.740 r  system_i/mig_7series_0/u_system_mig_7series_0_2_mig/u_ddr2_infrastructure/u_bufg_clkdiv0/O
                         net (fo=24798, routed)       0.600     1.340    system_i/mig_7series_0/u_system_mig_7series_0_2_mig/u_ddr2_infrastructure/u_bufg_clkdiv0_0
    SLICE_X82Y110        FDPE                                         r  system_i/mig_7series_0/u_system_mig_7series_0_2_mig/u_ddr2_infrastructure/rstdiv0_sync_r1_reg_rep__9/C
  -------------------------------------------------------------------    -------------------
    SLICE_X82Y110        FDPE (Prop_fdpe_C_Q)         0.141     1.481 f  system_i/mig_7series_0/u_system_mig_7series_0_2_mig/u_ddr2_infrastructure/rstdiv0_sync_r1_reg_rep__9/Q
                         net (fo=28, routed)          0.517     1.998    system_i/mig_7series_0/u_system_mig_7series_0_2_mig/u_memc_ui_top_axi/mem_intfc0/ddr_phy_top0/u_ddr_mc_phy_wrapper/u_ddr_mc_phy/ddr_phy_4lanes_0.u_ddr_phy_4lanes/rst_out_reg_0
    SLICE_X86Y101        FDCE                                         f  system_i/mig_7series_0/u_system_mig_7series_0_2_mig/u_memc_ui_top_axi/mem_intfc0/ddr_phy_top0/u_ddr_mc_phy_wrapper/u_ddr_mc_phy/ddr_phy_4lanes_0.u_ddr_phy_4lanes/rst_out_reg/CLR
  -------------------------------------------------------------------    -------------------

                         (clock clk_pll_i_1 rise edge)
                                                      0.000     0.000 r  
    BUFGCTRL_X0Y17       BUFG                         0.000     0.000 r  system_i/clk_wiz_1/inst/clkout2_buf/O
                         net (fo=1, routed)           0.835     0.835    system_i/mig_7series_0/u_system_mig_7series_0_2_mig/u_ddr2_infrastructure/mmcm_clk
    PLLE2_ADV_X1Y1       PLLE2_ADV (Prop_plle2_adv_CLKIN1_CLKOUT3)
                                                      0.053     0.888 r  system_i/mig_7series_0/u_system_mig_7series_0_2_mig/u_ddr2_infrastructure/plle2_i/CLKOUT3
                         net (fo=1, routed)           0.437     1.325    system_i/mig_7series_0/u_system_mig_7series_0_2_mig/u_ddr2_infrastructure/pll_clk3_out
    BUFHCE_X1Y12         BUFH (Prop_bufh_I_O)         0.043     1.368 r  system_i/mig_7series_0/u_system_mig_7series_0_2_mig/u_ddr2_infrastructure/u_bufh_pll_clk3/O
                         net (fo=1, routed)           0.494     1.862    system_i/mig_7series_0/u_system_mig_7series_0_2_mig/u_ddr2_infrastructure/pll_clk3
    MMCME2_ADV_X1Y1      MMCME2_ADV (Prop_mmcme2_adv_CLKIN1_CLKFBOUT)
                                                     -1.400     0.461 r  system_i/mig_7series_0/u_system_mig_7series_0_2_mig/u_ddr2_infrastructure/gen_ui_extra_clocks.mmcm_i/CLKFBOUT
                         net (fo=1, routed)           0.544     1.005    system_i/mig_7series_0/u_system_mig_7series_0_2_mig/u_ddr2_infrastructure/clk_pll_i
    BUFGCTRL_X0Y0        BUFG (Prop_bufg_I_O)         0.029     1.034 r  system_i/mig_7series_0/u_system_mig_7series_0_2_mig/u_ddr2_infrastructure/u_bufg_clkdiv0/O
                         net (fo=24798, routed)       0.875     1.909    system_i/mig_7series_0/u_system_mig_7series_0_2_mig/u_memc_ui_top_axi/mem_intfc0/ddr_phy_top0/u_ddr_mc_phy_wrapper/u_ddr_mc_phy/ddr_phy_4lanes_0.u_ddr_phy_4lanes/my_full_reg[4]
    SLICE_X86Y101        FDCE                                         r  system_i/mig_7series_0/u_system_mig_7series_0_2_mig/u_memc_ui_top_axi/mem_intfc0/ddr_phy_top0/u_ddr_mc_phy_wrapper/u_ddr_mc_phy/ddr_phy_4lanes_0.u_ddr_phy_4lanes/rst_out_reg/C
                         clock pessimism             -0.528     1.382    
    SLICE_X86Y101        FDCE (Remov_fdce_C_CLR)     -0.092     1.290    system_i/mig_7series_0/u_system_mig_7series_0_2_mig/u_memc_ui_top_axi/mem_intfc0/ddr_phy_top0/u_ddr_mc_phy_wrapper/u_ddr_mc_phy/ddr_phy_4lanes_0.u_ddr_phy_4lanes/rst_out_reg
  -------------------------------------------------------------------
                         required time                         -1.290    
                         arrival time                           1.998    
  -------------------------------------------------------------------
                         slack                                  0.708    





---------------------------------------------------------------------------------------------------
Path Group:  **default**
From Clock:  clk_pll_i_1
  To Clock:  

Setup :            0  Failing Endpoints,  Worst Slack        1.213ns,  Total Violation        0.000ns
Hold  :           NA  Failing Endpoints,  Worst Slack           NA  ,  Total Violation           NA
---------------------------------------------------------------------------------------------------


Max Delay Paths
--------------------------------------------------------------------------------------
Slack (MET) :             1.213ns  (required time - arrival time)
  Source:                 system_i/mig_7series_0/u_system_mig_7series_0_2_mig/u_ddr2_infrastructure/rstdiv0_sync_r1_reg_rep/C
                            (rising edge-triggered cell FDPE clocked by clk_pll_i_1  {rise@0.000ns fall@6.400ns period=12.800ns})
  Destination:            system_i/mig_7series_0/u_system_mig_7series_0_2_mig/u_memc_ui_top_axi/mem_intfc0/ddr_phy_top0/u_ddr_mc_phy_wrapper/u_ddr_mc_phy/ddr_phy_4lanes_0.u_ddr_phy_4lanes/phy_control_i/RESET
  Path Group:             **default**
  Path Type:              Max at Slow Process Corner
  Requirement:            5.000ns  (MaxDelay Path 5.000ns)
  Data Path Delay:        3.787ns  (logic 0.456ns (12.042%)  route 3.331ns (87.958%))
  Logic Levels:           0  
  Output Delay:           0.000ns
  Timing Exception:       MaxDelay Path 5.000ns -datapath_only

    Location             Delay type                Incr(ns)  Path(ns)    Netlist Resource(s)
  -------------------------------------------------------------------    -------------------
    SLICE_X86Y118                                     0.000     0.000 r  system_i/mig_7series_0/u_system_mig_7series_0_2_mig/u_ddr2_infrastructure/rstdiv0_sync_r1_reg_rep/C
    SLICE_X86Y118        FDPE (Prop_fdpe_C_Q)         0.456     0.456 r  system_i/mig_7series_0/u_system_mig_7series_0_2_mig/u_ddr2_infrastructure/rstdiv0_sync_r1_reg_rep/Q
                         net (fo=48, routed)          3.331     3.787    system_i/mig_7series_0/u_system_mig_7series_0_2_mig/u_memc_ui_top_axi/mem_intfc0/ddr_phy_top0/u_ddr_mc_phy_wrapper/u_ddr_mc_phy/ddr_phy_4lanes_0.u_ddr_phy_4lanes/in0
    PHY_CONTROL_X1Y1     PHY_CONTROL                                  r  system_i/mig_7series_0/u_system_mig_7series_0_2_mig/u_memc_ui_top_axi/mem_intfc0/ddr_phy_top0/u_ddr_mc_phy_wrapper/u_ddr_mc_phy/ddr_phy_4lanes_0.u_ddr_phy_4lanes/phy_control_i/RESET
  -------------------------------------------------------------------    -------------------

                         max delay                    5.000     5.000    
    PHY_CONTROL_X1Y1     PHY_CONTROL                  0.000     5.000    system_i/mig_7series_0/u_system_mig_7series_0_2_mig/u_memc_ui_top_axi/mem_intfc0/ddr_phy_top0/u_ddr_mc_phy_wrapper/u_ddr_mc_phy/ddr_phy_4lanes_0.u_ddr_phy_4lanes/phy_control_i
                         output delay                -0.000     5.000    
  -------------------------------------------------------------------
                         required time                          5.000    
                         arrival time                          -3.787    
  -------------------------------------------------------------------
                         slack                                  1.213    





