00666358
00636157
00605f56
00585950
00585951
00555650
0054544f
0051534b
004f4f4a
004d4e4a
004c4d49
004a4a47
00484845
00474742
00464642
00444543
00444442
00444442
00444442
00424240
0042413f
00424141
0040403e
0041403e
003f3f3d
003e3e3c
003d3d3b
003b3c3a
003a3a3b
003c3c3b
003b3c3d
003c3d3d
00404040
00414141
00414141
00434343
00434343
00434343
00444444
00434444
00434444
00424444
00434444
00444444
00444444
00444444
00444444
00424343
00434343
00444343
00434444
00444444
00444444
00454545
00454545
00454545
00454545
00454545
00454545
00444444
00454545
00444444
00454545
00464646
00464646
00464646
00454545
00444444
00444545
00444545
00454545
00454445
00454445
00444444
00454545
00454444
00454646
00434445
00454445
00484243
00494243
00464244
004a4748
0050504e
0051514f
0051514f
0051514f
00525351
00515250
00515250
00535353
00535353
00545351
00555351
00535351
00545452
00545452
00535452
00535452
00535351
00545452
00555452
00555553
00575553
00575453
00565553
00585553
00565755
00565654
00555655
00555554
00565656
00565656
00575654
00595654
00585654
00575654
00555654
005a5655
00555654
00555654
00565655
00555555
00555555
00555555
00565656
00565655
00565756
00575755
00575755
00575754
00565756
00585858
00585858
00595857
00595856
00595856
00585755
00585554
00575555
004f4f4f
00494647
004e494b
004e4a4c
004f4a4c
00494a4a
00484949
00474a49
004a4a4a
004a494a
004c4a4b
004a4b4b
004a4b4b
004a4b4b
004a4a4a
004b4b4b
004a4a4a
004a4a4a
004a4a4a
004a4a4a
00494949
004a4a4a
004b4b4b
004b4b4b
004b4b4b
004b4b4b
004a4a4a
004b4b4b
004b4b4b
004a4a4a
004a4a4a
004b4b4b
004b4b4b
004b4b4b
004b4b4b
004a4a4a
004a4a4a
00494949
00494949
00494949
00494949
00494949
00484a4a
004a4a4a
004a4a4a
004b4a4a
004b4a4a
004b4a4a
004a4a4a
004a4a4a
004b4b4b
004b4b4b
004b4b4b
004b4b4b
004b4b4b
004b4b4b
004b4b4b
004b4b4b
004a4a4a
004a4a4a
004a4a4a
004a4a4a
004a4a4a
00494949
004b4949
004b4a4a
00484949
00494949
004a4a4a
004a4a4a
004a4a4a
00494949
004a4a4a
00494949
004a4a4a
004c4b4a
004c4a49
004c4b4c
004b4949
004b4947
004c4b49
004b4a48
004c4a48
004d4b49
004d4c4a
004e4d4b
004e4e4c
0051514d
0052524e
0053524e
00555450
00545551
00565853
00585a55
005a5955
005b5b58
005e5e59
005f5e58
0062605b
0064625d
00686660
006c6c65
00706a63
00717169
0077766d
007b786f
007d7c70
007d7f7a
007f7f7f
007f7f7f
007f7f7f
007f7f7f
007f7f7f
007f7f7f
007f7f7f
007f7f7f
00656359
00616056
005f5e55
0057584f
00585951
0055564f
0053544f
0050514b
004e4e4a
004c4e49
004b4c48
004b4b48
00484845
00454742
00454543
00444442
00434442
00444442
00444442
00424240
00424240
00414140
0041403e
0041403e
003f3f3d
003e3e3c
003c3c3c
003b3a3b
003b3b3b
003b3c3b
003d3c3c
003f3e3e
00414141
00414141
00424242
00424242
00434343
00434343
00434343
00434444
00434444
00434444
00444444
00444444
00444444
00434444
00434444
00434444
00444444
00444343
00434444
00444444
00454545
00454545
00454545
00454545
00444444
00454545
00454545
00454545
00454545
00454545
00464646
00464646
00454545
00454545
00454545
00444444
00454545
00464545
00454545
00454545
00454545
00444545
00464545
00454444
00444545
00424040
00484645
00525050
00555352
00505050
0050504e
00515250
00515250
00525250
00525250
00525250
00525351
00525351
00525352
00525251
00545452
00545452
00545351
00545452
00545452
00535452
00535452
00545452
00555452
00555452
00565553
00575553
00585553
00565553
00585554
00565654
00565654
00565654
00565654
00555655
00555655
00565654
00585654
00585654
00575654
00555754
00595755
00555654
00565755
00565655
00565657
00565657
00555655
00555655
00565756
00565756
00575755
00575755
00575754
00565756
00575756
00575857
00595856
00595856
00595856
00595856
005a5856
00575656
00575655
00545554
00575655
00585655
00514f4e
004a4646
004d4949
004b4a4a
004c4a4a
004b4a4a
004a4b4b
004b4b4b
004b4b4b
004b4b4b
004a4a4a
004b4b4b
004b4b4b
004b4b4b
004a4a4a
004a4a4a
00494949
004a4a4a
004b4b4b
004b4b4b
004b4b4b
004c4c4c
004b4b4b
004b4b4b
004b4b4b
004b4b4b
004b4b4b
004b4b4b
004b4b4b
004b4b4b
004b4b4b
004a4a4a
004a4a4a
004a4a4a
00494949
00494949
00494949
00484848
00484949
004a4a4a
004a4a4a
004b4b4b
004a4a4a
004a4a4a
004a4a4a
004b4b4b
004b4b4b
004b4b4b
004b4b4b
004b4b4b
004b4b4b
004b4b4b
004b4b4b
004b4b4b
004b4b4b
004a4a4a
004a4a4a
00494949
004a4a4a
00494949
00494949
004a4a4a
00494949
00494949
004a4a4a
004a4a4a
004a4a4a
004a4a4a
004a4a4a
00494a49
00494a49
004d4b4a
004d4a4a
004c4b4c
004c4b4a
004c4a48
004a4a48
004b4a48
004c4a48
004d4b49
004c4c4a
004d4d4b
004d4e4c
004f514c
0052524e
0053524e
0054534f
00535450
00565753
00585955
005a5a55
005a5a55
005e5d57
00605f59
0063615b
0065635d
0067655f
006a6861
006f6b62
006f6e67
0074736a
0078776e
007a796e
007d7f77
007f7f7e
007f7f7f
007f7f7f
007f7f7f
007f7f7f
007f7f7f
007f7f7f
007f7f7f
00626358
005e5f55
005b5c52
00575950
00565850
0054554e
0052534d
004f504b
004d4e4b
004c4d49
004a4c47
00484a45
00464743
00464643
00454442
00444442
00444442
00444442
00434341
00424341
00414240
00404140
0040413f
003f3f3d
003d3e3c
003e3e3c
003b3c3b
003b3b3b
003b3c3b
003b3c3b
003e3d3e
003f3f40
00414140
00414241
00424242
00424242
00434343
00424342
00424342
00434343
00444444
00434444
00444444
00444444
00434444
00424444
00424343
00434444
00444444
00454545
00454545
00454545
00454545
00454545
00454545
00454545
00454545
00454545
00454545
00464646
00464646
00464646
00464646
00464646
00454545
00454545
00454545
00454545
00444545
00454545
00444444
00454546
00464546
00444343
00434041
004b4747
00555352
00535250
00525250
00535250
00515250
00525250
00525250
00525250
00535351
00525351
00535351
00535351
00535351
00535351
00535452
00535452
00545452
00535452
00535452
00545452
00545452
00545452
00535452
00545553
00545452
00555553
00555553
00555553
00565553
00555553
00555654
00565654
00565654
00575654
00575654
00565654
00565654
00555754
00565654
00575654
00565654
00555755
00565755
00565755
00575755
00575755
00575755
00575755
00575755
00575755
00585856
00575755
00575755
00575856
00575856
00585856
00585856
00585856
00585957
00595856
00585956
00585957
00585856
00575856
00595856
00575856
00585856
00595755
00585654
00565554
00575655
00575656
004c4c4c
004c484a
004c4a4b
004a4b4b
004a4b4b
004a4a4a
004a4a4a
004b4b4b
004b4b4b
004a4b4b
004a4b4b
004b4b4b
004b4b4b
004b4b4b
004a4a4a
004a4a4a
004b4b4b
004a4a4a
004b4b4b
004c4c4c
004c4c4c
004c4c4c
004c4c4c
004c4c4c
004b4b4b
004b4b4b
004b4b4b
004b4b4b
004b4b4b
004a4a4a
004a4a4a
004a4a4a
004a4a4a
00494949
00494a4a
004a4a4a
004a4a4a
004c4b4b
004c4b4b
004b4b4b
004a4a4a
004b4b4b
004b4b4b
004b4b4b
004b4b4b
004b4b4b
004b4b4b
004b4b4b
004b4b4b
004b4b4b
004a4a4a
004b4b4b
004a4a4a
004a4a4a
004a4a4a
004a4a4a
004a4a4a
004a4a4a
004b4a4a
004a4a4a
004a4a4a
004a4a4a
004a4a4a
004a4a4a
004a4a4a
004b4b4a
004b4b4a
004b4b4a
004b4a4a
004b4b4a
004c4b49
004b4b49
004a4a48
004b4b49
004b4b49
004c4c4a
004c4b49
004c4c4a
004d4e4c
004f504d
0050514e
0051514d
0052524e
00535550
00555652
00585954
005a5a56
005c5b56
005e5d57
00605f59
0063615b
0063615b
0066645f
00686760
006b6a62
006e6b64
00717167
0078766d
007c796f
007e7f76
007f7f7d
007f807e
007f7f7f
007f7f7f
007f7f7f
007f7f7f
007f7f7f
007f7f7f
00606157
005e5f55
005a5c52
0057594f
0054564e
0053544d
0051524c
004e4f49
004c4e49
004b4c48
00494b46
00474844
00464743
00454542
00444441
00444442
00444442
00434442
00424341
00424341
00414240
0041413f
0040403e
003e3f3d
003e3f3d
003d3e3c
003b3b39
003b3b3a
003b3c3b
003c3d3c
003e3f3e
003f403f
00404140
00414140
00424242
00424242
00424242
00424342
00424342
00434343
00444444
00444444
00454444
00454444
00434444
00424544
00444444
00444444
00444444
00454545
00454545
00454545
00454545
00454545
00454545
00454545
00454545
00464646
00464646
00464646
00464646
00464646
00454545
00454545
00454545
00454545
00454545
00454545
00444545
00454545
00474444
00434141
004c4b4b
00545252
00545352
00505250
00515250
00525250
00525250
00525250
00525351
00525351
00525351
00535351
00535351
00535452
00535351
00545452
00545553
00545452
00545452
00545452
00545452
00535452
00535452
00545452
00545452
00535452
00545553
00555553
00545553
00545553
00545553
00555553
00555654
00555654
00565654
00565654
00555654
00565654
00565654
00565654
00565654
00565654
00565654
00565654
00565654
00565654
00555754
00565654
00565755
00565654
00565755
00575755
00575755
00575755
00575856
00575755
00575856
00585856
00585856
00585856
00585856
00585957
00585957
00585957
00585957
00585957
00585957
00585957
00585856
00595957
00595957
00595856
00575856
00585755
00575755
00555655
00555655
00535352
005a5858
004e4d4d
00484747
004c4b4b
004a4a4a
004b4b4b
004b4b4b
004a4c4c
004a4b4b
004b4b4b
004b4b4b
004b4b4b
004b4b4b
004b4b4b
004b4b4b
004b4b4b
004b4b4b
004b4b4b
004c4c4c
004c4c4c
004c4c4c
004c4c4c
004c4c4c
004c4c4c
004c4c4c
004b4b4b
004b4b4b
004b4b4b
004b4b4b
004b4b4b
004a4a4a
004a4a4a
004a4a4a
004a4a4a
004a4a4a
00494a4a
004a4b4b
004a4b4b
004b4b4b
004a4a4a
004b4b4b
004b4b4b
004b4b4b
004b4b4b
004b4b4b
004b4b4b
004b4b4b
004b4b4b
004b4b4b
004b4b4b
004b4b4b
004b4b4b
004a4a4a
004a4a4a
004b4b4b
004a4a4a
004a4a4a
004a4a4a
004a4a4a
004a4a4a
004a4a4a
004a4a4a
004a4a4a
004a4a4a
004b4b4b
004b4b4b
004b4b49
004b4b49
004b4b49
004b4b49
004a4b49
004a4a48
004b4b49
004a4b49
004c4b49
004b4c4a
004c4d4b
004e4e4c
004f504e
0050514e
0050524d
0051534e
00555551
00575753
00595856
005e5d59
005d5c56
005f5e58
0062605b
0063615c
0064625d
0068675f
00696861
006c6b63
00707167
0074746a
007a786f
007c7d73
007f7f7b
007f807e
007f7f7f
007f7f7f
007f7f7f
007f7f7f
007f7f7f
007f7f7f
005e6156
005c5e55
00585a52
00565850
0053544d
0052534d
0050514b
004e4f49
004d4d48
004a4c47
00484945
00464843
00454742
00444541
00434540
00454543
00444442
00434341
00434341
00424240
00414240
0041413f
003f403e
003e3f3d
003e3f3d
003c3d3b
003d3c3c
003d3c3c
003c3c3c
003d3d3d
003e3e3b
003e3e3d
00404040
0040413e
0040403f
00414241
00424241
00434343
00434343
00434342
00434443
00444443
00444445
00424544
00424544
00444445
00454546
00454545
00454545
00454444
00454444
00454545
00454545
00454545
00464646
00474646
00454645
00454645
00454645
00454645
00454646
00454646
00454545
00454545
00434544
00444545
00434344
00474546
00464343
004e4b4a
00545250
00525250
0051514f
00525250
00525250
00515250
00525250
00525250
00525250
00535250
00535250
00525250
00535351
00535351
00535351
00535351
00535452
00535452
00535351
00545452
00545452
00545452
00535452
00545553
00555553
00555553
00555553
00555553
00545553
00555553
00565654
00565654
00565654
00565654
00565654
00565654
00565755
00575755
00565755
00565654
00565654
00565654
00565755
00565755
00575755
00575755
00575755
00575755
00575755
00575755
00565654
00565755
00575755
00565755
00575755
00575755
00575755
00575755
00575855
00575856
00585856
00585856
00585957
00585957
00595957
00585957
00595957
00595957
00595957
00585957
00595957
00595957
00595957
00585957
00585957
00585957
00585856
00585856
00575856
00575755
00565654
00555654
00555654
00565756
004f4e4e
004b4747
004d4b4c
004d4d4e
004a4b4b
004a4b4b
004c4c4c
004b4c4b
004c4b4c
004c4b4c
004b4b4b
004b4b4b
004b4b4b
004b4b4b
004c4c4c
004c4c4c
004b4c4c
004a4c4c
004a4b4b
004b4b4b
004b4b4b
004c4c4c
004b4b4b
004c4c4c
004b4b4b
004b4b4b
004b4b4b
004b4b4b
004b4b4b
004b4b4b
004a4a4a
004a4a4a
00494949
004b4b4b
004b4b4b
004b4b4b
004a4a4a
004b4b4b
004b4b4b
004b4b4b
004b4b4b
004b4b4b
004b4b4b
004c4c4c
004b4b4b
004b4b4b
004b4b4a
004c4c4c
004b4a4b
004b4a4b
004b4a4b
004b4b4b
004a4a4a
00494a49
004a4a4a
00494948
00494a49
004b4b49
004b4b4b
004a4b49
004a4a49
004b4b49
004b4b49
004b4b49
004b4b49
004b4b49
004b4c4a
004a4a48
004b4c4a
004b4b49
004b4a48
004b4b49
004c4c4a
004f4d4b
004e504b
0050514d
0051534e
0051534e
00535450
00555652
00575854
005a5b57
005c5d59
005d5d58
0060605a
0062615b
0062615b
0066665f
00686860
006b6a62
006e6e65
00737369
0078776e
007b796f
007f8079
007f807d
007e7f7e
007f7f7f
007f7f7f
007f7f7f
007f7f7f
007f7f7f
005d6054
00595c51
00565850
0055564e
0053544c
0050514b
004f504a
004d4e48
004c4c48
00494a46
00484945
00464644
00454543
00444541
00444541
00444542
00434442
00434341
00434341
00414240
00414240
0040413f
003f403e
0040403e
003d3e3c
003c3d3b
003d3c3c
003e3d3c
003c3c3b
003c3d3c
003e3e3b
003e3e3c
003e3f3e
003e3e3c
0040403f
00414140
00424342
00424241
00424342
00434443
00434443
00444443
00454445
00444544
00444444
00444544
00444544
00444444
00454545
00444544
00444544
00454545
00454545
00464646
00464646
00464646
00454645
00454746
00454645
00444645
00434645
00444545
00454545
00454545
00464545
00454243
004d4c4a
00545150
0050504f
0050514f
00525350
00515251
00525251
00525250
00525250
00525250
00525351
00525351
00535351
00535351
00525351
00525351
00535351
00535351
00535452
00545452
00545553
00545553
00545452
00545452
00545452
00545553
00545452
00555553
00555553
00555553
00555553
00555553
00555553
00555553
00565654
00565654
00565654
00565654
00565654
00565755
00575755
00575755
00565654
00565654
00565755
00565654
00565654
00565755
00565755
00575755
00575755
00565755
00575755
00575755
00575755
00565755
00575755
00575755
00575755
00575856
00575856
00575856
00575755
00575755
00585856
00575856
00585856
00585957
00595957
00585957
00595957
00595957
00595957
00595957
00595a58
00595957
00595a58
00595a58
00595957
00595957
00595a58
00585957
00595957
00585957
00575856
00585856
00585856
00575856
00555554
00565655
00585757
004a4948
004b494a
004c4b4c
004c4c4c
004c4c4c
004c4c4c
004c4c4c
004c4c4c
004b4b4b
004c4c4c
004c4c4c
004c4c4c
004c4c4c
004b4c4c
004b4c4c
004c4c4c
004c4c4c
004c4c4c
004c4c4c
004c4c4c
004c4c4c
004b4b4b
004c4c4c
004c4c4c
004b4b4b
004c4c4c
004b4b4b
004b4b4b
004a4a4a
004a4a4a
004b4b4b
004b4b4b
004b4b4b
004c4c4c
004b4b4b
004b4b4b
004b4b4b
004b4b4b
004b4b4b
004c4c4c
004c4c4c
004c4c4c
004c4c4c
004c4c4b
004c4c4c
004b4b4b
004b4b4b
004b4b4b
004a4b4a
004a4b4a
004a4b4a
004b4b4b
004a4a49
00494a49
004a4a49
004b4b49
004a4b49
004a4a4a
004b4b49
004b4b49
004b4b49
004b4b49
004b4b49
004b4b49
004b4b49
004a4b49
004c4b49
004b4b49
004b4b49
004c4c4a
004d4d4b
004d4f4a
004f514c
0051534e
0051534e
0052544f
00545551
00565853
00595a56
005c5b57
005e5d58
00605e58
0062615b
0063625c
0064645d
0067675f
006a6960
006c6b61
00717167
0076766c
0078766d
007e7e75
007e7f7d
007e7f7e
007f7f7f
007f7f7f
007f7f7f
007f7f7f
007f7f7f
005b5d53
00585a52
00565750
0054554e
0052544c
0051524c
004f504a
004d4e49
004b4b47
00484a45
00474843
00454743
00444542
00444441
00434540
00434441
00434442
00434340
00434341
00424241
0040413f
0040403e
0040403e
003f3f3d
003e3e3c
003d3d3b
003d3d3b
003c3d3b
003b3b39
003c3c3a
003c3d3b
003c3d3b
003d3e3c
003f403e
00414140
00424241
00434342
00434341
00444442
00444443
00454545
00424544
00424544
00444544
00454545
00464544
00444544
00444545
00444545
00464544
00464545
00464646
00454646
00454646
00454645
00454645
00454645
00454645
00444544
00444545
00444544
00454544
00454443
00474645
004d4e4c
00515150
0051524d
0051514e
0051524f
0051514f
0050514f
0050524d
0051534e
00525250
00525250
00525250
00525350
00535351
00535351
00545351
00535351
00535452
00545452
00545452
00545452
00545452
00545452
00545452
00535452
00545452
00545452
00555553
00545553
00545553
00555553
00555553
00555553
00555553
00555654
00555654
00565755
00565755
00565755
00575856
00575755
00575755
00575856
00575755
00575755
00575755
00565755
00575755
00565755
00575755
00575856
00575755
00575856
00575755
00575856
00575755
00575755
00575755
00575856
00585957
00585856
00585856
00585856
00585856
00585856
00585856
00585856
00585957
00585957
00585856
00585957
00585957
00585957
00585957
00585957
005a5a58
00595957
005a5a58
00595a58
00595a58
005a5a58
00595a58
00595957
00595a58
00595a58
00595957
00595957
00595957
00585957
00585856
00585856
00585856
00575856
00575755
00575855
00555654
00474646
004d4c4c
004b4c4d
004b4c4c
00494c4b
004b4c4c
004b4c4c
004c4c4c
004c4c4c
004b4b4b
004c4c4c
004b4c4c
004c4c4c
004c4c4c
004b4c4c
004c4c4c
004c4c4c
004c4c4c
004c4c4c
004c4c4c
004c4c4c
004c4c4c
004c4c4c
004c4c4c
004b4b4b
004c4c4c
004c4c4c
004b4b4b
004a4a4a
004b4b4b
004c4c4c
004c4c4c
004b4c4b
004c4c4c
004c4c4c
004c4c4c
004b4b4b
004c4c4c
004b4c4b
004b4c4b
004c4c4a
004b4c4b
004c4b4c
004b4a4c
004b4b4b
004a4b49
004b4b49
004a4b4a
004b4b4b
004b4b4b
004b4b4b
004b4a4b
004a4a49
004b4b4a
004b4b4a
004a4a49
00494a48
004b4b49
004b4b49
004b4b49
004b4c4a
004b4b49
004a4a48
004c4b49
004b4b49
004d4b49
004b4b49
004c4c4a
004d4e4a
004e4f4b
0052524e
0053534f
0051534e
00535450
00575752
00575954
00595b56
005c5c57
005d5d57
005f5e59
0062615c
0063625c
0066665e
00686761
006d6a63
00717167
0073746a
0079796f
007c7d73
007f7f7d
007e7f7e
007f7f7f
007f7f7f
007f7f7f
007f7f7f
007f7f7f
005a5c52
00585950
0054564e
0053554d
0052534c
0050514b
004e4f49
004c4d48
004a4b46
00484945
00464743
00454642
00444542
00444441
00444641
00444443
00434340
0043433f
00434341
00414141
0041413f
003f403e
0040403e
003e3f3d
003e3f3d
003e3e3c
003c3d3b
003b3c3a
003a3b39
003b3b39
003b3c3a
003c3d3b
003e3e3c
0040413f
0041413f
00414240
00434341
00444442
00444442
00444444
00444445
00444545
00444545
00444544
00454545
00474645
00444644
00444644
00454644
00444646
00444646
00454747
00464747
00454646
00454645
00444645
00444544
00444645
00444645
00444445
00444343
00484948
0050504d
0050504d
0051524d
0050514d
0050524d
0051514f
0050514f
0050514f
0051514f
00535250
00525250
00525250
00525250
00525250
00525351
00535351
00535351
00515351
00515451
00535452
00535452
00545452
00545452
00545452
00545452
00535452
00545553
00555553
00555553
00555553
00555553
00555654
00565654
00565654
00565755
00565755
00575755
00575755
00575755
00575856
00585856
00585856
00585856
00585856
00585856
00585856
00585856
00585856
00585856
00585856
00585856
00585856
00585856
00585856
00585856
00585957
00585856
00585957
00585957
00585957
00585957
00585957
00585957
00585957
00585957
00585957
00585957
00585957
00585856
00585957
00595957
00595957
00595957
00585957
00585957
00585957
00585957
00585957
00595957
00595957
00595957
00595a58
00595a58
00595957
005a5a58
005a5a58
005a5b59
005a5a58
005a5a58
00595a58
00595a58
00595957
00595957
00595856
00585856
00575856
00585856
00575755
00575755
00585757
004f4e4c
004b4a49
004b4b4b
004e4c4c
004a4c4c
004c4c4c
004c4c4c
004d4d4d
004c4c4c
004c4c4c
004d4c4c
004b4b4b
004a4c4c
004d4d4d
004c4c4c
004d4d4d
004d4d4d
004d4d4d
004d4d4d
004d4d4d
004c4c4c
004d4d4d
004c4c4c
004c4c4c
004c4c4c
004c4c4c
004c4c4c
004b4b4b
004b4b4b
004c4c4c
004b4c4b
004c4c4c
004c4c4c
004c4c4c
004c4c4c
004b4b4b
004b4c4b
004b4c4b
004c4c4a
004b4c4b
004b4b4a
004b4b4a
004b4b4a
004b4b49
004b4b49
004a4b4a
004b4b4b
004b4b49
004b4b49
004a4a48
004b4b48
004b4b4a
004b4b4a
004a4a4a
00494a49
004a4a48
004b4b49
004b4b49
004a4b49
004b4b49
004c4c4a
004c4a48
004a4a48
004d4a49
00494b48
004b4b49
004d4c4a
004e4e4c
0051514d
0052524e
0051524e
0052544f
0055574f
00565853
00585a55
005b5a55
005c5c55
005f5e59
0061605b
0063625b
0065645d
0067675f
006c6962
006f6e64
00727369
0077776d
007a7b70
007e7f7a
007f7f7d
007f7f7f
007f7f7f
007f7f7f
007f7f7f
007f7f7f
00585a50
0056574f
0053554d
0052544c
0050514a
004e4f49
004c4d47
004b4c47
00494946
00474844
00454742
00454541
00444542
00454641
00444541
00434340
00434340
00434341
00434341
0041413f
0040413f
003f403e
0040403e
003f403e
003e403d
003d3f3d
003a3c39
00393b38
00383a38
00383a38
003a3a39
003b3c3b
003e3f3d
0040403e
0041413e
0042423f
00444441
00444442
00444442
00434443
00444544
00444544
00454544
00454645
00454544
00454543
00454644
00464644
00464644
00474645
00454746
00444746
00444747
00444646
00454645
00454544
00454544
00464646
00444443
004b4c4a
0050504d
0050504d
0050504e
0050514f
0051514e
0051514f
00515150
0050514f
0051514e
0051514e
0052524f
0051514e
0051524e
0052524f
00515151
00525351
00535352
00515351
00525451
00525451
00515351
00535452
00535452
00535451
00545452
00555554
00555452
00545651
00565653
00575654
00565654
00565654
00565654
00565755
00575755
00575755
00575755
00565755
00575755
00565755
00585856
00585856
00575856
00585856
00585855
00585856
00585957
00575856
00585856
00585856
00585856
00585856
00585856
00595955
00585857
00595957
00595957
00595957
00585957
00595957
00595957
00595a58
005a5a58
00595a58
005a5a58
00595a58
005a5a58
005a5a58
005a5a58
005a5a59
005a5a58
005a5a58
00595a58
00585957
00595957
00595957
00595a58
005b5a58
00595a58
00595956
00585a56
005a5a58
00595957
00595957
00595957
00595a58
005a5b59
00595a59
005a5a57
005a5b59
005a5a58
005a5a58
005a5a58
005a5b59
005a5a58
00595a58
00585957
00595957
00585957
00585957
00575856
00575856
00565755
00575755
00545150
00494746
004c4d4d
004d4c4c
004a4c4c
004c4d4d
004c4d4d
004d4d4d
004d4d4d
004b4c4c
004c4c4c
004c4c4c
004d4d4d
004d4d4d
004d4d4d
004c4d4c
004c4d4c
004d4d4d
004c4c4c
004c4c4c
004d4d4d
004d4d4d
004c4c4c
004c4c4c
004c4c4c
004b4b4b
004b4b4b
004c4c4c
004c4c4c
004c4c4c
004c4c4c
004c4c4c
004b4b4b
004b4b4b
004c4c4c
004c4c4c
004b4c4b
004a4b4a
004b4b4b
004b4c4b
004b4b49
004b4b49
004b4b49
004b4b49
004b4b49
004b4b49
004b4b49
004a4b49
004a4a48
004a4b49
004b4b49
004a4b49
004a4a48
004a4a48
004a4b49
004b4b49
004b4b49
004b4b49
004b4a48
004b4a48
004b4a48
004b4a48
004a4a48
004a4a48
004b4c4a
004d4e4c
004e504b
0050524d
0050514d
0051534e
0052544f
00545651
00585954
00595a54
005a5b55
005c5d57
005f5f59
0062615c
0064635c
0066665e
006a6961
006d6c63
00727268
0075756c
007b796f
007d7f77
00807f7d
007e7f7d
007f7f7f
007f7f7f
007f7f7f
007f7f7f
0056594f
0054554d
0053544d
0051524b
004f504a
004d4f49
004c4d47
004a4a45
00484845
00464743
00444641
00444541
00444542
00424540
00424541
00424340
00434340
00424340
00424341
0040403f
0040413f
0040403e
0040403e
0040403e
003e403d
003c3e3c
003a3c3a
00393b39
00383a37
00373936
003a3a38
003d3d3c
003e3f3d
0040413f
0040413f
00424241
00434443
00444442
00444442
00454543
00454442
00454543
00454543
00454644
00464745
00464644
00464644
00454745
00464746
00474746
00454746
00434644
00434644
00444744
00454645
00454645
00454644
004c4d4c
004f4f4d
004f504c
004f504d
0050504e
0050504e
0050514f
0051514e
0051514f
0051524f
0051514f
0051514f
0051514e
0051514e
0052524f
00515250
00535350
00525251
00535550
00535451
00545452
00535452
00545450
00545450
00545551
00545651
00545552
00565654
00565654
00555552
00565653
00565653
00565652
00565754
00565654
00565654
00565755
00575755
00575755
00575755
00575756
00575755
00575755
00575755
00575755
00575856
00585856
00585855
00585856
00585856
00585856
00585856
00585856
00585856
00585856
00585856
00585855
00585856
00595957
00595957
00595957
00585957
00595957
00595957
00595a58
00595a58
00595957
005a5a58
005a5a58
005a5a58
005a5a58
005a5b58
005a5b58
005b5b59
005b5c5a
005b5c59
005b5c5a
005a5b59
005a5b59
005a5b59
005b5a58
005a5b58
005a5a56
005a5a58
005a5b59
005a5b58
00595a58
005a5a58
00595957
00595957
00595a58
00595a57
00595a58
005a5a58
005a5a58
005a5a58
005a5a58
005a5b59
005a5a58
005a5a58
00595957
00585957
00595957
00595957
00585957
00585856
00565755
00565754
00575654
00595656
004c4a4a
004d4c4c
004b4c4c
004b4c4c
004d4d4d
004e4d4d
004c4d4d
004c4d4d
004d4d4d
004d4d4d
004d4d4d
004d4d4d
004c4d4c
004c4d4c
004d4d4d
004d4d4d
004d4d4d
004d4d4d
004d4e4c
004d4d4b
004c4d4c
004c4d4c
004c4c4b
004c4c4c
004b4b4b
004b4c4c
004c4c4c
004c4c4c
004c4c4c
004c4c4a
004c4c4a
004c4c4b
004c4c4b
004b4c4b
004b4b4a
004c4c4b
004b4c4a
004b4b49
004a4b49
004c4c4a
004b4c4a
004b4b49
004b4b49
004b4b49
004b4b49
004a4a48
004a4b49
004a4b49
004b4b49
004a4a48
004a4a48
004a4a48
004b4b49
004b4b49
004b4b49
00484a48
004a4a48
00494a48
00494a48
004a4a48
004a4a48
004a4b49
004c4c4a
004e4f4a
0050504d
0051524e
0051524e
0052544f
00535550
00575752
00585953
005a5b55
005b5c56
005f5f59
0062615b
0062625b
0065655d
0068665e
006b6a61
00707066
0073746b
007a796f
007c7e72
00807f7d
007e7f7d
007f7f7f
007f7f7f
007f7f7f
007f7f7f
0055584e
0051534b
0052534c
0050534b
004f514b
004b4e49
004a4c46
00494a45
00484845
00454742
00444641
00444641
00444641
00434540
00434441
00434341
00434340
00434340
00424240
0040403f
0041413f
0041413f
0040403e
0040413f
003f3f3d
003c3d3b
003a3c39
00393b39
00383937
003a3a38
003b3c3b
003c3d3c
003f3e3d
00403f3f
00414141
00424343
00424343
00444442
00444442
00444543
00454644
00464644
00464644
00444644
00454744
00454745
00454745
00444745
00454747
00444746
00444746
00454645
00454645
00444645
00444544
004c4d4c
004d4e4c
004f504c
004f504d
0050504c
0050514e
0050504e
0050504e
0051514f
0051514f
0051514f
0050504e
00515250
0051514f
0051514e
0052524f
0051534e
00535250
00535351
00545450
00535550
00535550
00555553
00545553
00535551
00545652
00555652
00555652
00565654
00565653
00565752
00555752
00565653
00575654
00575754
00555654
00565654
00565754
00565754
00565754
00565754
00565753
00575755
00575755
00575755
00575755
00575755
00575856
00575856
00575856
00585856
00585856
00585856
00575755
00585855
00575857
00585856
00585856
00575856
00585856
00585957
00585957
00585957
00595957
00585957
00595957
00585957
00595957
00595957
00595957
005a5a58
005a5a58
005a5a58
005a5a58
005a5a58
005b5b58
005b5b58
005a5c58
005a5b58
005b5b59
005b5c5a
005b5c5a
005b5b58
005a5c57
005a5c57
005b5c5b
005b5b59
005b5b56
005a5a58
005a5a58
005a5a58
00595a58
00595a57
00595b57
00595a58
005a5a58
005a5a58
005a5a58
005a5a58
005a5b59
005a5a58
005a5a58
00595a58
00595a58
00595957
00595957
00585957
00585957
00585957
00595957
00575856
00555855
00565754
00595856
004c4b4b
004b4c4c
004b4c4c
004d4d4d
004c4d4d
004c4d4d
004c4d4c
004c4d4c
004d4d4d
004c4c4c
004c4d4c
004d4d4c
004c4d4c
004c4d4c
004d4d4c
004d4d4c
004c4d4c
004c4d4c
004c4d4c
004d4d4d
004c4c4c
004b4c4b
004b4b4a
00494c4b
004c4c4c
004b4c4c
004b4c4b
004c4c4a
004c4c4a
004b4c4a
004b4c4a
004b4b4a
004b4c4b
004c4c4b
004b4b49
004b4b49
004b4c4a
004c4c4a
004c4c4a
004b4c4a
004a4b49
004b4b49
004a4b49
004b4b49
004a4a48
004a4a48
004a4b49
004a4a48
004a4a48
004a4a48
004a4a48
004a4b49
004a4b49
004b4a48
004b4a48
004a4a48
004a4a48
004a4a48
004a4a48
004a4a48
004c4c4a
004e4e4a
004f4f4c
0051514d
0053534f
0051534e
00545550
00545651
00585954
005a5b55
005b5c56
005e5e58
0062605a
0062605a
0064645c
0066655d
00696960
006e6e64
0072736a
0078786d
00787a6d
007f8079
007f7f7d
007f7f7f
007f7f7f
007f7f7f
007f7f7f
0052564c
0051534b
0051524a
004f514a
004e504a
004b4e49
00494b45
00494a45
00474844
00444641
00444641
00444641
00434540
00434540
00444442
00444442
00434340
0043433f
00424240
00414241
00424240
0041413f
0040413f
003f403e
003e3e3c
003c3d3b
003a3c39
00383a38
00393a38
003b3c3a
003c3c3c
003d3d3c
003b3e3d
003e403f
00424343
00424343
00424441
00444442
00454644
00454544
00464645
00464644
00464644
00434644
00444745
00444744
00444745
00444746
00444646
00434645
00434645
00454644
00444543
00494947
004c4e4b
004d4e4c
004f4f4c
0051504e
0050504e
0050504d
0050504e
0050514f
0050514f
0051514f
0051514f
0051514f
00515050
0052524f
0052524f
0052524f
0052524f
0051534e
00535350
0053544f
00555452
00545651
00555652
00555654
00555654
00555652
00555752
00555752
00555652
00555754
00565653
00565753
00555654
00565654
00575754
00575655
00575755
00565652
00565652
00565652
00575753
00575753
00575853
00575754
00575754
00575754
00575755
00575755
00575755
00565755
00575755
00575755
00575856
00585856
00575755
00585855
00575857
00585856
00585856
00575856
00585856
00585856
00585856
00585856
00585957
00585957
00585957
00585957
00595957
00595957
00595957
00595957
005a5a58
005a5a58
005a5a58
005a5a58
005b5a58
005b5b58
005c5c59
005b5b58
005b5b59
005b5b59
005b5b59
005b5b58
005a5c57
005a5c58
005b5c5b
005c5c5a
005c5c58
005b5b58
005b5b58
005b5b59
005a5b59
00595a59
00595a59
005a5a58
005a5b59
005a5a58
005a5a58
00595a58
00595957
005a5a58
005a5a58
005a5a58
005a5a58
005a5a58
00595957
00585957
00595957
00585957
00585a57
00595957
00595957
00585856
00565754
00575655
00595657
004e4c4c
004d4c4c
004c4c4c
004c4d4d
004c4d4c
004c4c4b
004d4d4d
004e4e4e
004c4d4c
004d4d4c
004d4e4d
004d4e4d
004e4e4d
004e4e4d
004e4e4e
004e4e4e
004d4d4d
004c4c4c
004c4c4c
004c4d4c
004c4c4b
004a4c4c
004c4c4c
004b4c4c
004b4d4a
004c4c4a
004c4d4b
004c4c4a
004c4c4a
004c4c4a
004c4c4a
004c4c4a
004b4b49
004b4b49
004c4d4b
004c4c4a
004c4c4a
004b4c4a
004b4b49
004b4b49
004b4b49
004a4b49
004b4b49
004a4a48
004a4a48
004a4a48
004a4b49
004a4a48
004a4a48
004a4a48
004a4b49
004a4a48
004b4947
004a4a48
004a4b49
004a4a48
004a4a48
004a4a48
004b4b49
004f4d4a
0051504d
0052524e
0052524e
0051524e
0052544f
00555753
00575853
00595a54
005a5b55
005d5d57
005e5f59
0060615b
0062635b
0065645c
0068685f
00696960
00717268
0077776c
0079796c
007e7f76
007f807d
007f7f7f
007f7f7f
007f7f7f
007f7f7f
0051534b
0051524c
0050504b
004f504a
004c4f4a
004a4e48
00494b46
00484945
00444843
00444541
00444540
00454542
00444441
00444441
00444443
00434442
00434341
0042423f
00424240
00414141
00414240
0040413f
0040403e
003f3f3d
003e3e3c
003c3d3b
003a3c39
00393b39
003c3c3a
003c3c3a
003b3c3a
003c3d3b
003d3f3d
0040423f
00414340
00424441
00424442
00434542
00424543
00444643
00464644
00444644
00454744
00464845
00454845
00444745
00454747
00444644
00464644
00454645
00434544
004a4b4a
004c4d4b
004d4f4a
004d4f4c
004e4f4d
004f504e
0050504c
0051504e
004e504e
004e504e
004f514e
004f514e
004f514e
0051514f
0051514f
0050504f
0052524f
0052524f
0052524f
00535350
0052534f
00535450
00545551
00545651
00545651
00545651
00555652
00555654
00555652
00555652
00555752
00555752
00555752
00555752
00555654
00565754
00565652
00555752
00565653
00565653
00565653
00555752
00565753
00565753
00565753
00565753
00565853
00575754
00585855
00565853
00565853
00575755
00575755
00575755
00565755
00575755
00575755
00575755
00575755
00585856
00585856
00585856
00585856
00585957
00575856
00585856
00585856
00585856
00585856
00585856
00575856
00585957
00585957
00595957
00595957
00585957
00595a58
00595a58
005a5a58
00595a59
005b5b58
00595a57
005a5b58
005a5b59
005a5b59
005b5b59
005b5b58
005b5b58
005b5b59
005b5b59
005b5c5a
005a5c57
005b5c58
005b5c58
005b5d58
005a5c57
005a5b58
005b5b5a
005a5b59
005b5b59
005a5a58
005a5a58
005a5a58
005a5a58
00595a58
00595957
00595958
00595a58
00595955
005a5a58
005a5a58
00595a58
00595957
00595957
00595957
00585957
00595a58
00585957
00575755
00565755
00555654
00565553
004a4949
004c4c4c
004b4d4d
004b4d4d
004c4d4d
004e4d4c
004d4e4d
004d4e4d
004e4e4c
004e4e4c
004e4e4c
004e4e4c
004e4e4e
004e4e4d
004e4e4c
004d4d4c
004e4d4e
004d4e4c
004d4d4b
004c4d4c
004b4c4b
004c4c4a
004c4d4b
004b4c4b
004b4c4b
004c4d4b
004c4d4c
004b4c49
004c4c49
004c4d4b
004c4c4a
004c4c4a
004c4c4a
004c4c4a
004c4c4a
004c4c4a
004c4c4a
004c4c4a
004b4b49
004b4b49
004a4b49
004a4a48
004a4a48
004a4b49
004a4a48
004a4a48
004a4a48
00494947
00494947
00494947
004c4a48
00494947
004a4b49
004a4b49
004b4a48
004b4b48
004d4b4a
004d4c48
004d4e4a
004f504c
0050514d
0052524f
0053534e
00555650
00565751
00585953
005a5b55
005b5b55
005e5e58
00606059
0062625a
0064645c
0067675f
006a6a62
00707167
0074756b
0078786e
007d7e74
007f7f7b
007e7f7e
007f7f7f
007f7f7f
007f7f7f
0050524a
004f504a
004e4f4a
004e4f49
004d4f49
00494c46
00494b45
00474844
00444742
00444542
00454642
00454542
00444441
00434540
00444442
00424342
00434341
00434340
00434441
00414240
00414240
00414240
003f403e
003f3f3d
003d3e3c
003d3d3b
003a3c3a
003a3c3b
003a3c39
003a3c3a
003c3c3a
003d3e3c
003f413e
0040423f
00414340
00424441
00424442
00424543
00434644
00434644
00454644
00444644
00454744
00454744
00454644
00444745
00444746
00454646
00464646
00454645
004c4e4d
004d4d4c
004d4e4c
0050504d
004d4f4c
004d504d
0050504e
004f504d
004f514c
004e514c
004d514d
004e514e
0050504e
004f504d
0051514d
0050514e
00525251
00535350
00535350
00535350
00545451
0052544f
00535550
00545651
00545651
00545651
00545551
00555652
00555653
00545651
00555652
00555654
00565654
00555753
00555752
00555653
00555752
00565652
00555752
00565652
00565653
00565653
00575654
00575654
00555653
00555752
00565754
00565754
00575754
00565653
00565654
00585855
00575755
00575755
00565755
00575755
00575755
00575755
00575855
00575856
00575856
00585856
00575755
00575856
00575755
00575755
00585856
00585856
00585856
00585957
00585856
00585856
00595a58
00585957
00595957
00595957
00595a58
00595957
00595957
005a5a58
00595a58
005a5a57
005a5a56
005a5a56
005a5b58
005a5a58
005b5b59
005a5b58
00595a57
005b5b59
005b5b59
005b5b59
005a5c57
005a5c57
005a5b58
005b5c58
005b5d58
005b5c58
005b5b59
005b5b59
005a5b59
005b5c59
005a5b59
005a5a59
005a5a58
005a5b59
005a5b58
00595a58
00585856
00595956
00595a58
005a5a58
00595a57
00595a57
005a5b59
00595957
00595957
00595957
00585957
00585957
00575755
00555654
00565553
00565654
00585856
00484948
004c4d4d
004c4d4d
004d4d4d
004e4e4d
004d4e4d
004d4e4d
004e4e4c
004e4e4c
004d4e4c
004e4e4e
004d4e4c
004d4f4c
004d4e4c
004d4e4d
004d4d4b
004d4e4c
004d4d4b
004d4d4b
004c4d4b
004c4d4b
004b4c4b
004b4c4b
004b4c4b
004d4d4d
004b4d4c
004b4c4b
004b4c4a
004c4c4a
004c4c4a
004c4c4a
004c4c4a
004b4c4a
004c4c4a
004c4c4a
004b4c4a
004b4b49
004b4b49
004a4b49
004a4a48
004a4a48
004a4a48
00494a48
00494a48
004a4a48
004a4b49
00484947
00494947
00494947
00494a48
00494a48
004a4a48
004a4a48
00494a48
004c4b4a
004d4c48
004c4c48
004d4e4a
0050514d
0052524f
0051524e
00545450
00555551
00575753
00595a54
005b5b55
005d5d57
00605f58
00616159
0063635b
0065655d
006a6a62
006e6f65
0073746a
0076776c
0078796d
007e7f7a
007e7f7e
007f7f7f
007f7f7f
007f7f7f
0050514b
004e4f49
004e4f49
004e4f49
004d4e48
004a4c46
00474a45
00454743
00444641
00454542
00444542
00434440
00444541
00434641
00434441
00444341
00424341
00424341
00424340
0041423f
00414240
0041413f
003f413e
003d3f3d
003b3d3b
003b3d3b
003b3d3c
003b3d3c
003c3c39
003b3c3b
003c3d3c
003d3f3e
0040403e
0040413f
00434341
00444442
00444543
00444543
00454644
00434644
00434644
00444744
00444745
00454744
00474644
00444644
00454744
00464645
004d4e4d
004d4f4d
004d4e4c
004d4f4c
004f4f4c
004f4f4c
004e504d
004d504e
004e504e
004e504e
004d514d
004d524d
004e514c
004f514f
0050514f
0051524d
0052524d
0052534f
00525251
00535350
00535450
00535450
00535450
00535550
00555652
00545651
00545651
00555652
00545651
00565652
00565653
00565653
00565653
00565654
00555654
00555753
00555652
00565752
00555752
00555653
00555653
00565652
00575754
00565653
00565653
00565653
00565754
00565653
00565654
00565654
00555752
00555752
00565653
00565653
00575755
00575755
00575755
00575755
00575755
00575855
00575754
00575755
00575755
00575755
00575755
00575856
00585856
00575755
00575755
00575856
00585856
00585856
00585856
00585856
00585856
00575856
00585856
00595957
00595957
00585957
00595957
00585957
00595957
00595a58
005a5a58
00595a58
005a5b57
005b5b58
005b5b59
005b5b59
005a5b59
005b5b59
005b5b59
005b5b59
005a5c57
005b5b58
005a5b5a
005b5c59
005c5d58
005c5d59
005c5c5a
005c5c59
005b5b58
005b5b59
005b5b59
005c5c5a
005c5c59
005a5b58
005b5b58
005a5a57
005a5a58
00595a58
00595957
00595957
00595a58
00595a58
005a5a58
005a5a58
005a5a58
00585957
00585957
00585957
00585957
00585856
00575755
00555754
00535653
00555654
00525251
00484a49
004c4d4d
004d4d4d
004c4e4e
004d4e4e
004e4e4c
004e4e4c
004e4e4c
004f4e4d
004d4e4c
004d4e4c
004e4e4c
004e4e4c
004e4e4c
004d4e4c
004d4e4c
004d4d4b
004d4d4b
004c4d4b
004b4d4b
004a4c4a
004b4c4b
004c4c4c
004c4d4d
004d4d4c
004c4d4b
004c4c4a
004b4c4a
004c4c4a
004c4c4a
004c4c4a
004c4c4a
004c4c4a
004c4c4a
004c4c4a
004b4c4a
004a4b49
004a4b49
004a4a48
004a4a48
004a4a48
004a4a48
00494a48
00494a48
00494947
00484947
00494947
00494947
00494947
00494a48
004a4b49
00494a48
004b4b49
004b4b48
004d4d4a
004c4e49
004e504b
0050524d
0051534e
0053534f
00555551
00565651
00585953
005b5b55
005b5b55
005e5e58
00606059
0062625b
0065655d
00696960
006d6d64
00727268
0078786b
007a796e
007d7e76
007f807e
007f7f7f
007f7f7f
007f7f7f
004e4f49
004e4f49
004e4f49
004c4d47
004c4d47
00494b45
00464944
00444641
00454541
00454641
00454542
00444542
00444543
00424541
00424442
00434441
00434341
00424341
00424341
00414240
00414240
00414240
003f413e
003e403d
003d3f3c
003c3e3c
003d3d3d
003b3d3b
003b3c3a
003c3c3b
003c3e3c
003e3f3e
003f3f3d
0041413f
00434341
00444442
00454543
00454644
00464644
00444644
00444744
00434744
00434744
00434744
00464644
00464644
004a4a47
004e4f4d
004e4f4c
004e4f4d
004e4f4d
004c504b
004c504b
004d514c
004f514d
004f504e
004e514e
004e504e
004e514e
004f514e
0050514e
0050524f
00525250
0051524e
0053544f
00535450
00525351
00545450
00535550
00535450
00535550
00535550
00535550
00545651
00545551
00555652
00555552
00555652
00555652
00555652
00555652
00555653
00555653
00565753
00555652
00555652
00545651
00565753
00565654
00565753
00565654
00555752
00565653
00565654
00565653
00565654
00565655
00565754
00555752
00565753
00575754
00575853
00575854
00565755
00575755
00575755
00575755
00585854
00575754
00575754
00575854
00575856
00575856
00575756
00575756
00575755
00575755
00565755
00575856
00585856
00585957
00585856
00585856
00585856
00585957
00585957
00585957
00585957
00595957
00595957
00595957
00595957
00595a58
00595a58
005a5a58
005a5958
005a5a59
005a5a57
005a5b57
005b5b58
005b5b58
005b5b59
005b5b59
005b5c58
005a5b59
005b5b5a
005c5c5a
005a5c57
005a5c58
005c5d59
005c5d59
005c5c59
005c5c59
005c5d59
005c5c59
005c5c5a
005c5c59
005c5c59
005b5b59
005b5b59
005a5a58
005a5a58
005a5a58
005a5a58
005a5b58
00595a58
005a5a58
005a5a58
005a5b59
00595957
00595957
00595957
00595957
00575755
00565755
00565855
00565654
00565754
004f504e
004c4c4c
004b4d4c
004b4e4e
004d4e4d
004e4e4c
004e4e4c
004e4e4c
004e4f4d
004e4f4d
004e4e4c
004f4f4d
004e4e4c
004e4f4d
004e4f4d
004e4e4c
004d4e4c
004d4e4c
004c4e4b
004c4d4b
004c4d4c
004c4c4b
004b4c4b
004c4d4b
004d4d4b
004d4d4b
004c4d4b
004c4c4a
004c4c4a
004c4c4a
004c4c4a
004c4c4a
004c4c4a
004c4c4a
004c4c4a
004b4b49
004b4b49
004a4b49
004a4a48
004a4a48
00494a48
00494947
00494947
00494947
00494947
00484947
00484947
00494a47
00494947
004a4a48
004a4a48
004b4b49
004b4b49
004b4c48
004c4d49
004e4e4a
0050514d
0052534f
0054534e
0055554f
0056564f
00575852
00595953
005b5b55
005d5d57
00606058
00626159
0064645c
0066675e
006c6c63
00717066
0074756b
007a796d
007d7f72
007f7f7d
007f7f7e
007f7f7f
007f7f7f
004d4e48
004d4e48
004d4e48
004b4c46
004b4c46
00474a44
00464743
00444641
00444641
00444641
00454543
00464644
00434542
00434442
00434442
00434442
00434341
00434341
00424240
00424240
00424240
00414240
0040413f
003f403e
003d3f3d
003d3f3c
003e3e3c
003b3d3b
003a3d3b
003c3d3b
003b3d3b
003b3d3a
003e3f3d
0041413f
00434341
00444442
00454543
00444643
00444644
00444644
00444744
00444744
00434644
00434643
00474745
004c4e4b
004d4f4c
004e4f4e
004d4f4c
004e4f4d
004d4f4d
004c504c
004c504b
004e504c
004f514c
0051514e
004e504e
004f514e
004f514e
0050524e
0050524f
00515350
0051534e
00535450
0052544f
0052544f
00525352
00535350
00535450
00535550
00535550
00535550
00535550
00555652
00565653
00555552
00555552
00545651
00545651
00545651
00545651
00545651
00545651
00555752
00555652
00555752
00565753
00545551
00555752
00555752
00555752
00555752
00565754
00565754
00575753
00575754
00575754
00575855
00565753
00565853
00565853
00565853
00565853
00565853
00565853
00565853
00575753
00575754
00585856
00575755
00575853
00575755
00575856
00565754
00575855
00575856
00575856
00565755
00575855
00575855
00575855
00575856
00585856
00585856
00585856
00585856
00585856
00585856
00575856
00585957
00585957
00585957
00585957
00585957
00595957
00595957
005a5a58
005a5a57
00595b56
00595a57
005a5a58
005b5b59
005c5b59
005a5c57
005a5c57
005b5b59
005a5b59
005a5c57
005a5c57
005b5c58
005b5c58
005b5d58
005b5d58
005b5c58
005b5c59
005c5c5a
005c5d59
005d5d59
005c5d59
005c5d59
005a5c57
005b5b59
005a5b59
00595a58
005a5a58
00575957
00585957
00585957
005a5a58
00595a58
00595957
00595957
00595957
00595a58
00585957
00575755
00575755
00565755
00545654
00565756
004b4d4c
004c4e4e
004e4e4d
004d4e4c
004d4e4c
004d4e4d
004e4e4d
004f4f4e
004f504e
004f4f4d
004f4f4d
004e4e4c
004e4e4c
004e4e4c
004e4e4c
004d4e4c
004d4d4b
004d4d4b
004c4d4c
004c4c4b
004c4d4b
004c4c4a
004c4d4b
004d4d4b
004d4d4b
004c4d4b
004c4c4a
004c4c4a
004c4c4a
004c4c4a
004c4c4a
004c4c4a
004c4c4a
004c4c4a
004b4b49
004a4b49
00494a48
00494a48
00494a48
00494947
00494947
00484947
00494947
00484846
00484947
00494945
00494947
00494947
004b4b49
004a4a48
004b4c49
004b4b47
004c4c48
004e4e4a
004e4f4b
0050524d
0054534f
0054544e
0054564f
00565751
00595953
005b5b55
005c5c56
005e5e57
00626059
0063635b
0064655d
00696b61
006d6f63
00737469
0078786c
007c7d70
007f7f7b
007f7f7e
007f7f7f
007f7f7f
004c4d47
004d4e48
004d4e48
004b4c46
00494b46
00474944
00454742
00444641
00444641
00444641
00464644
00444542
00434542
00444442
00444442
00434341
00424341
00434341
00434341
00424341
00404240
0040423f
0041413f
003f413f
003e403d
003f3f3d
003c3d3b
003a3c3a
003a3d3a
003c3c3a
003b3c3a
003c3c3a
003e3e3c
0040413f
00444543
00454644
00454543
00444644
00454744
00434744
00444745
00454644
00454543
00494b48
004b4d4b
004b4e4b
004b4e4b
004b4f4b
004d4f4d
004d504d
004c504c
004c504b
004e504c
0050524d
004f504d
004f504e
004f514e
0051514f
00525350
0051534e
00525250
0051534e
0053534e
0053534f
00535451
0052534f
00535352
00535350
00535450
00535550
00535550
00535550
00535550
00545551
00545451
00555552
00555551
00545551
00545651
00545551
00545651
00545651
00545651
00555652
00555752
00565652
00575753
00575753
00555752
00555752
00555752
00555752
00555653
00565753
00565753
00575855
00575754
00575755
00565753
00565853
00565753
00565853
00565853
00565853
00565753
00565853
00575753
00575754
00575755
00575756
00585855
00585957
00575855
00575954
00585956
00575855
00575855
00585954
00585854
00585855
00575855
00575855
00585856
00585856
00585856
00575857
00585856
00585856
00585856
00575856
00585856
00585856
00585856
00595957
00595957
00595a58
00585957
00595956
00585a55
00595a58
005a5a58
005a5a58
005b5b59
005a5c57
005a5c57
005a5c57
005b5c58
005a5c57
005a5c57
005b5b58
005b5b58
005a5c57
005a5c57
005a5c57
00595b56
005a5b58
005a5c58
005b5d58
005c5e59
005c5e59
005b5d58
005b5c59
005b5c59
005a5b58
005a5a58
00595a58
005a5a58
005a5a58
00595957
00595a58
00595a58
00595b58
00585a57
00595957
00595957
00595a58
00575856
00575755
00565855
00575755
00575654
00565756
004a4a4a
004c4e4b
004b4d4b
004e4e4b
004e4e4b
0050504d
004f4f4d
004f4f4d
004e4e4c
004e4f4d
004e4e4c
004e4e4c
004e4e4c
004e4e4c
004d4e4d
004e4e4c
004d4d4b
004d4d4b
004d4d4b
004b4c4a
004c4c4a
004c4c4a
004c4d4b
004d4d4b
004b4c4a
004c4c4a
004c4c4a
004c4c4a
004c4c4a
004b4c4a
004c4c4a
004c4c4a
004c4c4a
004b4b49
004a4a48
004a4a48
00494947
00494947
00494947
00484947
00484947
00484846
00484846
00484946
00484947
00494a48
004a4a48
004b4b49
004a4b4a
004c4b49
004d4c48
004f4e49
004d4f4a
004f514c
0052524f
0053534f
00545551
00555651
00585953
005a5a54
005b5a54
005e5d58
00605f59
00606058
0063645c
0067685f
006b6c62
00717165
0079776b
007b7a6e
007f7f76
007f7f7f
007f7f7f
007f7f7f
004c4d47
004c4d47
004c4d47
004b4b46
00484946
00464843
00444641
00444641
00444641
00444641
00454644
00434540
00444442
00444442
00434442
00434341
00434341
00434341
00434341
00424341
00404240
0040423f
00414240
003e413f
003e403d
003f3f3d
003b3d3b
003b3d3b
00393c39
003a3a38
003a3a38
003b3c3a
003e3e3c
0041413f
00444442
00454543
00454543
00434543
00444644
00434644
00444644
00474745
004c4d4b
004c4d4b
004a4d4b
004b4e4d
004b4e4b
004c504b
004e4f4c
004c4f4d
004c504c
004d504b
004f514c
0051514d
0051514f
00505150
0050524f
00515250
00525250
0051534e
0052524f
00535350
0052534f
00535351
00545352
00535350
00535351
00535350
00535450
00535450
00535550
00535550
00535550
00535550
00545451
00535451
00555551
00545551
00545551
00535550
00545651
00545651
00555652
00555652
00555752
00575753
00565652
00565652
00555752
00555752
00555752
00555752
00555752
00565753
00555752
00555654
00575754
00565653
00565753
00565853
00565853
00565853
00575854
00575754
00575754
00565853
00575753
00575754
00575754
00575754
00565755
00565655
00565754
00565853
00575755
00575755
00575856
00575854
00575755
00575756
00565754
00575855
00585856
00585856
00585855
00575857
00585856
00585856
00585856
00585856
00585856
00585957
00585856
00585856
00595957
00585856
00595a58
00595956
00585a56
00595a58
005a5a58
00595a57
005b5b58
00595b56
005a5b57
005a5b58
005b5c59
005a5c57
005a5c57
005b5b58
005b5b58
005a5c57
005a5c57
005a5c57
005a5b57
005a5c57
00595b58
005b5c59
005c5c59
005c5c59
005c5d59
005b5d58
005b5d58
005b5d58
005b5c59
005b5b58
005b5b58
005b5b58
00595a58
005a5a58
00585957
00585a57
00585a57
00595957
00595957
00595957
00595957
00585856
00575856
00555754
00565654
00565755
00565755
00545353
004f4e4e
004e4e4c
004e4e4c
004e4f4d
004f4f4d
004f4f4d
004f4f4d
004f4f4d
004f4f4d
004e4f4d
004e4e4c
004e4e4c
004d4d4c
004e4e4b
004d4e4c
004d4e4c
004d4d4b
004d4d4b
004c4c4a
004c4c4a
004c4d4b
004c4d4b
004c4d4b
004c4c4a
004c4c4a
004c4c4a
004c4c4a
004b4c4a
004c4c4a
004c4c4a
004c4c4a
004b4b49
004a4b49
004a4a48
00494947
00494947
00484947
00484947
00484846
00484846
00474745
00484846
00484846
00494947
004a4a48
004a4a48
004b4b48
004b4b48
004b4c48
004b4d48
004c4e49
004e504b
0051524e
0052544f
00535450
00555550
00575852
00585953
005b5954
005d5c56
005e5d58
00606058
0062635b
0065665d
006a6b61
006f7164
0077766b
007a796d
007e7e75
007f807d
007f7f7f
007f7f7f
004b4c46
004b4c45
004a4b44
004b4b45
00494843
00454642
00444641
00444641
00454642
00444742
00424541
00434440
00434440
00444441
00434342
00444442
00444442
00434442
00424341
00424341
00414340
00424240
0041413f
0040423f
0041403e
00403f3d
003d3e3c
003a3c3a
00383a38
00383a37
00383a37
003a3c39
003e3f3d
00414240
00424441
00434542
00424543
00434643
00434542
00464644
00484a48
004b4d4a
004c4e4b
004b4d4a
004a4e4b
004c4e4d
004b4f4a
004c504c
004d4f4c
004f504c
004e504b
004f514c
004e514c
0050524e
0050524e
0051534f
0052524f
00525250
00535250
0051534e
0052544f
0052544f
00525351
00535351
00535351
00535351
00535252
00535351
00545551
00535450
00535550
00535550
00535450
00535450
00535450
00535550
00535550
00535550
00535550
00545551
00545651
00545651
00545651
00545651
00545551
00555752
00555752
00555752
00555752
00555652
00555752
00555752
00555752
00555752
00565753
00555753
00555752
00565853
00565753
00565754
00565853
00565853
00575853
00575755
00575853
00565853
00565853
00565853
00565853
00565853
00575755
00575855
00575855
00565854
00575755
00565855
00575755
00565755
00575755
00575755
00575755
00575755
00575856
00575856
00585855
00575757
00585856
00575857
00585856
00585856
00585856
00585856
00585957
00595957
00595957
00595a58
00595957
00595957
00595a57
005a5a56
005a5b57
00595b56
005a5b57
005a5c57
005a5c57
005a5c58
005a5c58
005a5c57
005a5c57
005b5c57
005b5b59
005b5b58
005b5b58
005b5c58
005a5c57
005b5d59
005b5b59
005a5b59
005a5b5a
005b5b5a
005b5d58
005b5c58
005b5d58
005b5d58
005b5d58
005b5d58
005b5d58
005b5c58
005b5b59
005a5b59
00595a57
005a5b58
00595958
00595957
00595957
00575957
00595957
00595956
00595956
00575856
00575755
00575856
00575755
00575755
00575755
004e4d4b
004f4e4e
004e4e4e
0050504e
004f4f4d
004d4f4c
004e4f4d
004f4f4d
004f4f4d
004f4f4d
004e4f4d
004e4e4c
004e4e4c
004e4e4c
004e4e4c
004e4e4c
004d4d4b
004c4d4b
004c4d4b
004d4d4b
004c4c4a
004c4d4b
004c4d4b
004c4c4a
004c4d4b
004c4c4a
004c4c4a
004c4c4a
004c4c4a
004c4c4a
004b4b49
004b4c4a
004a4a48
00494a48
00494947
00484947
00474745
00474745
00474745
00484846
00484846
00484846
00484947
00494a48
004a4a47
004b4b47
004a4c47
004b4d48
004b4d48
004e4e4a
004f4f4b
0050514d
0051534e
00535450
00545550
00575650
00575751
00585953
005b5a54
005c5c55
00605f58
0061615a
0065655d
006a6a60
006d6e64
00737468
0079796d
007c7e72
007e807b
007f7f7e
007f7f7f
004a4b45
004a4b46
00494a45
00484843
00474742
00444641
00444641
00454642
00454742
00444642
0042443f
0042443f
0042443f
00444441
00434442
00444442
00434442
00444442
00434341
00424441
00414341
00414240
0040413f
003f413f
003e403e
003d3f3d
003c3d3b
003b3c3a
00393b38
00383a38
00393b39
003a3c39
003e3f3d
00414240
00424442
00414442
00424542
00454543
00484644
004b4b49
004a4d4b
004a4d4b
004b4e4b
004b4e4b
004b4e4d
004c4e4d
004b4f4b
004c4f4d
004e4f4c
004e504b
004f504c
004f514c
0050524e
004f524d
0051534e
0051534e
0052524f
00525250
00535250
0052544f
0052544f
0052544f
00535351
00535351
00535351
00535351
00525350
00535451
00535551
00535550
00535550
00535550
00535550
00535450
00535450
00535550
00535550
00535550
00535550
00535550
00535550
00545651
00545651
00545651
00555652
00555652
00555652
00555752
00555752
00555752
00555752
00555752
00555752
00555752
00555652
00555752
00555752
00555752
00555752
00565853
00565853
00565853
00575853
00575755
00575753
00565853
00565853
00565853
00565853
00565853
00575755
00575755
00575755
00585855
00575754
00575755
00575755
00575856
00575856
00575856
00575856
00575755
00575755
00575755
00575754
00565756
00585856
00585856
00585856
00585856
00585856
00585856
00585957
00585856
00585957
00595a58
00595957
00595957
00595a58
005a5a56
00595b56
00595b56
005a5c57
005b5c58
005a5c58
005a5c57
005a5c57
005a5b58
005a5b58
005b5c57
005b5b59
005b5b59
005b5b58
005b5b58
005a5b58
005b5c59
005c5c5a
005c5c5a
005a5b58
005a5b58
005b5c58
005b5d58
005b5d58
005b5d58
005b5d58
005b5d58
005b5d58
005b5d58
005b5c59
005b5c59
005b5b59
005b5a58
005a5b57
00585957
00585856
00585a57
00595957
00595956
00595956
00595957
00585856
00575856
00585856
00595856
00565755
00575754
00565554
004c4c4b
004e4e4c
004e4f4d
004d4f4d
004e4f4d
004f4f4d
004f4f4d
004f4f4d
004f4f4d
004e4f4d
004d4e4c
004e4e4c
004e4e4c
004e4e4c
004d4e4c
004d4d4b
004c4d4b
004d4d4b
004c4d4b
004d4d4b
004c4d4b
004c4d4b
004c4c4a
004c4c4a
004c4c4a
004c4c4a
004c4c4a
004b4c4a
004b4c4a
004b4b49
004a4a48
00494a48
00494947
00484947
00474745
00474745
00464745
00474745
00484947
00484846
00494947
00494948
004a4a46
004a4b47
004b4c48
004b4c48
004b4d48
004d4d49
004e4e4a
004f504c
0051524d
0052544f
00545550
00565550
00575650
00585852
00595853
005b5b54
005d5d56
00606059
0063645c
00696960
006c6d62
00717267
0077776c
00797b6e
007e7f7a
007e7f7e
007f7f7f
00484843
00484944
00494945
00464843
00454742
00444641
00454742
00454742
00444642
00414540
0040443f
0042443f
0042443f
00434442
00444442
00444442
00444442
00454442
00434341
00414442
00404341
00424240
00414240
003f413e
0040403e
003d3f3c
003c3e3b
003b3c3a
003b3b39
003a3a38
00383b38
003a3c39
003d3f3c
00414240
00424340
00424441
00434543
00464845
004a4a48
004a4c4a
004a4d4a
004a4d4b
004b4e4b
004b4f4b
004c4e4d
004c4e4c
004d4f4c
004e4f4d
0050504d
004f504d
0050514d
0050524d
004f524d
0051524e
0051534e
0051534e
0052524f
00515251
00535350
00535350
0052544f
0052544f
00525350
00525350
00535351
00525351
00525450
00525350
00525450
00545551
00535550
0052544f
0052544f
00535450
00535550
00535550
00535550
00535450
00535550
00535550
00545551
00545651
00545651
00545651
00545651
00555752
00555752
00555752
00555752
00555752
00555752
00555652
00555652
00555652
00555652
00555752
00565754
00565753
00575752
00575753
00555752
00555752
00565753
00565754
00575753
00565754
00565753
00565753
00555652
00565653
00575754
00565753
00565753
00585755
00575754
00565755
00565654
00575754
00575754
00575754
00575755
00565756
00575755
00575856
00575755
00565754
00575755
00565754
00575755
00585856
00585856
00585856
00575856
00585856
00585957
00595957
00595957
00585957
00595a58
005a5a57
00595b56
00595b56
005a5c57
005a5c57
005b5c59
005a5c57
005a5c57
005a5b58
005b5b59
005b5c57
005b5b59
005c5b59
005c5b59
005a5a58
005b5b59
005b5b59
005b5b59
005c5c5a
005b5d58
005c5c58
005b5c59
005b5c59
005a5c57
005b5d58
005b5d58
005b5d58
005b5d58
005c5d59
005b5c58
005b5d58
005b5c58
005d5d5b
00595a59
00595a58
00585957
00565856
00585856
00585856
00585957
00595957
00585957
00585957
00585856
00595856
00585856
00575855
00585856
00585856
00504f4d
0051504e
004f504d
004d4f4c
004e504d
004e504d
004e4f4d
004f4f4d
004f4f4d
004f4f4d
004e4e4c
004e4e4c
004e4e4c
004e4e4c
004e4e4c
004d4d4b
004d4d4b
004d4d4b
004c4d4b
004c4c4a
004d4d4b
004d4d4b
004c4c4a
004c4c4a
004c4c4a
004c4c4a
004b4c4a
004b4c4a
004b4b49
004a4b49
004a4a48
00484947
00484846
00474745
00474745
00464644
00474745
00474846
00484846
00484947
00484947
00494a47
004a4c47
004b4c49
004d4d49
004b4d48
004e4d49
004e4d49
004e4f4b
0050514d
0051524e
0054544f
0055554f
00575650
00595751
00595853
005b5a53
005d5d55
005f5f57
0063635b
0065665d
006c6d63
006f7165
0074756a
00787a6c
007e7f77
007f7f7e
007e7f7e
00494a44
00494a45
00474744
00454642
00444641
00454742
00464743
00454642
00414540
0041443f
0042443f
00444441
00444441
00434442
00444442
00444442
00444442
00454442
00434442
00414441
00404341
00424240
0041413f
003e403e
003e403d
003e3f3d
003d3d3b
003c3c3a
003a3b39
003b3b39
00383b38
003a3c39
003c3f3c
0040413f
00434341
00434442
00484846
00484a47
004a4c49
00494c4a
004a4d4a
004b4d4b
004b4d4b
004b4e4b
004b4f4b
004d4f4c
004d4f4d
004f4f4c
0050504e
004f514e
004f514e
004e524d
0050524d
0052524e
0051534e
0051534e
00535350
00525251
00535350
00535350
0052544f
0052534f
0052544f
0052534f
00525351
00525351
00525450
0052544f
0052544f
0052544f
00535450
00535450
0052544f
00535450
0052544f
00535550
00535550
00535450
00535550
00535550
00545551
00545551
00545651
00545651
00545651
00545651
00545651
00545651
00545651
00545551
00545551
00545651
00545651
00545651
00545651
00555652
00565553
00555551
00545551
00555553
00565653
00565653
00555652
00555652
00555652
00565653
00575654
00555652
00555652
00565653
00565653
00555652
00555652
00565653
00565653
00565653
00565654
00565654
00575754
00575753
00575755
00565656
00565755
00565754
00575755
00565853
00575754
00575754
00575755
00575856
00575856
00585856
00575857
00585855
00585856
00585957
00585957
00585957
00595957
005b5b58
00595b56
00595b56
00595b56
005b5b58
005b5b58
005a5c57
005a5c57
005a5c56
005b5c59
005b5c57
005b5b59
005a5b58
005a5b58
005a5b58
005a5a58
005a5b59
005b5b58
005b5b58
005c5c59
005d5d59
005c5c5a
005c5c5a
005a5c57
005b5d58
005b5d58
005b5d58
005c5e59
005b5d58
005b5d58
005b5d58
005b5c59
005a5b59
005c5c59
005b5b59
00595a58
00585957
00585856
00565856
00565855
00595957
00585957
00585957
00585856
00585957
00555856
00575956
00585856
00585856
00585856
00595856
004d4c4a
004e4f4f
004d504d
004c4f4d
004e4f4d
004f4f4d
004f4f4d
004f4f4d
004e4e4c
004e4e4c
004e4e4c
004e4e4c
004e4e4c
004d4d4b
004d4d4b
004d4d4b
004d4d4b
004c4d4b
004c4c4a
004d4d4b
004c4d4b
004c4c4a
004c4c4a
004c4c4a
004b4c4a
004b4c4a
004b4b49
004b4b49
004a4b49
00494947
00484846
00474745
00464644
00464644
00464644
00474745
00484846
00484846
00494946
00494a48
004a4c47
004b4b49
004e4d49
004b4c48
004f4e4a
004c4e49
004d4e4a
004f514c
0050524d
0053544f
0055554e
00575650
00595751
00595852
00595852
005c5c54
005e5e55
00606058
0064645c
006a6b61
006e7065
00727467
0077786c
007d7f73
007f7f7c
007e7f7e
00484942
00494944
00474743
00444641
00454742
00464843
00454742
00424540
0042443f
0042443f
0042443f
00444441
00444443
00454442
00434542
00444543
00444442
00434542
00414442
00414442
00414341
00404240
003f4240
003e413e
003d3f3d
003e3e3c
003d3e3c
003c3c3a
00393b39
00393b39
00383b39
003a3d3a
003b3e3d
003f403f
00434342
00494946
00484946
00484b48
00494b4a
00494c4a
00494d4a
004a4e4a
004b4d4c
004b4f4a
004c4f4a
004f504c
004f504e
004f504e
0050514f
004f5250
004f514f
0050514f
00525250
0052524f
00535250
00535250
0052544f
00525450
00535450
0052544f
0052544f
0051534f
00525351
00515250
0053534e
0052544f
00535350
00535350
00535450
0052544f
0052544f
0052544f
0052544f
00535350
00535350
00535450
00535550
00535550
00535450
00535550
00535550
00535550
00535450
00535550
00535550
00545550
00535550
00555552
00535551
00545550
00545451
00545451
00535651
00555551
00545553
00555552
00545553
00545653
00555552
00545551
00555551
00555452
00555552
00535550
00555652
00545452
00545553
00545551
00545551
00535553
00555552
00555553
00565551
00565652
00565652
00545554
00555553
00555653
00565754
00565654
00575654
00555654
00565654
00555752
00565753
00555754
00565755
00575755
00575853
00565753
00565852
00575853
00565755
00575855
00585957
00585856
00585956
00585a55
00585a55
00595a55
00595b56
00595b56
00595b56
005a5b57
00595b56
005a5b57
005a5b57
005a5c57
005b5c5a
005b5a5a
005b5b58
005a5c57
005a5c57
005a5c58
005b5b59
005a5b5a
005a5b58
005b5b57
005b5c58
005b5d58
005b5d58
005b5d58
005b5d58
005b5c58
005b5d58
005b5d58
005c5d59
005b5d58
005c5e59
005c5d59
005c5d5a
005b5b59
005b5b59
005b5b59
005b5b59
005a5b59
00595a58
00595957
00585856
00565856
00575957
00595957
00595957
00595856
00565855
00585856
00575856
00595957
00595956
00585854
00585957
004e4f4c
004f4f4d
00504f4d
004f4f4d
004f4f4d
004e4f4d
004e4f4d
004f4f4d
004e4f4d
004d4e4c
004e4e4c
004e4e4c
004e4e4c
004d4d4b
004d4d4b
004d4d4b
004d4d4b
004c4c4a
004c4c4a
004c4c4a
004c4c4a
004c4c4a
004b4c4a
004b4c4a
004b4b49
004b4b49
004b4b49
00494a48
00494a48
00484846
00474745
00464644
00474745
00454644
00474745
00474846
00474846
00484947
00494a48
004a4a48
004b4b47
004c4c48
004d4d49
004e4d49
004e4e4a
004e4e4b
0050504b
0051524d
0052544e
0055554e
00585550
00585651
00585852
00585852
005b5b53
005d5d54
005e5e56
0062625a
0068695f
006c6d63
00737367
0079796d
007c7f71
007e8079
007e7f7d
00474842
00464642
00474744
00454742
00464743
00454642
00444541
0041443f
0042443f
0042443f
0042443f
00444441
00454443
00454543
00434543
00454543
00444442
00434543
00424441
00424441
00414341
00414340
00414340
003f403e
003d3f3d
003e3e3c
003e3e3c
003c3c3a
003b3d3a
003a3d3b
00393c39
00393c3a
003a3c3c
003f403e
00454645
00494945
00494a47
004a4b48
004b4b4a
004a4c4a
004a4d4a
004b4e4b
004c4e4d
004d4f4b
004e504b
004f504c
0050514e
004e504e
004f514f
0050524e
0051514e
00515150
00525350
0052524e
0051534f
0051534f
00525350
00525350
00525350
0052534f
00535250
00535250
00525351
00525250
0052534f
0052544f
00535350
00535350
00535450
0052544f
0052534f
0051524e
0052544f
00535350
00535350
0052534f
0052544f
0052534f
0052534f
0052544f
0052544f
0052544f
0052544f
00545450
00535450
00535450
00535450
0052544f
00545450
00555450
00565451
00555451
00535450
00515451
00535452
00525550
00525452
00515452
00515551
00515551
00515652
00515652
004f5651
00505651
00525752
00545653
00525552
00535753
00525653
00525753
00535653
00535551
00535652
00525651
00525551
00545653
00545654
00555654
00545553
00555754
00555754
00565654
00565654
00565652
00555752
00555654
00565654
00545653
00555752
00565653
00555653
00545652
00575654
00565755
00575856
00585857
00575855
00585955
00585955
00595a56
00585a56
00595a56
00595b56
00595b56
00595b57
00595b56
00595b56
00595b57
005b5b59
005a5a59
00595a57
00595b57
005a5c57
005a5c57
005a5c58
005b5b59
005a5c58
005b5b57
005b5c58
005a5c57
005b5d58
005b5d58
005c5d59
005c5e59
005b5d58
005b5d58
005b5d58
005b5d58
005c5d59
005c5d59
005c5d59
005b5c59
005b5c59
005a5b59
005a5a59
005b5b59
005b5b59
005a5b58
00595a58
00575956
00575956
00585957
00585856
00575956
00585957
00585856
00585856
00575857
00595956
00585a55
00595a56
00585955
00575654
004e4d4b
004f4f4e
004f4f4d
004d4f4d
004d4f4d
004e504d
004f4f4d
004f4f4d
004e4e4c
004e4e4c
004e4e4c
004e4e4c
004d4d4b
004d4d4b
004d4d4b
004c4d4b
004c4c4a
004b4d4a
004c4c4a
004c4c4a
004b4c4a
004b4b49
004b4b49
004b4b49
004a4a48
00494a48
004a4a48
00484947
00474745
00464644
00464644
00454644
00464745
00464745
00484846
00484846
00494947
004a4a49
004b4b47
004c4c48
004d4d49
004d4d49
004e4e4a
004d4d4a
004e4e4a
0050514c
0052534e
0053544e
0055554f
00575650
00585751
005a5852
00595952
005c5b55
005e5e56
00616159
0065665c
006a6b61
00717165
0076776b
00787a6d
007e7f78
007e7f7e
00454641
00454541
00464643
00464743
00464743
00454642
0042433f
0042443f
0042443f
0042443f
00434540
00444543
00444543
00454543
00454543
00464543
00434542
00414542
00414442
00424442
00414341
00404240
0040413f
0040403e
003c403c
003e3e3c
003e3e3c
003c3e3b
003b3e3b
003a3d3a
00393a3a
00393939
003f403f
0041413f
00464644
00484845
00494a47
00494b49
00494b4a
004a4c49
004b4d4a
004d4e4c
004c4f4d
004d504d
004d4f4c
0050504d
0050504d
004f514e
004f514e
004f524c
0050524d
0051534f
0052524f
0052524e
0051534e
0051534e
0051524f
00525250
00525350
0051534e
0052524e
00535350
00525351
00525351
00535351
0052534f
0052544f
0052544f
0052544f
0051534e
0051524e
0051524e
0051534e
0051534e
0050524d
0051524e
0051534e
00525250
0052524e
0051534e
0051534e
0054534f
0053524e
00525350
00505351
00505351
00515350
00515350
004f534f
004e5450
004f5652
004d5855
004d5553
004b5350
0051504d
004f4947
00463d3d
003e3737
00332c2e
002f282a
002e2827
00292423
00272422
00242321
00252422
00242320
00262421
00262522
00282825
00292825
00292726
002d2926
002e2a29
0035312f
003c3736
00423a3c
004f4947
004a504c
004e5450
00555d59
0056605d
00555d5b
00515653
00535854
00555855
00555756
00565754
00575653
00545652
00575755
00575654
00575654
00565754
00565755
00565755
00575755
00565755
00585856
00575954
00575955
00595957
00595957
00595a56
005a5b57
005a5a58
005a5a57
005a5a57
005a5a58
005a5a58
005a5b59
005a5a58
005a5b58
00595a57
005a5c57
005a5c57
005a5b58
005a5c57
005a5b57
005b5c59
005b5c58
005b5d58
005b5d58
005b5d58
005c5d59
005c5e59
005c5e59
005b5d58
005b5c58
005b5d58
005b5d58
005b5d58
005b5d58
005b5c58
005b5b59
00595a59
005a5a58
005a5b59
00595a58
005b5b59
005a5a58
00595a58
00595957
00565856
00555856
00585856
005a5957
00575856
00575856
005a5957
00585956
00595956
00595956
00585955
00575854
004e4d4b
004e4e4c
004d4f4d
004d4f4d
004d4f4d
004f4f4d
004f4f4d
004e4e4c
004e4e4c
004e4f4d
004e4e4c
004e4e4c
004d4e4c
004d4d4b
004d4d4b
004d4d4b
004a4c4a
004b4c4a
004c4c4a
004c4c4a
004b4c4a
004b4b49
004b4b49
004b4b49
00494a48
00494947
00484947
00474846
00464644
00464644
00464644
00454644
00474745
00474846
00484946
00494947
004b4a48
00494a47
004a4b47
004b4d48
004c4d49
004d4e4a
004e4e4a
004e4e4a
0050514c
0051524e
0053554f
0054544f
0055554f
00575751
00585852
00595853
005c5b56
005d5d55
00606058
0064645c
006a6b61
00707063
00737669
0077796c
007e7e75
007f807e
0044453f
00444440
00464643
00474844
00454742
0042433f
0042433f
00434440
00434440
00434540
00434440
00424543
00434643
00454543
00454543
00464543
00434543
00434543
00444442
00444442
00414341
00404240
003f413f
0041403e
003d413c
003e3e3c
003d3e3c
003a3e3b
00383c39
00353734
003a3936
0040403d
0040413f
0040413f
00464644
00484845
00494a46
00494c47
00494c47
004a4c4a
004c4d4b
004f4e4c
004b4e4c
004f4f4e
0050504d
0050504d
0050504d
0052504e
0052514e
0050524d
0052524e
0052534e
0052534f
00535350
0051534e
0051534e
0051534e
00525250
0051524f
0051534e
0052524f
0052524f
00525351
00535351
00535351
0052524f
0051534e
0051524e
0051524e
0050524d
0050524d
0050514d
0050514d
0050514d
0050514d
0050524d
0051524e
00515150
0051514d
0051524e
004e534e
004e5450
004f5652
00535955
004c514f
00474948
003d3b3a
00292425
00251f1e
00211d1c
002b2423
002e2728
00373434
00474745
0054544f
00585755
00555756
00525654
00575352
00524f4e
00534f4f
00524f4f
00504f4f
004e4f4f
004e4f4e
0051514f
004f4f4d
00504f4f
00515050
0050504e
00525351
00555251
00585454
005a5857
005c5757
00555754
005c5d5b
00565353
004c4949
00403d3e
00322f30
00302a2b
002f2928
00292724
002c2927
00353232
00484946
004d534d
00545c58
00555b59
00535a58
00535855
00535754
00565755
00565753
00565853
00575755
00585856
00585854
00575855
00585958
00585856
00585a55
00585a55
00595a59
005a5a57
005a5a57
005a5a58
005a5b59
005a5a58
005b5b59
005b5a58
005a5a57
005b5b58
005b5b59
005a5b58
005a5c57
005b5c58
005c5c59
005c5c58
005b5d58
005b5d58
005b5d58
005b5d58
005c5d59
005c5e59
005c5e59
005c5e59
005b5d58
005b5d58
005b5d58
005b5d58
005b5c58
005b5b59
005a5b5a
005b5b59
00595a58
005a5957
005a5a57
005a5a58
005a5a58
005b5a58
00575a57
00575956
00585856
00585856
00575856
00575856
00595956
00585857
00585958
00585958
00585955
00575954
00575754
0053514f
004e4f4d
004f4f4d
004c4f4d
004f4f4d
004f4f4d
004f4f4d
004f4f4d
004e4f4d
004e4e4c
004e4e4c
004e4e4c
004d4d4b
004d4d4b
004d4d4b
004a4d4a
004c4c4a
004c4c4a
004c4c4a
004c4c4a
004b4b49
004b4b49
004b4c4a
004b4c4a
00494947
00484947
00484846
00464745
00454644
00454644
00464644
00464644
00474745
00484947
00494947
004a4a47
004a4b49
004a4b47
004b4c48
004b4d48
004c4e49
004d4d49
004e4e4a
004f4f4b
0050514d
0052524e
0054544f
0056554f
00575852
00595752
00585752
005b5a55
005d5d55
005f5f57
0062635b
00696a60
006e6e62
00707568
0078786b
007d7e72
007d7f7a
00434540
00444541
00464743
00444641
00434440
0042443f
00434440
00434540
00434540
00444441
00454543
00434543
00434543
00464543
00434543
00454543
00444543
00434543
00424442
00434543
00414341
003f4240
003e413f
003e413e
003e403d
003b3d3c
003a3d3c
00353837
00313431
00383735
0040403d
003f3f3d
003f3f3d
0040413f
00464644
00474744
00494945
004a4a46
004c4c48
004d4d4b
004d4e4c
004e4e4c
004e4f4d
004f4f4e
0050504c
0050504d
0050504d
0050524d
0050524d
0052524d
0051524f
00525250
00525250
0051514f
0051534e
0051534e
0052524f
0051514f
00525250
0051534e
0052544f
00525351
00525351
00535250
0052524e
0051514d
0050524d
0051514e
0050504c
004f504c
004f514c
0050504c
0052504c
0051504e
004d504d
004f524f
00505754
004b534f
004e514d
00433e3b
00352a29
00201d1c
00291f1f
00342c2c
00443f3e
00575251
00565352
0051504f
004d4e4c
004c4c4a
004b4c4a
004c4d4b
004d4d4a
004e4d4b
004d4e4a
004c4d4b
004d4e4c
004c4d4b
004d4d4b
004d4d4b
004d4d49
004e4e4a
004e4e4b
004e4e4c
004e4e4d
004f4e4c
004d4f4a
004e4e4c
004f4f4d
004f4f4d
004f504e
004f4f4e
0050504d
0050504d
0050504d
0050514d
0050524d
00515150
0051514e
0051514f
0051514f
004f504e
00515250
00525351
00565555
005b5758
005f5b59
00534f4d
00433d3e
00383132
002b2726
00302d2d
00393333
00484a48
00505654
00585d59
00545b58
00535753
00565755
00565754
00595856
00595957
005a5957
00595955
005a5957
00595957
005a5957
00595956
005a5a57
005a5a57
005a5a57
005b5c5a
00595b56
005a5a59
005a5b59
005b5b58
005b5b58
005a5c57
005a5c57
005b5c58
005b5d58
005b5d58
005b5d58
005b5d58
005b5d58
005c5d59
005c5e59
005c5e59
005c5d59
005b5d58
005b5d58
005b5d58
005b5c58
005b5d58
005b5c58
005b5c59
005b5c59
005a5a58
005a5a58
00585a58
005b5a58
00595a57
005a5b56
00595a59
00595955
00585755
00575856
00575956
00585957
00585757
00595957
00595955
00585a55
00585955
00575954
00565853
00565653
004d4c4c
004e4f4d
004f4f4d
004f4f4d
004f4f4d
004e4e4c
004e4e4c
004e4e4c
004e4e4c
004e4e4c
004e4e4c
004d4e4c
004d4d4b
004d4d4b
004d4e4c
004c4c4a
004c4c4a
004c4c4a
004c4c4a
004b4b49
004a4b49
004a4a48
004a4a48
00494947
00474846
00474745
00464644
00464543
00464644
00464644
00474745
00484846
00494947
004a4a46
004c4c49
004b4b49
004b4b49
004a4c4a
004d4d4a
004d4d49
004e4e4a
00504f4b
0050504c
0054534f
00555451
00555550
00585852
00595853
005a5954
005a5954
005c5c54
005e5e56
00606058
0066675d
006d6e64
00727368
0075776a
00797c70
007e8077
00434440
00454642
00454742
00444641
0042433f
00434540
00434540
00434540
00444542
00444544
00444544
00434543
00434543
00454543
00434543
00424543
00454543
00444543
00424442
00434542
00414341
003e423f
003e413e
003d403d
003a3e3b
00383b3a
00313432
00343534
00373837
003c3d3c
003e403b
003f3e3c
003d3f3c
0040413f
00454644
00464745
00484946
004b4b49
004c4c4a
004c4d4b
004d4e4c
004e4e4c
004f4f4d
004f4f4d
004f504d
004f504d
0050504e
0050524d
0051524e
0052524e
0050514e
0051514f
00515250
0051524f
0050524d
0052534f
00525250
00515250
00535250
0051534e
0051534e
00515250
0051514f
0052514f
0050514e
004f504d
0050504e
004e504f
004f504d
004e504d
004d4f4c
004e524e
00505350
004c504d
00373836
00272324
00221c1d
00302728
00443d3e
0051514f
00494e4e
004c4c4a
004b4c4a
004d4d4b
004d4c4a
004a4c49
004a4c49
004d4d4b
004c4d4b
004d4e4c
004d4e4c
004e4e4c
004d4e4a
004d4f4a
004d4e4b
004e4e4c
004e4e4c
004e4f4d
004e4e4d
004d4e4d
004d4e4b
004e4f4c
004f4f4d
004f504e
004e4f4e
0050504e
004e504b
004f504d
0050514f
0050504e
0050504e
0050504e
0051514e
0050514e
0051514f
0050514f
0051524f
0051514f
0052524e
0051514e
0050514f
0050514f
00515250
0050514f
0050514d
00535351
0050514e
0051524f
00515250
00525250
00505350
00525152
005d5b59
005d5a58
004e4848
00363130
002c2928
00352d2e
003d3e3b
004f5350
00545a58
00575b58
00555755
00565856
00595855
00595856
00585957
00585855
00595956
005a5957
00595a56
005a5b57
00595b55
00595a58
005a5a58
005b5b58
005a5b58
005a5b57
005a5c57
005a5c57
005a5c57
005b5d58
005b5d58
005b5d58
005b5d58
005c5d59
005c5e59
005c5e59
005d5e5a
005d5e5a
005c5d59
005c5d59
005a5c57
005b5c58
005b5c58
005c5c58
005c5c59
005a5b58
005a5b59
00585a58
005a5a58
00595a58
005a5b56
005a5b58
00595955
005a5957
00575755
00555855
00555855
00565857
00575856
00585a55
00585a55
00575954
00585955
00575855
005a5955
00585654
004f4f4c
004f4e4c
004f4f4d
004f4f4d
004f4f4d
004e4e4c
004e4f4d
004e4f4d
004e4e4c
004e4e4c
004e4e4c
004d4d4b
004d4d4b
004d4d4b
004c4d4b
004c4c4a
004c4c4a
004c4c4a
004b4b49
004b4b49
004a4a48
00494a48
00494947
00474846
00474846
00464644
00474644
00464644
00464644
00474745
00484846
00494947
004a4a48
004a4b48
004b4b49
004c4c4a
004a4c4b
004d4d4a
004d4d49
004e4e4a
004f4e4a
0050504c
0052524e
00535550
00555650
00575751
00595853
005a5954
005b5a55
005b5a55
005d5d56
005f5f57
0063645a
006b6c62
00707267
00727568
00777a6b
007d8073
00444641
00454642
00444641
0042433f
00434540
00434540
00434540
00454541
00444443
00444543
00454543
00434543
00434543
00444643
00434543
00424543
00454543
00434542
00424442
00414341
00424340
00404240
003d403e
003b3e3b
00363937
00303332
00333532
00373836
00383a38
00383b39
003e413c
003b3e3c
00393b38
0040403e
00444543
00464745
00484946
004a4b49
004b4c4a
004d4d4b
004e4e4c
004e4f4d
004f4f4d
0050504f
004e504e
004e504d
004f5150
0050524d
0050524d
0051514e
0051514e
0051514e
0051514e
0051514e
0051514e
0052524f
0052524f
00515151
0052524f
0051514e
0051514e
0051514e
00505150
00505150
0052504e
0052504e
0050504e
004e5150
00525754
00464a47
002f2f2d
00292422
002d2524
00454141
00514f4e
004d4b4a
004b4b49
00494a48
004b4b49
004c4c49
004c4c4a
004b4d4b
004d4d4b
004d4d4b
004d4e4c
004e4e4c
004c4d4b
004c4e4c
004d4e4c
004d4e4c
004e4e4c
004e4e4c
004e4e4c
004e4f4d
004e4f4d
004e4f4d
004e4e4c
004e4f4d
004f4f4d
004f4f4d
004f4f4d
004f4f4d
004f4f4d
004f4f4d
004e4f4e
00504f4d
004f514c
0050514d
0050514f
0051514f
0051514f
0051514f
0051514f
0051524f
00515250
00525251
0051524f
00525350
0052524e
0053534f
0052524f
0052524f
00525250
00525250
00525250
00525251
00525251
00525251
00525350
00525250
00535251
00525350
00515451
00515250
00525352
00535351
00515150
00585757
005d5957
00585151
00373132
002c2827
0033312f
00454947
00565957
00565b58
00555654
00555653
00575857
00595956
00585954
00585956
00585955
00595957
00595957
00595a58
00595b56
005a5b56
005a5c57
005b5c58
005a5c57
005b5c58
005b5d58
005b5d58
005b5d58
005c5d58
005c5d59
005d5e5a
005c5e59
005c5e59
005c5e59
005c5e59
005c5e59
005b5d58
005b5d58
005c5c57
005b5b58
005a5b58
005b5c59
005a5b58
005a5a59
00595a58
005a5b57
005a5a56
00585a55
00595957
00595957
00585856
00555755
00555756
00555755
00575954
00585955
00595a56
00575855
00575856
00585854
00585855
00565654
0052514f
004f4f4d
004f4f4d
004f4f4d
004f4f4d
004e4e4c
004e4f4d
004e4f4d
004e4e4c
004e4e4c
004e4e4c
004d4e4c
004c4d4b
004d4d4b
004d4d4b
004c4c4a
004c4c4a
004b4c4a
004b4b49
004a4a48
00484947
00484947
00484846
00464745
00464644
00454644
00454644
00454543
00474745
00484846
00494947
004a4b49
004b4b49
004b4b49
004c4c4a
004a4c4b
004d4d4a
004e4e4a
004e4e4a
004e4e4a
00504f4b
0050514d
0053544e
00575751
00575751
00595953
005a5a54
005d5c56
005d5b56
005e5d56
00605e57
0062625a
006a6c61
006d7065
00717569
0079796d
007b8073
00464743
00454742
00434440
00434440
0042443f
00434540
00444641
00454542
00444443
00464645
00464645
00454543
00454543
00434644
00434543
00454543
00444543
00434542
00424442
00404341
003f4341
003e4041
003b3e3c
00363837
00333635
00343633
00353735
00363836
00363a35
000b0e0b
001c1d1a
00363b38
00333534
003e3f3d
00454543
00474846
00494947
004a4a48
004c4c4a
004d4d4b
004e4e4c
004e4f4d
004f504e
004f504c
004f514d
004f514e
004f5150
0051514e
0051514e
0051514e
0051514e
0051514e
0051514e
0051514e
0051514e
0052524f
0051504e
004f504e
0050504d
0050514f
0050514f
0050524d
004e514c
004d504d
004f5250
00515451
00393735
002b2524
002e2526
00514b4b
00525150
004a4b4a
00494b4a
004c4b49
004c4b49
004d4c4a
004c4b4b
004a4c4b
004b4c4b
004d4c4b
004c4d4b
004d4e4c
004d4e4c
004d4d4b
004d4f4c
004c4e4d
004e4e4c
004f4e4c
004e4e4c
004e4e4c
004e4f4d
004e4f4d
004e4f4d
004f4f4d
004f4f4d
004f4f4d
004f4f4d
004f4f4d
004f4f4e
004f504f
004f504e
004f4f4d
004f4f4d
004f4f4d
004f4f4e
00504f4d
0050514d
0050514e
0051514f
0050514f
0051514f
0051514f
0051514f
00515250
00525250
00525250
0051524f
00515250
00535250
0052524f
0052524f
00535350
00525351
00525250
00525250
00525250
00525250
00525250
00535250
00525250
00525451
00525352
00525351
00535452
00545452
00525250
00525351
00545451
00525250
00515451
00555451
00525352
00585757
005f5c5b
00413b3b
00322f2e
002a2c29
00434743
00595d5b
00525656
00545754
00555856
00595856
00575956
00575957
00585957
00595b56
005a5b57
005a5a58
005b5b59
005a5b57
005a5b58
005c5c58
005c5c58
005b5d58
005b5d58
005b5d58
005b5d58
005c5e59
005c5e59
005c5e59
005c5e59
005c5e59
005c5d59
005b5d58
005b5c58
005c5c59
005c5c59
005c5c59
005c5c59
005b5b5a
00595a58
005a5b57
00595954
00585a55
00595957
00585957
005a5957
00575856
00555655
00555755
00565855
00575855
00585955
00595a55
00585855
00585855
00585856
005a5856
00585754
00555654
004e4e4c
004f4f4d
004e4f4d
004f504e
004e4f4d
004e4f4d
004d4e4c
004e4e4c
004d4e4c
004e4e4c
004d4e4c
004d4d4b
004d4d4b
004d4d4b
004c4c4a
004c4c4a
004b4b49
004a4a48
00494947
00484846
00484846
00474745
00444543
00464644
00454644
00464644
00474745
00474846
00494947
004a4b49
004b4b4a
004b4b49
004c4d4b
004b4c4a
004d4d4a
004e4e4a
004e4e4a
004d4d49
004f4e4a
0050504c
0052544f
00565653
00585852
00595953
005b5b55
005e5d57
005e5e58
005f5f57
00605f57
00616159
0066695e
006d6f64
00727568
0079786c
007a7e6f
00454743
00434641
00424440
00434540
00434540
00444641
00444641
00444641
00454544
00464644
00464644
00464644
00464644
00464644
00444643
00424542
00424543
00424442
00404341
003e4340
003d403e
003b3e3b
00373939
00353737
00353735
00373735
00353735
00323733
000b100c
00100b0b
00110c0b
00100c0c
002e2d2e
003f3f3d
00464543
00474745
00484947
004b4c4a
004c4c4a
004d4d4b
004e4e4c
004f4f4d
004f4f4d
004f514d
004f514c
0050504e
0050504e
004f514e
004f514e
0050524d
0050514e
0051514e
0051514d
0051514e
004f514e
00504f4d
004e504e
004f514f
0051504e
0051514f
0050514e
00515451
004b4e4b
002e2e2c
002d2b29
00474544
00535050
004e4c4b
004a4b49
004b4b49
004c4d4b
004c4c4a
004b4c4a
004c4c4a
004c4c4a
004c4c4a
004c4c4a
004c4d4b
004c4d4b
004d4d4b
004d4d4b
004d4d4b
004c4d4b
004d4e4c
004e4e4c
004e4e4c
004e4e4c
004e4e4c
004e4e4c
004e4f4d
004f4f4d
004e4f4d
004e4f4d
004e4f4d
004f4f4d
004f4f4d
004e4f4d
004e4f4d
004e4f4d
004f4f4d
004f4f4d
004f4f4d
004f4f4d
004f4f4d
004e4f4d
004f4f4d
0050504c
004f504e
0050504e
0050514f
0050514f
0051514f
0051514f
0051514f
00515250
00515250
00515250
00525250
00525250
00525250
00525250
00525250
00525250
00525250
00525250
00525351
00525250
00525351
00525351
00535351
00535351
00535351
00525351
00535351
00535351
00535351
00535351
00545351
0053534f
00535351
00525352
00535452
00545452
00535450
00535351
00504f4d
005a5957
005d5958
003e3b3b
00312b2b
00333432
004c4e4d
00525a57
00545755
00545755
00555855
00575956
00595956
005a5a57
005a5a58
00595b56
005a5b59
005b5b58
005b5b58
005b5d58
005c5d59
005b5d58
005b5d58
005b5d58
005c5d59
005c5d59
005c5e59
005c5e59
005c5e59
005c5e59
005b5d58
005b5d58
005b5c58
005a5c57
005b5b58
005b5b58
005b5c58
005a5b59
005a5a58
00595956
00595957
00595957
00585957
00575956
00585856
00575755
00575755
00575856
00585854
00585955
00585955
00575954
00575854
00585855
00575754
00575753
00565654
004c4d4b
004e4f4d
004e4f4d
004e4f4d
004e4e4c
004e4e4c
004e4e4c
004e4e4c
004e4e4c
004e4e4c
004d4d4b
004d4d4b
004d4d4b
004c4c4a
004c4c4a
004a4b49
004a4a48
00494947
00484846
00484846
00464745
00464644
00464644
00464644
00464644
00474745
00484846
00484947
00494a48
004a4b49
004a4b4a
004c4c49
004d4d49
004e4e4a
004e4e4a
004e4e4a
004e4e4a
004f4f4b
0051504c
0051524e
00575651
00575752
00595953
005a5b55
005a5b55
005e5d56
005f5f57
00606058
0062625a
0063645c
006c6d62
00717267
0076776a
00797a6b
00444642
0041433f
00424440
00434540
00444541
00444641
00444641
00454543
00454543
00464744
00464644
00464644
00464644
00474644
00464644
00424543
00424542
00414341
003f423f
003d403e
00393d3a
00373a38
00353836
00353835
00343735
00353634
00373735
002e3632
000d0a0a
000e0a0a
000e0b0b
00110b0c
002d2b2b
00403f3d
00444542
00474745
00494a47
004a4b49
004c4c4a
004d4d4b
004e4e4c
004f4f4d
004f504d
004f504c
004f504c
0050504e
0050504e
004f504e
004f504d
0050514e
004f504e
004e504d
004e504d
004e4f4c
00514f4d
004d504d
004d504d
004b514e
004f514f
004b4c4a
00363331
00363232
004f4c4c
0052504e
004c4d4c
004c4d4b
004d4e4c
004d4d4b
004d4d4b
004c4c4a
004c4d4b
004c4d4a
004c4d4a
004b4c4a
004d4d4b
004c4d4b
004c4d4b
004d4e4c
004d4d4b
004d4d4b
004d4d4b
004d4d4b
004d4e4c
004d4e4c
004e4e4c
004e4e4c
004e4e4c
004e4f4d
004e4f4d
004f4f4d
004f4f4d
004f504e
004f4f4d
004f4f4d
004f4f4d
004f4f4d
004f4f4d
004f4f4d
004e4f4d
004f4f4d
004f4f4d
004f4f4d
004f4f4d
004f4f4d
004f4f4d
004f4f4d
0050504d
0050504e
0050504e
0050514f
0050514f
0051514f
0051514f
0051514f
0051514f
0051514f
0051514f
00515250
00525251
00525250
00525250
00515250
00525250
00525250
00525250
00525250
00525351
00535351
00535452
00535351
00535351
00535351
00535351
00535351
00535351
00535351
00535351
00535351
00525350
00535351
00535352
00535452
00545452
00545552
00545552
00555654
00535452
00535452
00545452
00545452
00575654
0051504e
00383535
00333130
00484645
00555a57
00555958
00565756
00595957
00595854
005a5a56
005a5a58
005b5b57
005b5b57
005a5b57
005b5d57
005b5d58
005b5d58
005b5d58
005b5d58
005b5d58
005c5d59
005c5e59
005c5e59
005c5e59
005c5e59
005c5e59
005b5d58
005b5d58
005b5b58
005b5b58
005a5b57
005a5b58
005a5b57
005a5a58
00595957
00595957
00595957
00585a57
00585957
00585856
00575956
00575755
00575754
00575856
00575856
00585956
00575855
00575854
00575854
00575954
00565754
00575754
004f4e4c
004e4e4d
004f504e
004e4f4d
004e4e4c
004e4e4c
004e4e4c
004d4e4c
004e4e4c
004d4e4c
004d4d4b
004d4d4b
004d4d4b
004c4c4a
004b4b49
004a4a48
00494947
00484846
00484846
00464745
00474745
00454644
00464644
00464644
00464745
00484846
00484947
00494a48
004a4b49
004b4b4a
004c4c4a
004c4d49
004c4d49
004d4e49
004e4f4a
004e4e4a
004f4f4b
004f4f4b
004f514c
00545550
00575752
00595953
005a5b55
005c5d57
005f5f58
005f5e57
00606058
0062625a
0064645c
006a6b60
006e7165
0075776a
0077786d
00434440
00434540
00444541
00444541
00444641
00444641
00444641
00454643
00454644
00454742
00464644
00474745
00474745
00454644
00444543
00424542
00404341
003e4140
003c3f3e
00393c3b
00383b3b
00393c3b
00363937
00343735
00343735
00343633
00333533
00060c08
000d0a0a
000d0a0b
000d0a0b
00120c0d
002d2828
00403e3c
00444544
00474745
00494946
004a4b49
004c4c4a
004d4e4c
004e4e4c
004e4f4d
004e504b
004f4f4d
004f4f4d
004f504e
0050504e
0050504e
004e4f4c
004e4f4d
004f4f4d
00504f4d
00504f4d
004f4f4d
004c4f4c
004f5250
004d4d4b
00373331
003b3837
00504d4c
004e4e4c
004d4d4b
004c4e4c
004c4e4b
004e4d4c
004d4e4b
004e4e4c
004c4d4b
004d4d4b
004d4d4b
004d4e4c
004d4d4b
004d4d4b
004d4e4c
004d4d4b
004d4d4b
004d4d4b
004d4d4b
004d4d4b
004d4d4b
004d4d4b
004d4d4b
004e4e4c
004d4e4c
004e4e4c
004e4f4d
004f4f4d
004e4f4d
004e4f4d
004f504e
004e4e4c
004f4f4d
004e4f4d
004f4f4d
004e4f4d
004f4f4d
004f4f4d
004f4f4d
004e4f4d
004f4f4d
004f4f4d
004f4f4d
004f4f4d
004f4f4d
004f504e
0050504e
0050504e
0050504e
0050504e
0050514f
0051514f
0050514f
0051514f
0051514f
0051514f
00515250
00525351
0051514f
00525250
00525250
00515250
0051514f
00525250
00525250
00525250
00525250
00525250
00525351
00525351
00525351
00535351
00535351
00535351
00535351
00535351
00535351
00535351
00535351
00535452
00545452
00535452
00535452
00535452
00545552
00535550
00545452
00545452
00535351
00535552
00555452
00535452
00535452
00555351
00575653
005c5a58
00413d3b
00333030
003f403f
00505653
00555957
00555855
00585957
00595956
00595957
005a5b58
005a5b57
005a5c57
005b5c58
005b5d58
005b5c58
005b5d58
005b5d58
005b5c58
005c5d59
005c5d59
005c5e59
005c5d59
005c5e59
005b5d58
005b5d58
005a5c57
005a5a58
005a5a58
005a5b56
005a5a57
005a5a57
005a5a57
005b5b58
00595a58
005a5957
00595957
00575956
00585856
00575856
00545754
00565856
00585856
00585856
00575854
00565853
00575854
00575855
00585755
00575653
004f4f4d
004f4f4d
004f4f4d
004f4f4d
004e4e4c
004e4e4c
004e4e4c
004d4e4c
004d4d4b
004d4d4b
004d4d4b
004c4d4b
004c4c4a
004b4c4a
004a4a48
00494947
00484846
00474846
00474745
00474745
00464745
00464644
00474745
00464745
00474846
00484947
00494a48
004a4a48
004b4b49
004c4c4a
004b4c48
004b4d48
004c4e49
004c4d49
004f4f4b
004e4e4a
004d4f4a
004e504b
0052544e
00565651
00575852
00585953
005b5c56
005e5e57
005f5f58
00606159
0063635b
0064645b
0068695f
006b6f62
0076776b
0077786c
00434440
00444541
00444641
00444641
00444641
00454642
00464644
00454744
00454745
00474644
00454744
00454745
00444644
00434643
00424542
00404441
003d413e
003b3e3c
003a3d3c
00393d3d
003a3e3c
00393c3b
00373a38
00363836
00333634
00323532
00313531
000b0a09
000c0a0b
000c0a0b
000d0a0b
00110a0b
00302929
003f3f3c
00444543
00484745
00494a48
004b4b49
004c4d4b
004d4e4b
004d4e4b
004e4e4c
004e4f4c
004e504d
004e504d
004e504d
004e4f4d
004d4f4c
004f504e
004f4e4c
004f4f4d
004b4e4b
004a4f4d
004c5351
003a3937
00373735
004e4e4c
004d4d4b
004d4d4b
004d4d4b
004e4e4c
004e4e4c
004e4e4c
004e4e4c
004e4e4c
004e4e4c
004e4e4c
004d4d4b
004d4e4c
004d4e4c
004c4d4b
004d4d4b
004d4e4c
004c4c4a
004d4d4b
004d4d4b
004d4d4b
004d4d4b
004d4d4b
004d4d4b
004d4d4b
004d4e4c
004d4d4b
004e4e4c
004d4e4c
004e4e4c
004e4e4c
004e4f4d
004e4e4c
004f4f4d
004e4f4d
004e4e4c
004e4e4c
004e4e4c
004e4e4c
004e4f4d
004f4f4d
004f504e
004f4f4d
004f4f4d
004f4f4d
004e4f4d
004f4f4d
004f4f4d
004f504e
004f504e
0050504e
0050504e
0050504e
0050514f
0051514f
0051514f
0050514f
0051514f
0050514f
0050514f
0051514f
0051514f
00525351
0051514f
0051514f
00525250
0051514f
00525250
00525250
0052524f
0052524f
00515251
00525250
00525250
00525250
00525351
00535351
00535351
00535351
00525351
00535351
00535452
00545452
00545452
00545553
00545452
00545452
00545452
0053544f
00545452
00545452
00545451
00545452
00545452
00545553
00555652
00545651
00545551
00535452
00545553
00545453
005d5b59
00474342
00352f2f
0040413f
00525957
00545956
00565956
00585856
00575956
00585957
00595a58
005a5b57
005b5d57
005b5d58
005c5d59
005d5d59
005b5d58
005b5d58
005c5c59
005c5c59
005b5d58
005b5d58
005c5d58
005c5c59
005b5b5a
005a5a59
00595959
00595a58
00595a57
00595a57
005a5a58
005b5a58
005a5a58
00595957
00595957
00595957
00595954
00585856
00575856
00575755
00585856
00585854
00575754
00565853
00575754
00575755
00575654
00565654
00535452
004e4f4d
004e4e4c
004e4f4c
004e4e4c
004e4e4c
004d4e4c
004d4d4b
004d4d4b
004d4d4b
004c4d4b
004c4d4b
004b4c4a
004b4b49
004a4a48
00484846
00474745
00474745
00474745
00474846
00474745
00474745
00484846
00484846
00484846
00494a48
004a4a48
004b4b49
004b4c4a
004c4c4a
004c4c4a
004e4e4a
004e4d49
004f4f4b
004f4f4b
004f4f4b
004f4f4b
0052524e
00555650
00585853
00595852
005b5c56
005e5e57
005f5f59
00616058
0063635b
0064635b
0066675d
006a6c61
00737468
0077786b
00444541
00444641
00444641
00454642
00454642
00454742
00474744
00474745
00464745
00464744
00454944
00444644
00444643
00434643
00404340
003d413d
003b3e3b
003a3e3a
003a3d3b
00393d3d
00393c3b
00383b3b
00373939
00373838
00333633
00313431
001f2220
000e0b0b
000d0a0b
000d0a0b
000d0a0b
00130c0d
00322a2b
003e3e3a
00444442
00484846
00494a48
004b4b49
004c4d4b
004c4d4a
004d4e4b
004e4e4c
004e4f4d
004f4f4d
004d4e4c
004e4e4c
004f4e4c
004d4e4c
004c4f4c
00494f4c
00505351
00484644
00383433
004d4b49
004c4b49
004b4c4a
004d4d4b
004d4e4c
004d4e4c
004e4e4c
004e4e4c
004d4e4c
004e4e4c
004e4e4c
004e4e4c
004e4e4c
004d4e4c
004d4d4b
004c4d4b
004d4e4c
004d4d4b
004d4d4b
004c4d4b
004d4d4b
004d4d4b
004d4d4b
004d4d4b
004d4d4b
004d4d4b
004d4d4b
004d4d4b
004d4d4b
004d4d4b
004e4e4c
004e4e4c
004d4e4c
004d4e4c
004e4e4c
004e4e4c
004e4e4c
004e4e4c
004e4e4c
004e4e4c
004e4e4c
004e4e4c
004e4f4d
004e4f4d
004f4f4d
004f4f4d
004f4f4d
004f4f4d
004f4f4d
004e4f4d
004e4f4d
004f4f4d
004f4f4d
0050504e
0050504e
0050504e
0051514f
0051514f
0051514f
0050514f
0051514f
00515250
0050514f
0051514f
0051514f
00515250
0051514f
0051514f
0051514f
00525250
00525350
00525250
0051524f
0052524f
00515251
00525351
00525250
00525250
00525351
00525351
00535351
00535351
00525351
00535351
00535351
00535351
00535452
00545452
00545452
00545452
00545452
00545451
00545452
00545452
00545451
00545451
00545452
00545452
00535451
00535451
00545552
00555552
00555553
00555553
00565651
00545451
00545451
005f5d5b
00403c3b
00352f2d
00484947
00585d5a
00545956
00575857
00595957
00595956
00595a57
00595b58
005a5c57
005a5c58
005b5d58
005b5d58
005c5c59
005c5c59
005b5c59
005b5c59
005c5c58
005c5c59
005b5c59
005a5b58
00595a58
00595a57
00595b56
00595a56
005a5b56
005a5a56
005a5a56
00585956
00585956
00585a55
00595957
00585856
00575856
00575856
00565755
00565853
00565853
00565853
00565853
00575755
00565654
00565654
00555653
00535451
004d4d4b
004d4e4c
004e4e4c
004e4e4c
004d4e4c
004d4d4b
004d4d4b
004d4d4b
004d4d4b
004c4c4a
004b4b49
004a4b49
00494947
00484846
00474745
00464745
00474745
00474745
00474745
00474846
00484846
00484846
00484846
00494a48
004a4a48
004b4b49
004b4b49
004c4c4a
004c4c4a
004c4d4a
004c4e49
004d4e4a
004f4f4b
004f4f4b
004f4f4b
0051504c
0054554f
00575751
00585852
005a5b55
005d5d57
0060605a
00616058
0064645b
0063645c
0066675d
00686b60
00707265
00747669
00444641
00444641
00464743
00454742
00464643
00464743
00474744
00454643
00444644
00434644
00434744
00434643
00424542
003f423f
003c3f3d
003a3d3c
00383c3b
00393d3a
00393d3b
00393d3c
00383d3a
00363a39
00363837
00353837
00323633
002f322f
00090c0a
000e0b0b
000d0a0b
000d0a0b
000d0a0b
00110b0c
00312b2c
00403f3b
00454543
00484745
00494a47
004b4b49
004b4c4b
004c4d49
004d4f4a
004d4d4b
004d4e4d
004e4e4c
004e4e4c
004c4e4c
004c4e4c
004b4f4c
004c4e4b
00373736
00424140
004d4e4c
004b4c4a
004c4d4b
004b4e4b
004e4d4b
004d4e4c
004e4e4c
004e4e4c
004e4e4c
004e4e4c
004e4e4c
004e4e4c
004e4e4c
004d4e4c
004e4e4c
004d4d4b
004d4e4c
004d4d4b
004d4d4b
004c4d4c
004d4d4b
004c4c4a
004c4d4b
004c4d4b
004d4d4b
004d4d4b
004c4d4b
004c4d4b
004d4d4b
004d4e4c
004d4e4c
004d4e4c
004d4e4c
004d4d4b
004d4d4b
004d4e4c
004e4e4c
004e4e4c
004e4e4c
004d4e4c
004d4e4c
004e4e4c
004e4e4c
004e4e4c
004e4e4c
004e4e4c
004e4e4c
004e4e4c
004f4f4d
004f4f4d
004f504e
004e4f4d
004f4f4d
004f4f4d
004f4f4d
0050514f
0050504e
0050504e
0050514f
0050514f
0050514f
0050504e
0050514f
0051514f
0050514f
0051514f
0051514f
0051514f
00515250
0050514f
0051514f
0051514f
0051524f
00515250
00525250
00525250
00525250
00525250
00525250
00525351
00535452
00535351
00535351
00535351
00535351
00535351
00535351
00535351
00525351
00535351
00535351
00545452
00545553
00545552
00545452
00545452
00535452
00545452
00545452
00545452
00535352
00535452
00535551
00545451
00545553
00545552
00555653
00555653
00555651
00565552
00555552
00535552
005b5957
003d3a38
00393735
004e5553
00535a57
00565956
005a5a57
005b5a57
005b5b57
005a5a56
005a5b57
005b5c58
005b5c58
005b5d58
005c5c5a
005b5b59
005c5c58
005c5c58
005b5d58
005b5c58
005b5b5a
005a5a58
00595a58
005a5a58
005a5a57
005a5b56
005a5b56
00585a55
00585956
00595a57
00595956
00585956
00595957
00585856
00585856
00565756
00575855
00575754
00575753
00565653
00565653
00565653
00555752
00555752
00545452
004c4d4c
004e4e4c
004f4e4c
004e4e4c
004d4d4b
004d4d4b
004c4c4a
004d4d4b
004c4c4a
004a4b49
004a4a48
00484a47
00484a47
00464846
00474745
00464644
00474745
00474745
00484846
00494947
00494a48
00494947
00494a48
004a4a48
004b4b49
004b4b49
004c4c49
004c4c49
004d4d4a
004d4d49
004d4d49
004d4f4a
004e4e4a
00504f4b
0051504c
0051514c
0054554f
00575751
00595a54
005c5d57
005e5e57
00616159
00606159
0063645c
0066675d
00676a5f
006e7064
00737569
00454642
00454642
00454742
00454742
00464643
00464743
00474743
00454742
00434643
00424543
00424543
00424543
003f4240
003c3f3c
00373c39
00373a37
00353936
00353936
00363b39
00353b39
00353b38
00333937
00343736
00333635
002f3431
002d302e
000b0c0b
000d0b0b
000c0a0a
000d0a0b
000d0a0b
00100a0b
00312d2e
0042403e
00454544
00484845
00494b46
004c4b49
004b4b4b
004c4d4b
004c4d4a
004d4d4a
004e4d4d
004e4e4c
004b4e4c
004c504d
00484846
00363735
004a4947
004a4d4b
004c4d4b
004c4c4a
004d4d4b
004e4d4b
004d4d4b
004d4d4b
004d4d4b
004e4e4c
004e4e4c
004e4e4c
004e4e4c
004e4e4c
004e4e4c
004e4e4c
004d4e4c
004d4e4c
004c4d4b
004c4d4b
004c4c4a
004c4d4b
004b4b4b
004c4d4b
004c4c4a
004c4c4a
004c4c4a
004c4d4b
004c4d4b
004c4c4a
004c4c4a
004c4d4b
004c4d4b
004c4d4b
004d4d4b
004d4e4c
004d4d4b
004d4e4c
004d4e4c
004d4e4c
004e4e4c
004e4e4c
004e4e4c
004e4e4c
004e4e4c
004e4e4c
004e4e4c
004e4e4c
004e4e4c
004e4e4c
004e4e4c
004d4e4c
004f4f4d
004e4e4c
004e4f4d
004e4f4d
004f504e
004f4f4d
0050504e
0050504e
0050504e
0050514f
0051514f
0050514f
0050514f
0051514f
0051514f
0051514f
0051514f
0051514f
0051514f
0050514f
0050504e
0050514f
0051514f
0050514f
0051514e
00515150
00525250
00525250
00525250
00525250
00525250
00525351
00525250
00515250
00535351
00535351
00535351
00535351
00535351
00535452
00535351
00535351
00545452
00545452
00535452
00535452
00545452
00535452
00545452
00545452
00545452
00545453
00535452
00535550
00545451
00545452
00545553
00545553
00555553
00555552
00555552
00575552
00555553
00555653
00555552
00585855
00545250
00333232
00404240
00575c59
00555b57
00585a57
005b5b58
00595b56
00595a56
005a5b57
005a5c57
005b5c5a
005b5b59
005c5c59
005c5c58
005b5c58
005b5d58
005a5b58
005b5c59
005a5b59
005a5a58
005a5a58
005a5a57
00595956
00585956
00595a59
00595958
00595955
00585a55
00595957
00585856
00575856
00585856
00565755
00555755
00565754
00575754
00565653
00565653
00555752
00545651
00555551
00565553
004d4d4b
004e4e4c
004e4e4c
004d4e4c
004d4d4b
004c4c4a
004c4c4a
004c4c4a
004b4b49
00494947
00464946
00474946
00474946
00474846
00464745
00464745
00474745
00484846
00494947
004a4a48
004a4a48
004a4a48
004a4a48
004b4b49
004b4b49
004c4c49
004c4c49
004c4c49
004c4d4a
004d4d49
004d4e4b
004e4e4a
0051504c
0051504c
0051504d
0053554f
00565751
00575852
005a5b55
005c5d55
00616159
0061625a
0062655d
0067685e
0068695f
006c6f64
00717467
00454742
00454742
00464743
00454642
00434742
00444843
00434742
00444644
00434543
00434542
00434543
003d433f
00393f3d
00363b38
00333633
00242223
00282725
002d2d2b
00303330
00343835
00343938
00343937
00323634
00323534
00303330
002a302c
000e0d0c
000b0b0b
000c090a
000c090a
000d0a0b
000d0809
00322e2e
0043413f
00464544
00474846
00494947
004a4b4a
004a4b4a
004c4c4a
004f4d4b
004c4e49
004e4f4b
004b4f4b
00414241
003a3a38
004c4c49
004b4b49
004c4c4a
004d4c4a
004c4d4b
004c4c4a
004c4d4b
004d4d4b
004c4d4b
004d4d4b
004d4e4c
004e4e4c
004e4e4c
004e4e4c
004e4e4c
004e4e4c
004e4e4c
004e4e4c
004e4e4c
004d4e4c
004d4d4b
004c4c4a
004c4c4a
004c4c4a
004c4c4a
004c4c4a
004c4c4a
004c4c4a
004c4c4a
004c4c49
004d4c4a
004b4c4b
004d4c4a
004b4d4a
004c4c4a
004d4e4c
004d4d4b
004d4d4b
004d4d4b
004d4d4b
004d4e4c
004d4e4c
004e4e4c
004d4d4b
004d4e4c
004d4e4c
004d4e4c
004e4e4c
004e4e4c
004e4e4c
004e4e4c
004e4e4c
004e4e4c
004e4e4c
004e4e4c
004f4f4d
004e4f4d
004e4e4c
004f4f4d
004f4f4d
004f4f4d
0051514e
0050504d
0050504e
0050514f
0051514f
0051514f
0051514f
0051514f
0051514f
0051514f
0051514f
0050514f
0051514f
0051514f
0051504e
0050514f
0051514f
0051514f
0051514f
00525250
00525250
00525250
00525250
00515250
00525250
00525250
00525250
00535351
00535351
00535452
00525250
00545351
00535351
00525350
00535351
00545452
00535452
00545452
00545452
00545452
00545452
00535452
00535450
00545452
00545452
00545553
00545452
00545553
00545452
00545453
00545552
00565552
00545554
00555553
00545553
00555553
00555553
00545651
00545651
00545551
00555753
005a5857
00413e3d
003b3737
00545755
00545d58
00585955
005c5c57
00595b57
00595b56
005a5a58
005b5b5a
005b5b58
005b5b57
005a5b5a
005a5b58
005b5c57
005b5c57
005b5c57
005b5b58
00595957
005a5a57
00585957
00595955
00595955
00595956
00595955
00585956
00595957
00595957
00595957
00585856
00575753
00555754
00535552
00545654
00565753
00565852
00555752
00545651
00545651
00545652
00545450
004d4d4a
004e4e4c
004c4d4b
004a4d4b
004a4c4a
004c4c4a
004c4d4b
004b4b49
00494947
00464745
00474846
00474846
00474946
00484745
00464745
00464745
00484846
00494947
00494a48
004a4a48
00494a49
004a4a46
004b4b49
004b4b49
004d4c4a
004d4c4a
004c4c4a
004d4d4b
004d4d4b
004f4f4b
004d4f4a
004e4e4a
0052504c
0051504c
0054534f
00545651
00565751
00595a54
005c5d57
005e6058
0060615a
0063655c
0066695e
0068685f
006b6c62
006e7164
00454742
00454742
00474743
00444742
00434742
00424641
00444542
00444643
00434542
00414541
003f4241
003a3e3d
00383e3a
00303331
00313332
00363936
00353937
00363937
00323533
002f322f
00323533
00343734
00333736
00303332
002e312e
00292e2b
000e0d0d
000b0b0b
000c0909
000b0808
000c0a0a
000a0607
00332d2d
00413f3d
00444543
00474846
00484947
00494a47
004b4b48
004a4c4a
004a4d4c
004d4f4e
00424240
003c3d3b
004b4b49
004a4a48
004c4c4a
004a4b49
004c4c4a
004c4c4a
004d4d4b
004c4c4a
004c4d4b
004d4d4b
004d4d4b
004d4d4b
004d4d4b
004d4d4b
004e4e4c
004e4e4c
004e4e4c
004e4e4c
004e4f4d
004e4e4c
004e4e4c
004e4e4c
004c4d4b
004c4c4a
004c4d4a
004c4c4a
004b4c4b
004b4c4b
004b4c4b
004b4c49
004b4c49
004b4c49
004c4c4a
004c4c4c
004b4c4b
004b4c4b
004b4c4b
004b4c4a
004c4c4a
004c4d4b
004c4d4b
004d4d4b
004d4d4b
004d4e4c
004c4d4b
004d4d4b
004d4d4b
004d4e4c
004d4e4c
004e4e4c
004d4e4c
004d4e4c
004d4e4c
004d4e4c
004e4e4c
004e4e4c
004e4e4c
004e4e4c
004e4e4c
004d4e4c
004e4e4c
004f4f4d
004f4f4d
004f504d
004f504d
0050504e
0050504e
0050504e
0050514f
0050514f
0051514f
0050514f
0050504e
0051514f
0050504e
0050524f
0050524f
004f514e
0051514f
0051514f
0051514f
0051514f
00515250
00525250
00525250
00515250
00525250
00525250
00525250
00525351
00535351
00535351
00525351
00535351
00545351
00545450
00545450
00535452
00535452
00535452
00545452
00545452
00545452
00545452
00535452
00535450
00535451
00545452
00545553
00555553
00555553
00555553
00555452
00545451
00565452
00545554
00555553
00545553
00545553
00545553
00545651
00545651
00545651
00545651
00535452
00545351
005a5856
00524f4e
00343130
00494c4b
00585f5b
00585b56
005a5b57
005a5a57
00595a58
005a5a58
005a5b58
005b5a5a
005b5b58
005a5c57
005a5c57
005a5b58
005b5b58
005a5b58
005a5a57
00595a58
00585958
00585958
00595956
00595955
00585a55
00595a57
00585957
00585856
00585857
00575754
00555754
00555754
00525553
00555653
00565753
00555752
00545651
00545651
00545651
00545450
00555552
004d4d4a
004b4c4a
004b4d4a
004b4d4a
004c4c4a
004b4b49
004a4b49
00484947
00464745
00464644
00474745
00474946
00484846
00464745
00474745
00484846
00494947
004a4a48
004b4b49
004b4b4a
004b4b48
004b4b49
004b4c4a
004d4c4a
004d4c4a
004c4c4a
004c4d4b
004c4d4b
004d4d49
004c4f4a
004f4f4b
0051504c
004f4f4b
0051514d
00545551
00565751
00585953
005b5c56
005e5f58
00606159
0062645c
0066685f
00696960
006c6d62
006e7164
00454743
00454742
00464642
00444743
00424641
0040443f
00444543
00424543
00414442
003e433f
003b3f3d
003a3d39
00282828
00353735
00373a3a
00393d3a
00383d3b
00383d3b
00373b38
00343735
00313332
00333433
00333736
002e302f
002d302f
00282b29
000e0d0d
000d0a0a
000a0808
000a0707
000c090a
000f090a
002c2929
0041403c
00454543
00474745
00494947
004b4b48
00484b49
00494d4a
00424441
003f3e3c
00484a47
004a4a48
00494b49
004b4c49
004b4b49
004b4c4a
004c4c4a
004d4c4a
00494c4a
004a4d4a
004c4d4b
004d4d4b
004d4e4c
004d4d4b
004d4e4c
004e4e4c
004e4e4c
004e4e4c
004e4e4c
004e4e4c
004e4f4d
004e4e4c
004e4e4c
004e4e4c
004c4c4a
004b4c4b
004b4b4a
004b4b4a
004b4b4b
004a4b4b
004a4b4b
004a4b4b
004b4b4b
004c4b49
004a4b4a
004a4b4b
004b4b4b
004b4b4b
004b4b4b
004b4b4a
004c4c4b
004c4d4b
004c4c4a
004c4c4a
004c4c4a
004c4d4b
004c4d4b
004d4d4b
004d4d4b
004d4d4b
004c4d4b
004d4d4b
004d4d4b
004d4e4c
004d4e4c
004d4d4b
004d4e4c
004d4e4c
004e4e4c
004e4e4c
004e4e4c
004d4e4c
004e4e4c
004f4f4d
004f4f4d
004f504e
0050504e
0050504e
0050504e
0050504e
0050504e
0050504e
0051514f
0050514f
0050504e
0050504e
0050514f
0051514f
0051514f
0051514f
0051514f
0051514f
0051514f
0051514f
0051514f
00515250
00525250
00525250
00525250
00525351
00535351
00535351
00535351
00535351
00535351
00535351
00545351
00545451
00535352
00545452
00535452
00545553
00545452
00545452
00535452
00545452
00545452
00535452
00535453
00545452
00545452
00545452
00545553
00555553
00555552
00555551
00565552
00545554
00555553
00555553
00545553
00545452
00555552
00555552
00555653
00555653
00555553
00555553
00545553
00555553
00545554
00545352
003c3636
00434240
00585d5b
00565a56
00595b58
00595a59
00595a58
005a5a58
005a5a57
005b5b59
005b5c5a
005b5b59
005b5b58
005b5c57
00595b56
005a5a58
00595a58
00595957
00595957
00585a55
00585a55
00585956
00585957
00585856
00575855
00585853
00555754
00545654
00555654
00555553
00565653
00545752
00545752
00545651
00545651
00545450
00545451
0051534f
004c4d4b
004c4c4a
004a4c4a
004c4c4a
004b4b49
004a4a48
00484846
00464644
00454543
00454543
00464846
00484946
00484846
00484846
00484846
00494947
004a4a48
004a4b49
004b4b49
004b4c4a
004b4b49
004b4c4a
004c4c4a
004c4c4a
004b4c49
004c4c4a
004c4d4b
004d4d4a
004d4f4a
004e504b
004f4f4b
004e504b
004f514c
00545450
00565751
00575752
00595a54
005b5d55
005f6058
0062645c
0065665e
00686960
006a6c61
006d6f63
00444744
00444643
00464744
00434643
00414641
00434643
00424644
00424542
003d423f
003d403e
00393d3a
00292c29
00363737
00363d3c
003a3f3d
003b3f3d
003a3f3c
003a3f3d
003b3e3d
00393c3b
00343734
002b2e2b
00343635
002c2f2e
002b2d2c
00282b2a
000d0c0c
000c090a
000a0708
000c0808
000c0809
00100608
002b2929
0040403c
00444543
00464745
00474846
00484b48
00444645
00383838
00484948
00464947
004b4a48
004a4a48
004b4b49
004b4b49
004b4b49
004b4b49
004c4c4a
004c4c4a
004b4c4a
004c4d4b
004c4d4b
004d4d4b
004e4e4c
004e4e4c
004e4e4c
004d4e4c
004e4e4c
004e4f4d
004e4f4d
004e4f4d
004e4e4c
004e4e4c
004e4e4c
004d4e4c
004c4c4a
004a4c4b
004b4b4b
004a4a4a
004a4b4a
00494a4a
00494a4a
004a4b4b
00494a4a
004a4b4a
00484b4a
00484a4a
00484a4a
00494a4a
004a4b4b
004a4b4a
004b4c4b
004c4c4a
004c4c4a
004c4c4a
004c4c4a
004c4c4a
004c4c4a
004c4d4b
004c4c4a
004c4d4b
004d4d4b
004d4d4b
004d4d4b
004d4d4b
004d4d4b
004d4d4b
004d4d4b
004d4d4b
004d4e4c
004d4e4c
004e4e4c
004d4e4c
004e4e4c
004e4e4c
004f504e
004f4f4d
0050504e
004f4f4d
004f504e
0050504e
0050504e
0050504e
0050504e
0050504e
0050504e
0050504e
0050504e
00515250
0051514f
0051514f
0051514f
0051514f
0051514f
0051514f
00515250
00525250
00525250
00525250
00525250
00525250
00525250
00525351
00535351
00535351
00535351
00535351
00545351
00535351
00525352
00535351
00535351
00535351
00535351
00545452
00545452
00545452
00535452
00535551
00535551
00545452
00545553
00545553
00555553
00555553
00555552
00555552
00565552
00545554
00555553
00555553
00555553
00555553
00555552
00555552
00555553
00555553
00545653
00555553
00555553
00565654
00565555
00555552
00535551
00595956
00464444
003c3b3b
00595c59
00575a58
00595957
005a5a57
005a5a57
005a5a58
005a5a58
005a5b59
005b5b58
005b5c57
005a5c57
005b5b58
005a5a59
00595a58
00595958
00585a55
00585a55
00585955
00595957
00585957
00575856
00595856
00565954
00555754
00575755
00565654
00555553
00535551
00555752
00555552
00555552
00545450
00545451
0052544f
00535250
004d4d4b
004a4c49
004c4c4a
004b4b49
00494947
00464745
00454644
00454543
00454543
00444644
00474946
00494947
00484947
00494947
00494947
004a4a48
004a4b49
004b4c4a
004c4c4a
004b4c4a
004b4c4a
004c4c4a
004c4c4a
004b4d48
004c4d4a
004c4c4a
004c4d4b
004e4e4a
004d4f4a
004e504b
004e504b
004f504c
0053534f
00555651
00575853
00585a52
005a5b53
005d5e56
005f6058
0062645b
0067685f
006a6c61
006d6f62
00444843
00454743
00454642
00434742
00454944
00434743
00424642
003e423f
003a403e
00383e3b
00262827
00373938
003a3d3c
003c413e
003d413f
003d423f
003d423f
003c413e
003c413e
003a3f3c
00343a37
00333634
00323534
00282727
00292a29
00252725
000e0c0c
000c0a0a
000b0809
000b0809
000c090a
0014090a
0032302f
0041403d
00414341
00434543
00454845
00393a38
00464846
00454845
00464946
00464947
00464947
00494a49
004b4a47
004b4b49
004b4b49
004b4b49
004b4c4a
004c4d4b
004d4d4b
004d4d4b
004d4d4b
004e4e4c
004e4e4c
004e4e4c
004c4e4c
004c4e4c
004f4e4c
00504f4e
004e4f4d
004e4f4d
004e4f4d
004f4f4d
004e4f4c
004d4e4c
004a4b4a
00494b4a
004a4b4b
00494a4a
00494a4a
00494a4a
00494a4a
00484a49
00484949
004a4c4d
00484b4b
00454949
004c5150
001c1b1d
00474949
004a4b4b
004c4b4b
004b4b48
004b4b48
004b4b49
004b4c4a
004c4d4b
004c4c4a
004c4d4b
004c4c4a
004c4c4a
004c4c4a
004c4d4b
004d4d4b
004d4d4b
004d4d4b
004d4e4c
004d4d4b
004d4d4b
004d4d4b
004d4d4b
004d4d4b
004d4d4b
004d4e4c
004e4e4c
004e4f4d
004f4f4d
004f4f4d
0050504e
004f504e
0050514f
0050504e
0050514f
0050504e
0050504e
0050504e
0050514f
0050504e
0050514f
0051514f
0051514f
0051514f
0051514f
0051514f
0051514f
0051514f
0051514f
00525250
00515250
00525250
00525250
00525250
00525250
00525351
00535351
00535351
00525351
00535351
00535351
00535351
00535351
00535351
00545452
00545552
00535452
00545452
00545452
00545452
00535550
00545552
00535452
00535452
00545552
00555553
00565553
00545651
00555552
00555553
00555553
00555553
00555553
00555553
00555553
00555553
00555654
00555553
00555553
00555553
00555553
00555553
00555553
00555553
00555552
00555552
00555551
00555551
00575755
004e494a
003a3836
00555a56
00595c58
00595b57
005a5958
005a5a59
005a5a58
00595a57
005b5b56
005a5b58
005a5b59
00595b56
00595b56
00595956
00585857
00595957
00585a56
00585a56
00595957
00585856
00585856
00585856
00575856
00575755
00575755
00575755
00555752
00535550
00545551
00545651
00545551
00535450
0052544f
0051534e
0050514d
004b4b49
004b4b49
004b4b49
00494947
00464644
00454644
00454543
00444543
00444543
00474745
00494947
00494947
00494947
00494a48
004a4a48
004b4b49
004b4c4a
004c4c4a
004c4c4a
004c4c4a
004c4c49
004c4c49
004b4d48
004c4d4a
004d4d4c
004d4d4b
004e4e4c
004d4e4a
004f4f4b
004f4f4b
0050504c
0051524d
00545550
00565751
00585953
00595a54
005c5d55
005e6057
0061635b
0067695f
00686b60
006a6d62
00454843
00454843
00444744
00444843
00454744
00424642
003d423e
003c423f
00393f3c
002c2e2c
003a3b3a
003b3e3d
003d4140
003d423f
003e4241
003e4341
003d423f
003e4340
003d423f
003b403d
003a3d3b
00373a38
00363c39
000b0706
001e1b1b
00202420
000e0c0c
000d0a0a
000b0808
000d0a0a
000d0a0b
00160e0f
003a3836
003f413e
00454543
00383937
00454644
00444643
00464845
00474846
00484947
00494947
00494947
004a4a48
004b4b48
004b4b49
004c4c4a
004c4c4a
004d4e4c
004d4d4b
004d4d4b
004d4e4c
004e4e4c
004e4e4c
004e4e4c
004e4e4c
004c4e4c
004c4e4c
004e4e4c
004f504d
004f4f4d
004e4f4d
004e4e4c
004f4e4c
004e4e4d
004c4d4a
0049494b
00474948
00474a48
00464a47
00474b48
00464846
00434341
00423f3c
003b3634
003d3733
00363731
00060100
00100c0a
001f192f
004c4a4a
00484949
00494a49
00494a49
004a4a49
004a4a49
00494a48
004a4b48
004a4b49
004b4b49
004c4c4a
004c4c4a
004b4c4a
004b4c4a
004d4d4b
004c4d4b
004d4d4b
004d4d4b
004d4d4b
004d4d4b
004d4d4b
004d4d4b
004d4d4b
004d4d4b
004d4d4b
004e4e4c
004e4f4d
004f4f4d
004f4f4d
004f4f4d
004f4f4d
004f504d
004f4f4d
004f504e
0050504e
0050504e
004f504e
004f504e
0050514f
0050504e
0050514f
0051514f
0050514f
0051514f
0051514f
0051524f
0051514f
00515250
00515250
00525250
00525250
00525250
00525351
00525250
00515250
00525351
00525351
00535351
00535351
00535351
00535351
00535351
00535351
00535351
00545552
00535452
00545452
00545452
00535351
00535451
00545452
00545450
00545450
00545451
00545553
00555554
00545651
00555651
00555553
00555553
00555553
00545553
00555553
00555554
00555553
00555654
00555654
00555553
00555553
00555553
00555553
00555553
00555553
00555552
00555552
00555553
00555553
00545552
00565654
00575654
004d4c4b
00383937
00545756
00575d58
00595a57
005a5a57
005b5a57
00585a57
005a5b58
005a5b59
005a5a58
005a5a58
005a5a58
00595958
00595957
00585956
00585a55
00585957
00585856
00585856
00585856
00575755
00575755
00575755
00585855
00565654
00555654
00545551
00535550
00535550
00525350
0052534f
0051534e
0050524d
004f504e
00494b48
00474947
00484947
00464644
00444442
00434442
00454644
00444543
00454543
00484846
00494947
004a4a48
004a4a48
004a4a48
004b4b49
004b4c4a
004c4c4a
004c4c4a
004c4c4a
004c4c49
004c4c49
004c4c49
004d4d4a
004d4d4a
004c4e49
004c4e49
004d4f4a
004f4f4b
004f4f4b
0050504c
0050514c
0053544f
00565651
00585953
00595a54
005a5c54
005e5f57
00606159
0063655c
0066685e
00686b60
00454843
00454843
00424643
00434742
00424642
003d423f
003c413e
00383f3c
002b302d
003b3a39
003c3e3d
003d423e
003d433f
003e4340
003f4441
003f4343
003f4342
003e4340
003e4340
003c413e
003a3d3c
00363938
002d312f
002c2d2d
000d0909
001e1e1c
000e0c0c
000d0a0b
000d0a0a
000d0a0a
000d0a0b
001f191a
00363636
002d2d2b
0041403e
00444442
00444543
00454744
00494743
00484846
00494947
00494947
00494947
004a4b49
004b4b49
004b4c4a
004c4c4a
004d4d4b
004c4d4b
004c4d4c
004d4d4a
004d4d4b
004d4d4b
004e4e4c
004e4e4c
004e4e4c
004e4e4c
004d4f4c
00504e4c
004f4e4c
004c4e4b
004e4f4e
004d4f4d
004c4e4c
004b4f4e
00484c4b
00403e3d
0043413e
00363433
003b3735
0038332f
003c3632
003d3532
003e3430
003c332d
00302e29
00140502
002d1c18
001c1712
001b1b37
00353636
003a3b3d
003d3d3e
003f3f3f
00444444
00464646
00464645
00474846
00484948
00494a49
004b4b49
004b4c4a
004c4c4a
004c4c4a
004c4d4b
004c4c4a
004c4d4b
004c4c4a
004d4d4b
004d4d4b
004d4d4b
004d4e4c
004d4e4b
004c4d4b
004d4d4b
004e4e4c
004f4f4d
004f4f4d
004f4f4d
004f4f4d
004f4f4d
004f4f4d
004f504e
004f504e
0050504e
0050504e
0050504e
0050504e
0050504e
0050504e
0050504e
0050504e
0050514f
0051514f
0051514f
0051514d
0051514f
0051514f
00525250
00525250
00525250
00525250
00515250
00525250
00525250
00525250
00525351
00525250
00525250
00535351
00535351
00535351
00535351
00535351
00535452
00535452
00535452
00535452
00535351
00535351
00545452
00545353
00545451
00545451
00545452
00545453
00545552
00555551
00545552
00545552
00555553
00555553
00545552
00555553
00555654
00555553
00555553
00565654
00555654
00545553
00555553
00555553
00555553
00565553
00565654
00555553
00555553
00555553
00545653
00545653
00545553
005a5756
004f4e4c
003b3d3b
00585a59
00575b58
00585957
00595957
005a5a58
005a5a58
005a5a58
005a5b59
005a5a58
005a5a58
00595a58
00595957
00585958
00585854
00585856
00585856
00585856
00585856
00565756
00575855
00575754
00565755
00555654
00555653
00535451
0052544f
00535351
0052534f
0051524d
0050524c
004f504d
004d4d4b
00474846
00474745
00454644
00454543
00444543
00444543
00444543
00454543
00454644
00494a48
004a4a48
004a4b49
004b4b49
004b4b49
004a4b48
004b4c49
004c4d4b
004c4d4b
004c4c4a
004c4c4a
004d4d4a
004d4d4a
004d4d4a
004c4e49
004c4e49
004e4f4b
004e4e4a
0051504c
0051504c
0050514d
0051524e
00555550
00575852
00585953
005a5b55
005d5e56
005e6058
0062645c
0066685e
00676a5f
00454843
00454944
00444844
00424742
003c423f
003a403d
00393e3b
00313432
00373736
003d3f3e
003c413f
003e4340
003f4441
003f4441
003e4340
00404442
00404440
003f4340
003f4441
003d423f
00363c38
00373a37
00343635
00303232
002a2f2e
00222422
000c0b0b
000e0b0b
000d0a0a
000d0a0b
000f0b0c
002d2727
00303232
003b3939
00424240
00444442
00444442
00474644
00464843
00484846
00494947
00494947
004a4a48
004b4c4a
004c4c4a
004c4c4a
004c4d4b
004d4d4b
004c4d4b
004c4d4b
004d4d4a
004e4e4c
004e4e4c
004e4e4c
004e4e4c
004e4e4c
004e4e4c
004b4e4c
004c4f4c
004e504f
004a4e4b
00424544
00373738
00434343
003d3b3c
00383130
003d3632
003a3630
003b3434
0039332f
00363229
0038332c
003d3532
0037322f
00241915
00321f18
002e1b12
00321b16
00241a17
001b1b38
00353438
0038383b
003b3b3d
003f3f3f
00424242
00444445
00464546
00464645
00474847
00484948
00494a48
004a4b49
004b4c4a
004b4c4a
004c4c4a
004c4c4a
004c4c4a
004b4c4a
004c4c4a
004c4c4a
004c4c4a
004c4c4a
004c4d4b
004d4d4b
004d4d4b
004e4e4c
004f4f4d
004f4f4d
004f4f4d
004f4f4d
004f4f4d
004f4f4d
004f4f4d
004f504e
0050504e
004f504e
004f4f4d
0050504e
0050504e
0050504e
0050504e
004f4f4d
0050504e
0050504e
00515250
0051514e
0051514f
0051514f
0051514f
00525250
00525250
00525250
00515250
00525250
00535351
00535351
00535351
00525351
00535351
00525351
00535351
00535351
00535351
00535351
00545452
00545452
00535452
00535452
00535351
00535351
00535351
00535550
00535451
00545451
00545452
00545453
00565553
00555453
00545453
00545554
00555653
00555553
00555552
00555551
00555653
00555553
00565654
00555654
00555553
00555654
00555654
00555654
00555553
00545651
00545651
00555553
00555654
00555554
00555553
00555654
00555654
00545551
00555752
00555552
00504f4d
003d3d3b
00575c59
00585a58
00595a58
005a5a58
00595a58
00595957
005a5a58
005a5a58
00595a58
00595a58
00585a55
005a5957
00585856
00585856
00585956
00585856
00585857
00565755
00575753
00565853
00555652
00555554
00545554
00535450
00535352
0051534f
0051524d
0050514e
004e4f4e
004d4e4c
004b4b49
00444543
00434341
00454543
00454644
00454543
00444543
00454543
00454543
00474745
004a4a48
004b4b49
004b4b49
004b4b49
004b4c4b
004b4c4b
004d4d4b
004d4e4c
004d4e4c
004d4d4b
004d4d4a
004d4d4a
004d4d4a
004c4e49
004c4e49
004d4e4a
004e4e4a
0051504c
0051504c
004f504c
0050514d
00545450
00565751
00585953
005a5b55
005c5d55
005e5f57
0061625a
0066685e
0066685e
00444844
00444843
00424642
003c423f
003a413f
00353b38
00373936
00363836
003b403d
003d423f
003f4441
003f4441
003f4441
00404542
00404542
00414542
00424543
00404441
003d413f
003d4040
003a3f3c
00393c39
00343835
00313431
002d302e
00272b28
000e0c0c
000e0b0c
000d0a0b
000d0a0b
000d0c0b
00433a3b
00343736
00383837
0042403f
00444543
00454543
00464643
00484845
00484846
00494948
004a4b49
004b4b49
004c4c49
004d4c4a
004c4c49
004c4d4c
004d4d4b
004d4d4b
004c4e49
004d4e4b
004e4e4c
004d4f4c
004e4e4c
004d4e4c
004c4e4c
004d514e
00373b3a
003f4241
00423f42
003e3e3d
003d3a36
003a342f
003d342e
0038322e
003b3830
00433b36
00372d29
001d1110
001a1319
0006000a
001d151d
00241e26
00262030
003d3029
00301c13
00311a12
00301b13
00201817
001a1a37
00303137
0036353a
00383a3c
003e3d3e
00414141
00434343
00454545
00464646
00464746
00484947
00484947
00494a48
004b4b49
004b4c4a
004b4c4a
004b4c4a
004c4c4a
004c4c4a
004c4c4a
004c4c4a
004b4c4a
004c4c4a
004c4c4a
004c4c4a
004d4d4b
004e4e4c
004e4e4c
004e4e4c
004e4f4d
004f4f4d
004f4f4d
004f4f4d
004f504e
004f504e
004f4f4d
0050504e
0050504e
004f4f4d
0051514f
0050514f
0050504e
0050504e
0050504e
0050514f
0050514f
0051514f
0051514f
0051514f
0051514f
00515250
0052524f
00525251
00525250
00525250
00525250
00525351
00535351
00525351
00535351
00535351
00535351
00535351
00535351
00535452
00525351
00545452
00545452
00545452
00545452
00535351
00535452
00535452
00545452
00545452
00545452
00545452
00545452
00545454
00555553
00555553
00555551
00555553
00555553
00545651
00545651
00545553
00545554
00555552
00555552
00555553
00555553
00565654
00565654
00555652
00555651
00555551
00565554
00565654
00555752
00555752
00555752
00565653
00565653
00555652
00545651
00555653
004e4c4b
003e3e3e
00585b59
00575a57
00575957
00585a58
00595957
00585a57
00595a58
00595957
00585a55
00585a55
00595957
00585856
00585854
00585855
00575955
00585854
00565854
00565853
00565753
00545653
00535552
00545451
00535350
0050524f
004e504d
004f4f4d
004f4f4d
004e4e4c
004c4d4b
00464543
003d3d3b
00404240
00424442
00444543
00434442
00444543
00464644
00464745
00484947
004b4b49
004b4b49
004c4c4a
004c4c4a
004c4d4b
004d4e4b
004d4d4b
004c4e49
004d4e4b
004d4d4a
004d4d4a
004e4d4b
004c4e49
004d4e49
004d4e4a
004d4f4a
00524f4b
0050504c
0051514d
0051504c
0052534d
00555650
00575853
00595a53
005a5c54
005e5f57
00606159
0065675d
0066685e
00434843
00434742
003f4440
003a3f3c
00333936
00343631
003c3e3a
003d413e
003d423f
003f4441
00404542
003f4441
00404542
00414643
00414643
00424643
00404441
00414442
00414542
003e4240
003b403d
003a3d3a
00363836
00333532
002f312e
00262927
000f0d0c
000e0b0c
000c0a0a
000d0a0b
000e0a0a
003e3838
00353736
00393a38
0041403e
00434441
00454643
00474744
00484845
004a4a47
004a4a48
004a4b49
004b4b49
004b4b49
004b4c49
004c4c49
004c4d4b
004d4d4b
004d4d4b
004c4d4a
004d4e4c
004d4e4c
004f4e4c
004e4e4c
004c4f4c
00404141
003c3d3e
003c3a39
00383833
0037362f
00453f3b
00423d39
001e140e
000c0503
000a0203
00272126
002c2d38
00212439
001c2440
00242a47
00182144
00162145
00142045
001a2149
003d2e28
00301a0f
00301a11
00321b13
001f1816
001a1a38
00303036
00323337
0039393b
003d3d3e
00414141
00434343
00444444
00454545
00454545
00484847
00484948
00494947
00494a48
004a4b49
004b4b49
004b4b49
004c4c4a
004c4c4a
004c4c4a
004c4c4a
004b4c4a
004c4c4a
004b4c4a
004b4c4a
004d4d4b
004e4e4c
004e4e4c
004d4d4b
004e4e4c
004f504e
004f504e
004f4f4d
004f4f4d
004e4f4d
004e4f4d
004f4f4d
004e4f4d
004f4f4d
004f504e
0050504e
0050504e
0050504e
0050514f
0051514f
0050504e
0051514f
0051514f
0050514f
0051514f
0050514f
0052524f
00525250
00525250
00525250
00525250
00525250
00535351
00525351
00535351
00525250
00535351
00535351
00535351
00525351
00535351
00535452
00535452
00545452
00525351
00535351
00545452
00545452
00545452
00545452
00545452
00545452
00535351
00535453
00545553
00555553
00555553
00555552
00555553
00545552
00545552
00555654
00545554
00545553
00555554
00545554
00545553
00555553
00555553
00565654
00565553
00555652
00555653
00565654
00555752
00555752
00555752
00565653
00565653
00555752
00555752
00555752
00545552
005a5856
004a4947
00434744
005a5d5a
00595a57
00585a57
00595957
00585957
00595957
00585956
00585956
00595a57
00595957
00585856
00575855
00575855
00585854
00565853
00565853
00555652
00545752
00555751
00555553
00545451
0051524f
0050504e
004f4f4d
004e4f4d
004e4e4c
004c4c4a
00454543
0040413f
00353633
003e413e
00414342
00444442
00444543
00454644
00464745
00474946
00494b48
004c4c4a
004c4c4a
004c4c4b
004d4d4b
004c4d4a
004d4e4a
004d4e4a
004d4e4b
004e4d4c
004d4d4a
004d4d49
004c4e49
004d4e49
004d4f4a
004d4f4a
00504f4b
0050504c
0050514d
0050504c
0051524d
0053544f
00565651
00585953
005a5b54
005e6058
005e6057
0064655b
0066675d
00424742
003e443f
0039403c
00333935
0033312f
003c3d3c
003f4342
00404541
00424443
00404542
00404542
00414643
00414643
00404542
00414643
003f4240
00414442
00434543
00414441
003e4340
003d413e
003a3d3a
00363937
00343633
002f3230
00272c29
000f0d0d
000d0b0b
000d0a0b
000d090a
00150c0f
00343433
00383937
003a3b39
00403f3d
00434440
00454742
00474844
00484a45
00494b46
00494a47
004b4b48
004a4b4a
004c4c4a
004c4c4a
004c4c4a
004c4d4b
004c4d4b
004d4d4b
004d4d4b
004d4d4b
004e4d4b
004d4e4c
004c4f4d
00393c36
00423f3b
003c3b34
001a140e
00150402
001e0d11
002c2d33
002c323f
002f3049
001e214a
00202543
001c2248
001c2246
001b2345
00172246
001b2247
001a2246
001a2248
00172148
00181f48
003b2c27
002e180d
00311a12
00311913
00201816
001a1a39
002e2d33
00333438
0038383b
003c3b3d
003f3f3f
00414141
00434343
00454545
00454545
00474746
00474847
00494947
00494947
004a4a48
004b4b49
004b4b49
004b4c4a
004b4b49
004c4c4a
004c4c4a
004c4c4a
004c4c4a
004c4c4a
004c4c4a
004c4d4b
004d4e4c
004e4e4c
004e4e4c
004f4f4d
004f4f4d
004f4f4d
004f4f4d
004f4f4d
004e4f4d
004f4f4d
004e4f4d
004e4f4d
004f4f4d
004e4f4d
004e4f4d
004f504e
004f504e
0050504e
0050504e
0050504e
0050514f
0050514f
0051514f
0051514f
0051514f
0051514f
00515250
00525250
00525351
00525250
00525250
00525250
00525250
00525250
00525351
00535351
00535351
00535351
00535351
00535351
00535452
00535351
00535351
00545452
00525352
00545451
00535452
00535452
00535451
00535451
00535451
00545452
00545452
00545452
00545452
00535452
00555552
00555553
00555553
00555553
00555553
00555553
00555553
00555553
00555553
00555553
00555553
00555654
00565553
00555554
00555654
00565654
00565654
00555652
00555752
00555752
00555752
00555752
00555752
00555752
00565652
00545752
00545652
00555552
00595856
003f3f3d
004f514e
00575a57
005a5a57
00585957
00585856
00585957
00595957
00585956
00585956
00585957
00585856
00585857
00585755
00575854
00565853
00555752
00555652
00565752
00565553
00545451
00525350
0050504f
004f4f4d
004d4e4c
004c4d4b
004b4b49
00444544
0041413e
0043413f
00363634
003d413f
00424341
00444442
00444543
00454644
00494846
004a4a46
004c4c49
004c4d4c
004c4c4a
004d4d4a
004d4d4b
004d4e49
004c4e49
004d4f4a
004d4d4b
004d4d4a
004d4d49
004d4e4b
004e4e4b
004e4e4b
004e4e4b
004d4f4a
004d504b
004f514c
0050514c
0051514d
00545450
00565650
00595953
005a5b55
005c5e56
005e6057
0063645a
0065665c
003e433f
003a413c
00373b36
0031312d
003a3d39
003d423e
00404541
00434743
00414644
00404542
00414643
00414744
00424643
00424643
00414542
00424542
00424543
00434543
00424542
003f4441
003e413f
003a3d3b
00373a38
00353734
00313331
00282d2a
000d0c0c
000b0b0b
000d0a0b
00120c0d
00393737
00363535
00393a38
003c3c3a
0040403f
00454644
00464744
00474944
00484a45
00494a46
00494b46
004a4b47
004a4b49
004c4d49
004c4c4a
004c4c4a
004c4c4a
004d4d4b
004d4d4b
004c4d4b
004d4d4b
004b4d4d
0049514e
00070506
000b0302
00191216
0024202c
0026263a
00222445
001b2449
00192348
001a234a
001c2245
001b2445
001c2348
001b2245
00192247
00182247
00192146
00192248
001a2146
00182146
00171f46
00181f48
003c2a25
00301911
00321a12
002f1912
001f1715
00191939
002f2d34
00323337
0038373a
003c3b3d
003f3f3f
00414141
00434343
00454545
00454545
00474747
00474747
00484947
00494947
00494a48
004b4b49
004a4b49
004a4b49
004b4c4a
004b4c4a
004c4c4a
004c4c4a
004c4c4a
004c4c4a
004c4c4a
004c4c4a
004d4e4c
004e4e4c
004e4e4c
004e4e4c
004f4f4d
004f4f4d
004f4f4d
004f4f4d
004e4f4d
004f4f4d
004f4f4d
004e4f4d
004f4f4d
004e4f4d
004f4f4d
004f4f4d
004f4f4d
0050514f
0050504e
0050504e
0050514f
0050504e
0050514f
0051514f
0051514f
0051514f
0051514f
0050514f
0051514f
00515250
00525250
00525250
00525250
00525250
00515250
00525250
00525351
00535351
00535351
00535351
00535351
00535351
00535452
00535351
00525352
00535351
00535551
00545552
00535452
00535452
00535453
00545452
00545452
00545452
00545553
00545552
00555552
00555553
00545553
00555553
00555553
00555553
00555553
00555554
00555554
00555554
00555553
00555553
00555652
00545553
00555653
00565654
00565654
00565752
00555752
00555752
00555752
00555752
00555752
00555752
00555752
00575753
00565753
00555653
00555653
00575653
00565553
003f3f3d
00565956
00565956
00585956
00595957
00585856
00595956
00595956
00595957
00585957
00585856
00585856
00565753
00565853
00565853
00555752
00565652
00555552
00545452
00545451
00515150
0050504e
004d4e4c
004b4c4a
00494a48
00454443
0041423f
0042423e
0040413f
00383534
003a3d3b
00424341
00434442
00474644
00484846
00494a46
004b4b48
004c4d4b
004c4d4b
004d4e49
004d4e4b
004d4d49
004c4e49
004d4e4a
004e4e4b
004d4d4a
004d4d4b
004e4e4c
004e4e4c
004f4e4c
004e4e4b
004e4e4b
004f4f4b
004e514c
004f514c
0052504d
0054534f
00565550
00575751
005a5c55
005b5d55
005f6058
0062635a
0064655c
0039403b
00363c37
00363a35
003b3c3a
003d4240
003f4441
00424744
00434845
00424744
00424744
00424744
00424744
00424543
00434643
00434643
00424543
00424543
00414442
00414441
00414441
003e413f
003b3e3b
00383b39
00353835
00323431
002a2f2c
000d0c0c
000b0b0b
000c0a0b
0012090a
00353735
00363737
003b3b39
003c3d3b
0041413f
00454644
00464745
00474944
00484945
00494a46
00494b46
004a4c47
004a4b47
004b4c48
004c4c4a
004c4c4a
004c4c4a
004d4d4b
004d4d4b
004d4e4b
004c4d4b
004b5152
001c1a2b
001a1d39
001f204a
001c2349
001d2347
001c2346
001d2548
001b244a
001b2448
001a2447
001a2347
001a2248
001c2348
001b2247
00192147
00182046
00182046
00182046
00182047
00181f47
00172048
00181f46
003d2926
00301c11
00321a11
002f1a12
00211816
00191937
002f2e38
00313236
0037373a
003c3b3d
003f3f3f
00414141
00434343
00444444
00464646
00464646
00474746
00484846
00494947
004a4a48
004a4b49
004b4b49
004b4b49
004b4c4a
004b4c4a
004c4c4a
004c4c4a
004c4c4a
004c4c4a
004c4c4a
004c4d4b
004d4d4b
004e4e4c
004e4e4c
004e4e4c
004e4f4d
004f4f4d
004e4e4c
004f4f4d
004f4f4d
004f4f4d
004f4f4d
004e4f4d
004f4f4d
004f4f4d
004f4f4d
004f4f4d
004f4f4d
004f504e
004f504e
0050504e
0050504e
0050504e
0050504e
0050504e
0051514f
0050514f
0051514f
0051514f
0051514f
0051514f
0051514f
0051514f
00525351
00525250
00525250
00525250
00525250
00525250
00535351
00535351
00535351
00535351
00535351
00535351
00535351
00535351
00535450
00535451
00545452
00545452
00545452
00545452
00545452
00545553
00555553
00545553
00545553
00555654
00555553
00545553
00535452
00545452
00555553
00555553
00555553
00555553
00555553
00555553
00545652
00545652
00555652
00565654
00565654
00565652
00555753
00555753
00555752
00555752
00555752
00555652
00575753
00575754
00575754
00575754
00555652
00555752
00545551
00555653
004c4d4b
00444543
00585b58
00575a57
00585856
00565855
00575855
00585856
00585856
00585856
00585856
00575755
00565853
00565853
00555653
00565654
00555651
00545451
00535350
00515251
0050514f
004e4e4c
004b4b49
00484846
003c3c3a
00454846
0040423e
0042423e
00474642
00333533
00393c3b
00414240
00454543
00474846
004a4a46
004a4b47
004c4c4a
004d4d4b
004c4e49
004e4f4a
004e4f4a
004d4f4a
004d4f4a
004d4f4a
004d4e4b
004d4e4c
004d4e4c
004e4e4c
004e4e4c
004e4e4c
004e4e4b
00504f4b
004f504c
004f514c
0051514c
0053524d
0053544f
00555650
00595a54
005b5d55
005d5f57
005f6159
0062635b
00383c36
003a3935
003a3d3b
003f423f
00404542
00414643
00434845
00434845
00434845
00424644
00434644
00424643
00434644
00434644
00434644
00424543
00414442
00424441
00424542
00404441
003e423f
003c3f3c
00393c39
00363937
00323432
002c2f2d
000f0d0c
000d0c0c
000d0a0b
0013090b
00373836
00363938
003b3b39
003d3e3c
0040413f
00454644
00474744
00484845
00494946
00494b46
00494b46
004a4b48
004b4c49
004b4b49
004c4c4a
004c4c4a
004d4d4b
004c4d4b
004d4d4b
004e4d4b
004c4d4b
0032404b
001b2449
001c2249
001b2447
001c2347
001b2547
001c2548
001c2548
001e2547
001b2547
0023244a
001a1939
00332d40
00161e40
001b2248
00192047
00182046
00172046
00172046
00182047
00182047
00161f47
00181f46
003a2826
00321f14
002f1911
002a1912
00181416
00181935
002f2e39
00303236
0037373a
003b3b3d
003e3e3e
00414141
00434343
00454545
00464646
00464646
00474747
00484847
00494947
004a4a48
004a4a48
004a4b49
004b4b49
004b4b49
004b4c4a
004c4c4a
004c4c4a
004c4d4b
004c4c4a
004c4d4b
004d4d4b
004d4e4c
004e4e4c
004e4e4c
004e4e4c
004e4f4d
004f4f4d
004f4f4d
004f4f4d
004f4f4d
004f4f4d
004f4f4d
004f504e
004f4f4d
004f4f4d
004f4f4d
004f504e
004f504e
004f504e
0050504e
0050504e
0050504e
004f504e
0050504e
0050504e
0050514f
0050504e
0050504e
0050514f
00515250
0051514f
00515250
00525250
00525351
00525351
00525250
00525351
00525250
00525250
00525250
00535351
00535351
00535351
00535351
00535351
00525351
00525351
00535451
00545452
00545452
00535452
00535452
00535452
00545452
00545553
00545553
00555553
00555553
00555553
00545553
00535452
00535452
00545553
00545553
00555553
00555553
00555553
00555553
00555553
00545553
00545553
00555653
00565654
00555654
00555653
00565654
00565654
00565654
00565654
00555752
00555752
00565652
00565652
00575753
00585854
00565853
00565853
00565753
00555653
00545551
00545552
00454645
00505150
00575957
00595957
00585957
00575755
00585957
00575856
00585856
00575855
00565853
00565753
00565653
00565654
00555653
00545553
00535351
00525351
0050504e
004e4e4c
004b4b49
00464644
00363030
00130d0e
00242825
0040443f
00464641
00413e3c
00383837
003a3d3b
00414441
00464845
004a4a47
004a4b49
004b4b4a
004c4c4a
004c4e49
004e4e4c
004e4e4c
004d4e4a
004e4f4a
004d4f4a
004e4f4b
004d4e4b
004e4e4b
004e4e4b
004e4e4c
004e4e4c
004d4e4b
00504f4b
004e504b
0051514d
0051504c
0051514d
0053544f
0055554f
00565751
005a5c54
005c5e56
005e5f57
00616159
00363835
003d3c3a
003e423e
00414441
00434643
00434845
00444946
00434845
00434845
00434744
00444644
00444745
00444744
00434644
00434644
00424543
00424542
00424442
00424543
003f4441
003e423f
003b3f3c
00393c39
00373a38
00333533
002e302d
00171918
00080707
000b0808
0010090a
00373838
00363938
003c3c3a
003d3e3c
00404140
00464644
00474743
00484845
00494946
00494b46
00494b46
004b4b49
004b4b49
004b4c4a
004c4c4a
004c4c4a
004d4d4b
004d4d4b
004d4d4b
004d4d4b
004e4d4b
0035434c
001c2546
001a2348
001a2447
001b244a
001c2548
001c2448
001b2247
00222548
00221b35
003e3745
004d4c56
00504f59
00131d39
001a214a
00192047
00182046
00172146
00161f46
00171e47
00171f46
00161e46
00181e48
00362726
00352418
002d1914
00160f1b
0019142e
00191835
002d2c36
00303135
00363639
003b3a3c
003e3e3e
00404040
00434343
00444444
00454545
00464646
00464746
00474847
00494947
004a4a48
004a4a48
004a4a48
004b4b49
004b4b49
004b4c4a
004c4c4a
004c4c4a
004c4c4a
004c4c4a
004c4d4b
004c4d4b
004d4e4c
004e4e4c
004e4e4c
004e4e4c
004e4f4d
004f4f4d
004f4f4d
004f4f4d
004f4f4d
004f4f4d
004f4f4d
004f4f4d
004f4f4d
004f4f4d
004f504e
0050504e
0050504e
004f504e
0050504e
0050504e
0050504e
004f504e
0050504e
0050504e
0050504e
0050504e
0050504e
0050504e
0051514f
0051514f
0051514f
00515250
00515250
00525250
00525250
00525250
00515250
00525250
00525250
00515250
00515250
00525351
00525351
00535351
00525352
00535350
00545452
00545452
00545452
00545452
00545452
00535452
00545452
00545452
00555553
00555553
00545452
00545452
00545553
00545553
00545452
00545452
00545452
00545452
00545553
00545553
00555553
00555553
00545452
00555553
00555553
00545553
00555654
00555654
00565654
00565654
00565654
00565654
00565653
00565653
00565653
00565653
00565653
00565652
00565753
00565853
00565753
00555653
00555752
00545651
00565653
00575654
0040413f
00585b58
00585856
00585856
00575755
00585855
00585855
00585855
00595956
00575754
00565653
00565653
00545552
00545552
00525351
00525250
0050514f
004e4f4d
004b4b49
00464543
002f2a2b
00100e0e
00100c0d
00050806
004b4f4c
003d3d3a
003d3b39
003a3a38
003b3d3b
00424543
00474745
00494a48
004b4b49
004c4c4a
004c4e49
004e4e4c
004e4e4c
004d4f4a
004e504b
004e504b
004d4e4a
004e4f4b
004e4e4b
004e4e4b
004d4e4c
004e4e4c
004c4e4b
00504f4b
004f4f4b
0051514d
0051514d
0052514e
0053534e
0056554f
00555650
005a5c54
005c5d55
005f5f57
00616058
003a3e3b
003e4240
00404542
00424643
00434744
00454847
00464948
00444946
00454845
00444745
00454846
00444745
00444745
00434644
00434644
00434644
00424543
00424543
00414442
00414441
003e413f
003d403d
003b3d3b
003a3b39
00343735
0031312e
002b2f2c
00040303
000a0707
000f0708
00363838
00363938
003c3c3a
003d3e3c
00424240
00464543
00464746
00484947
00494946
00494b47
004a4a48
004b4b49
004b4b49
004c4c4a
004b4c4a
004b4d4a
004d4d4b
004c4d4b
004c4d4b
004e4d4b
004d4c49
00303c47
001d2646
001c2348
001c2448
001d2649
001c264a
001b2549
00252041
0054505f
004f505c
00484b4a
004a4f50
002f2d3d
000e1630
00181f47
001b2248
00192147
00172046
00161f46
00151f47
00171f48
00171e48
00181e45
00342421
0027241a
00140f25
00171333
00191631
00171734
002e2b36
002f3135
00373638
003a3a3c
003e3e3e
00404040
00424242
00434343
00454545
00454545
00464745
00474846
00484947
00494a48
004a4a48
004a4a48
004b4b49
004a4b49
004b4c4a
004c4c4a
004c4c4a
004c4c4a
004c4d4b
004d4e4c
004c4d4b
004e4e4c
004e4e4c
004e4e4c
004e4e4c
004e4f4d
004f4f4d
004e4f4d
004f4f4d
004f4f4d
004f4f4d
004f4f4d
004f4f4d
004f4f4d
004f4f4d
0050504e
004f504e
0050504e
0050504e
0050504e
0050504e
0050504e
0050504e
0050504e
0050504e
0050504e
0050504e
0050504e
0050504e
0050504e
0051514f
0051514f
0051514f
0051514f
0051514f
00515250
0051514f
0051514e
00525250
00525250
00525250
00525250
00525250
00525352
00535350
00535251
00535350
0053534f
00535351
00525351
00535351
00535453
00535452
00545451
00545452
00545452
00545452
00545452
00545452
00545452
00545452
00545452
00545452
00545452
00545452
00545452
00545553
00555553
00545452
00555553
00545553
00545553
00555553
00555553
00565654
00555654
00565654
00565654
00565654
00565654
00565654
00565654
00565654
00565654
00565653
00565652
00565653
00575754
00565853
00565753
00555653
00545651
00545551
00545552
00494c49
00474a47
00535955
00565956
00575755
00565755
00565755
00585956
00565756
00575755
00555654
00545651
00545551
00525350
00525250
0050514f
004e4f4d
004b4c49
00464544
00302828
00110d0e
00100d0e
000f0c0d
000e0c0d
00393f3a
003b3a3a
003a3b39
003b3d3a
003e403e
00434644
00474946
004a4a48
004b4c4a
004d4d4b
004e4e4b
004e4e4b
004d4f4a
004f504c
004e4f4d
004e4f4d
004e4e4d
004d4e4c
004e4e4b
004e4e4b
004e4e4b
004d4e4c
004f504c
004f4f4b
0052514d
0050504c
0052504c
0053524e
0055544f
00565550
00585852
005b5c54
005c5e56
005f6058
00414442
00404542
00414643
00424744
00444845
00454846
00454946
00454846
00464845
00454846
00454846
00454846
00444744
00434644
00434644
00434644
00424543
00424542
00424542
00414441
003f423f
003c3f3d
003c3d3b
003b3b39
00363835
002f332f
002d302e
000a0707
000c0809
00130a0b
00373938
00373938
003c3d3b
003e3f3d
00424240
00464644
00474745
00474845
00494a45
004a4a47
004b4b48
004b4b49
004b4b49
004c4c4a
004c4c4a
004b4d4b
004d4d4b
004d4d4b
004d4d4b
004d4d4b
004e4e4b
0033414a
001b2447
001a2348
001d2448
001c2549
001b2648
001b2648
00211d39
0051545b
00454655
00404345
00576062
002c2e41
001f1d3f
002a2444
00192147
00182046
00171f46
00171f46
00151e46
00151e47
00151e47
00171e45
00322123
00161228
001a1237
00181236
00191632
00181934
002f2c37
00303135
00373639
003a3a3c
003e3e3e
00404040
00424242
00434343
00454545
00464646
00474745
00484946
00494a48
00494a48
004a4a48
00494a48
004b4c4a
004b4b49
004c4c4a
004c4c4a
004c4c4a
004c4c4a
004c4d4b
004d4e4c
004d4d4b
004e4f4d
004e4e4c
004e4e4c
004e4e4c
004e4f4d
004f4f4d
004e4f4d
004f4f4d
004f4f4d
004f4f4d
004f4f4d
004f4f4d
004f4f4d
004f4f4d
004f504e
004f4f4d
0050504e
0050504e
0050504e
0050504e
0050504e
0050504e
0050504e
0050504e
0050504e
0050504e
0050514f
0051514f
0050514f
0051514f
0051514f
0051514f
0051514f
0051514f
0051514f
0051514f
0051514e
0052514f
00525250
00525250
00525250
00525250
00515150
0052524f
00525250
00525351
00535351
00535351
00535351
00535351
00535351
00535351
00545450
00545452
00545452
00545452
00545452
00545452
00545452
00545452
00555654
00545452
00545452
00545452
00545452
00545452
00535452
00545553
00545553
00555553
00555553
00555553
00555553
00555553
00555553
00555654
00565654
00565654
00565654
00565654
00555654
00565654
00565654
00555653
00555653
00565653
00565653
00565853
00565853
00565753
00555752
00555652
00545651
00555453
00565554
00424240
00565958
00585858
00555755
00575653
00585855
00565756
00575756
00555655
00545651
00535550
00535450
00525350
0050504e
004e4e4c
004b4b48
00464443
00281e20
000f0d0d
00100d0e
00100d0d
00100d0d
00171b19
00363a37
00393a38
003c3e3b
0040403e
0040423f
00454744
00484947
004b4c49
004c4d4b
004e4e4b
004e4f4a
004d4f4a
004d4f4a
004e4f4c
004e4f4c
004e4e4c
004e4e4c
004e4e4a
004e4e4b
004e4e4b
004e4f4d
004e504b
004f504c
004f514c
004f514c
0052514d
0050524d
0053544e
00565550
00585852
005a5b53
005c5e56
005d5e56
00424643
00424643
00424745
00434845
00454846
00454a45
00464a45
00464946
00474847
00454846
00454846
00454845
00444744
00434644
00444644
00434643
00434643
00424543
00424543
00414441
00404340
003d403e
003d3e3c
003c3c39
00363835
00313230
00242825
000b0909
000d0809
00140c0d
00383b3a
00393b3a
003c3c3a
003f3f3d
00424341
00464643
00464745
00484846
00494945
00484a47
00494b48
004b4b49
004b4b49
004c4c4a
004c4c4a
004c4e4c
004d4e4c
004d4e4c
004d4d4b
004c4c4a
004c4c4a
00404c53
001c2347
001c2448
001c2347
001c2548
001d2648
001c2647
00231d3d
00353f46
004a515b
001d1b3c
0027203e
004c445d
00626265
00404548
00192046
00171f46
00171e46
00171e46
00161d46
00161e47
00151e46
00151c45
002d1d20
0016132e
00191234
001e132f
0014112d
00181833
002d2835
00303035
00353438
003a393b
003d3d3d
00404040
00414141
00444444
00444444
00454545
00464644
00464744
00484846
00484947
00494a48
004a4a48
004a4a48
004b4b49
004b4b49
004b4b49
004c4c4a
004b4c4a
004b4c4a
004c4c4a
004d4d4b
004e4e4c
004e4e4c
004e4e4c
004e4f4d
004e4e4c
004e4f4d
004f4f4d
004e4f4d
004e4f4d
004f4f4d
004f4f4d
004f504e
004f4f4d
0050504e
0050504e
0050504e
0050504e
0050504e
0050504e
0050504e
0050504e
004f504e
0050504e
0050504e
0050504e
0050504e
004f514e
00515250
0051514f
0051514f
0051514f
0051514f
0051514f
0051514f
00515250
0051514f
0051514f
0052524f
0052524f
0051514e
00525250
00525250
00525250
00525250
00525350
00525250
00515251
0052524f
0052534e
00535451
00535353
00525351
00525350
00535351
00545452
00545452
00545452
00545452
00535452
00545452
00545452
00545452
00545452
00545452
00535452
00535452
00535452
00535452
00535452
00555553
00555553
00555553
00555553
00555553
00555553
00555553
00555654
00565654
00565654
00565654
00565654
00565654
00565654
00565754
00565654
00575754
00565652
00555752
00555752
00555752
00555752
00555752
00555653
00545652
00545551
00545450
004c4d4a
004b4c4a
00535754
00585855
00565653
00565655
00565753
00555753
00555652
00545551
00535450
0051524f
0050514f
004e4e4c
00494b48
00454442
001d1416
000d0d0d
00100d0e
000f0c0d
00110d0d
000f0e0f
00353b36
00383a38
003c3c3a
003f3f3d
00414240
0040423f
00464745
00484a47
004b4c4a
004d4d4b
004e4f4b
004d4f4a
004e4f4b
004e504b
004e504b
004e4f4c
004f4f4d
004e4e4a
004d4f4a
004e4f4b
004e4f4c
004e4f4b
0051504c
0050504c
004e514c
0050514d
0051514c
0053534d
00575550
00575651
00585a52
005b5d55
005c5e55
00434843
00444745
00444746
00434845
00454946
00454a45
00464a45
00464a45
00454846
00454846
00454846
00454845
00454845
00444644
00444644
00434644
00434643
00424543
00424543
00414442
00404341
003e413e
003d3e3c
003c3c38
00373835
00313332
00070b09
000c0909
000f0909
00332b2c
00393b3a
003a3b3a
003d3d3b
0040403e
00434442
00464643
00474845
00484846
00494945
00474a46
00494b48
004b4b49
004b4b49
004c4c4a
004c4c4a
004c4d4b
004c4d4b
004c4d4b
004c4d4b
004a4d49
004c4d4b
00414e53
001b2345
001b2146
001c2446
001d2647
001d2648
001e2749
00262747
0023253f
00333250
00454161
0055505c
005d5c5e
004f5555
00454a4c
00182147
00171f45
00161d46
00161e45
00161d46
00141d45
00141d45
00141b44
002c1c21
0017132d
00180c27
003d3544
00080521
00181832
002c2835
002f2e34
00353438
0039393b
003d3d3d
003f3f3f
00414141
00434343
00444444
00454545
00464645
00474745
00474846
00484846
00494947
00494a48
004a4a48
004a4a48
004a4b49
004b4b49
004b4b49
004a4b49
004c4c4a
004b4c4a
004c4d4b
004d4d4b
004d4e4c
004e4e4c
004d4e4c
004e4e4c
004e4e4c
004e4e4c
004e4f4d
004e4f4d
004f4f4d
004f4f4d
004f4f4d
004f504e
004f4f4d
0050504e
0050504e
0050504e
0050504e
0050504e
0050504e
004f504e
0050504e
0050504e
0050504e
0050504e
0050504e
004f514e
0051514f
0051514f
0051514f
0051514f
0051514f
0051514f
0050514f
0051514f
0051514f
0051514f
0052524f
0051514e
0051514e
00515250
00525250
00515250
00525250
00525250
00525250
00515150
0052524f
0052524e
0052524f
00535250
00525351
00535351
00525351
00525351
00535351
00535351
00535452
00535452
00545452
00535452
00545452
00545452
00545452
00535452
00535452
00535452
00535452
00535452
00535452
00545451
00565653
00545553
00555553
00555553
00555553
00555553
00555654
00565654
00565654
00565653
00565652
00565654
00565654
00565655
00565654
00555752
00555752
00555652
00545651
00555752
00555752
00555653
00545651
00545651
00545550
00545450
00525350
0040403d
00585b58
00535552
00545452
00555652
00555752
00555652
00545551
00535450
0051534e
0050504e
004e4f4d
004a4a49
0044413f
00161012
000e0d0d
000e0d0d
00100d0d
00120c0d
00110d0e
00232623
00363937
003a3c3a
003d3f3c
00424240
00434542
00424441
00454745
004a4a47
004c4c4a
004d4e4a
004d4f4a
004e504b
004e504b
004e504b
004e4f4c
004f504d
00504f4d
004d4f4a
004e4f4b
004e4f4b
004e4f4b
004f4f4b
004e504b
004f514c
0050514d
0050514d
0052534e
0056554f
00555650
00575852
005a5b55
005b5c56
00424744
00444745
00444745
00444946
00444945
00464a45
00464a45
00474a45
00474945
00454846
00454845
00444745
00464644
00444644
00444644
00434644
00434643
00424543
00424543
00414442
00404341
003e413f
003c3e3b
003b3c3a
00383834
002f332f
000b0a09
00090909
000f090a
003f3d3b
00393c3c
003a3c3b
003e3e3c
0041413c
00444442
00464745
00474745
00484947
00494a48
004a4b48
004a4c47
004b4b49
004b4b49
004c4c4a
004c4c4a
004c4c4a
004c4c4a
004d4d4a
004d4c4a
004d4c4a
004b4c4a
00445153
001a2345
00192246
001c2446
001c2546
001d2648
00232240
00372e4a
00474855
004a455a
00474460
004a4a4f
0057575f
00474f57
005b6570
00181f46
00171e48
00161d46
00171e47
00151c45
00161d46
00131c45
00141c43
0037212a
0019132a
00444a4b
001d1f1d
0002031c
00191732
002d2a35
002e2d32
00333337
0039393b
003c3b3c
003f3f3f
00404040
00424242
00444444
00454545
00464646
00474746
00474745
00484846
00484846
00484947
00494a48
004a4b49
004a4a48
004a4a48
004b4b49
004b4b49
004c4c4a
004c4c4a
004c4d4b
004c4d4b
004d4d4b
004d4e4c
004e4e4c
004d4e4c
004e4e4c
004e4e4c
004e4e4c
004e4e4c
004e4e4c
004f4f4d
004f4f4d
004e4f4d
004f4f4d
004f4f4d
004f4f4d
004f504e
0050514f
0050504e
0050504e
0050504e
0050504e
0050504e
0050504e
0050504e
0050504e
0050514f
0051514f
0050504e
0051514f
00515250
0051514f
0051514f
0051514f
0051514f
0051514f
0051514f
0051514f
00525250
0051514d
0052524f
00515251
00515250
00515250
00525250
00525250
00515250
00515250
00525250
00525250
00525250
00525250
00525250
00525351
00535351
00535351
00535351
00535452
00535452
00545452
00535452
00535452
00545452
00535452
00545452
00545452
00535452
00545452
00545450
00545451
00545452
00545452
00545452
00545553
00535553
00535553
00555553
00555553
00555554
00565655
00555655
00565653
00565652
00555752
00555752
00555752
00555752
00555752
00555752
00555652
00545551
00545651
00545651
00555652
00545651
00545551
00535550
00535550
00525350
004a4a48
004d4f4c
00525754
00535553
00535651
00545651
00555552
00555552
00535350
0050504e
004e4e4c
004b4a48
00434241
00150e0f
000f0e0e
000f0c0d
000f0d0d
00100d0d
00110e0e
00131111
00303834
00383b3a
003e3e3c
003f413f
00424441
00434542
00454543
00464845
004a4b49
004b4d49
004d4e4a
004e4f4b
004f504b
004e4f4c
004f4f4d
004f4f4c
004e504b
004e504b
004e504b
004e504b
004e504b
004e4f4b
004f504c
004f504c
0050514d
0051524c
0052534d
00535451
00555651
00575852
00595a54
005b5c56
00424845
00434946
00434845
00454946
00464946
00464a45
00464a45
00474a46
00464846
00454846
00444745
00444744
00464745
00454644
00444644
00434644
00434643
00424543
00424543
00414442
00404341
003e413f
003c3e3b
003b3c3a
00363733
002e322d
000b0a09
00090909
00130b0c
003c3b39
003c3d3d
003c3e3d
003e3f3d
0042433f
00444543
00464745
00484947
00494a47
00494a48
004a4a47
004a4a47
004b4b49
004b4b49
004c4c4a
004c4c4a
004c4c4a
004c4c4a
004b4d4a
004b4d4a
004c4c4a
004a4b49
00414e4e
001a2345
00192246
001b2346
001c2546
001e2648
005b5863
004c5054
003f424b
00444352
00383b4a
003a414e
002f2f4c
0012193a
001c2149
00171d45
00161d47
00161d46
00151c46
00151c46
00151c46
00131c45
00141c43
00331d28
001a1426
00454c4d
001a1c1b
0005061a
00191731
002b2833
002d2d32
00343237
0038383a
003c3b3c
003e3e3e
00404040
00414141
00434343
00454545
00454545
00464644
00474745
00474846
00474846
00484947
00494947
00494a48
004a4a48
00494a48
004b4b49
004b4c4a
004b4b49
004b4c4a
004c4c4a
004d4e4c
004d4d4b
004d4d4b
004d4d4b
004d4d4b
004d4d4b
004e4e4c
004e4e4c
004d4e4c
004d4e4c
004e4e4c
004e4e4c
004e4f4d
004f4f4d
004f4f4d
004f4f4d
004e4f4d
004f4f4d
004f504e
004f504e
0050504e
0050504e
0050504e
0050504e
0050504e
0050504e
0050514f
0051514f
0050514f
0051514f
0050504e
0051524f
0050514f
0051514f
0051514f
0051514f
0051514f
0051514f
00515250
0050524e
0051514f
00515250
00525250
00525250
00525250
00525250
00525250
00515250
00525250
00525250
00525250
00525351
00535351
00525351
00525351
00535351
00535351
00535351
00535351
00535351
00535351
00535452
00545452
00535452
00545452
00545452
00535452
00545452
00535453
00545453
00545452
00545452
00545553
00545553
00535552
00535553
00555553
00555553
00555652
00555652
00565652
00565755
00565654
00555752
00545651
00555652
00555652
00555652
00555752
00555652
00545651
00545651
00545651
00545553
00545552
00555652
00545551
00535550
00525350
00525250
0050514f
00444543
00545653
00545551
00555551
00545552
00545451
00535350
0050514e
004e4e4c
004b4b49
00434141
00130d0e
000e0d0d
000f0d0d
000e0c0c
00100d0e
00110e0f
00110e0f
00282f2c
00383b38
003e3f3d
003f413f
00414341
00434442
00464543
00444744
00464946
00494c48
004b4d49
004d4f4a
004f504b
004e4f4c
004f4f4d
004f4f4c
004e504b
004e504b
004e504b
004f4f4b
004e4f4b
004e4f4b
004f504c
004f504c
004f514c
0051514e
0052524e
0052544f
00555650
00565751
00585953
005a5b55
00424845
00434845
00454946
00464a45
00464a46
00464a46
00464a46
00484947
00474949
00454846
00454845
00444745
00474745
00464745
00444644
00444644
00434643
00434644
00424543
00414442
00404341
003e413e
003c3e3c
00393b39
00333732
002a302c
000b0a0a
000c090a
00120808
00393d3a
003c3f3d
003c3f3d
0040413f
00444542
00454644
00474745
00474846
00484945
00484a46
004a4a47
004a4a47
004b4b49
004b4b49
004c4c49
004b4c4a
004c4c4a
004c4c4a
004c4c4a
004c4c4a
004b4c4a
004b4c4a
003f4a4a
00172244
00192146
001b2246
001c2546
001e2648
005b595f
004e5457
00343c42
00363d4a
00141831
00202141
003b3b4f
001d2443
00181f46
00171e45
00161c46
00141c46
00141d45
00151d46
00141b46
00131b46
00141c44
0034212d
00140e24
00474d50
00121021
00181533
00181730
00272431
002d2d32
00343237
0039383a
003c3b3c
003e3e3f
00404040
00424242
00434343
00444444
00454544
00454645
00464745
00474745
00484846
00494947
00494947
00494a48
004a4a48
004a4a48
00494a48
004b4b49
004b4b49
004b4b49
004c4c4a
004c4c4a
004d4d4b
004d4d4b
004d4d4b
004d4d4b
004d4d4b
004d4e4c
004d4e4c
004e4e4c
004d4e4c
004e4e4c
004e4e4c
004e4e4c
004e4f4d
004e4f4d
004e4f4d
004f4f4d
004e4f4d
004f4f4d
004f4f4d
004f4f4d
004f4f4d
004f4f4d
004f504e
004f504e
004f504e
0050504d
0051514f
0051514f
00505150
0051514f
0051514f
0051514f
0051514f
0050514f
0051514f
0051514f
0051514f
00515250
00515250
0051514f
0052524f
00525250
00525250
00525250
0051524f
00525250
00525250
00525250
00525250
00525250
00525250
00525351
00525351
00535351
00535351
00535351
00525351
00525351
00535351
00535351
00535351
00535451
00545452
00535452
00545452
00545452
00535452
00545452
00545452
00545452
00555553
00555553
00555553
00555553
00555553
00555553
00555553
00545553
00545553
00555552
00555654
00555654
00555652
00555652
00545651
00545651
00545651
00555652
00555652
00555752
00555652
00545651
00545553
00545553
00545651
00545551
00535450
00535451
00535351
0052524f
0051514e
00444442
00515552
00535550
00535451
00535350
00535350
0050514e
004d4e4c
004b4b49
00454141
00130e0f
00100d0e
000f0c0d
000e0b0b
000f0c0d
00110e0f
00110e0f
000f1110
00373b37
003c3e3c
0040423f
00414341
00454543
00464644
00444745
00464947
00464a46
004a4c48
004d4e4a
004f504b
004e504c
00504f4d
004f4f4c
004e504b
004e504b
004e504b
0050504c
004e504b
004e504b
004f514c
0050514d
0051514d
0051514d
0051524d
0052544e
00565650
00575750
00595952
005b5b54
00444946
00464947
00464947
00474b46
00464a46
00464a46
00464a46
00484a45
00464a46
00454846
00454846
00444745
00464745
00484745
00444644
00444644
00434644
00434644
00424543
00414442
00404341
003e413f
003c3e3c
00393b39
00323532
00202623
000c090a
000d090a
00302626
003f3e3c
0040403d
003d3f3d
00434341
00444543
00464745
00474745
00474846
00484945
00484a45
004a4a47
004b4a48
004b4b49
004b4b49
004b4b48
004b4b4a
004c4c4a
004c4c4a
004c4c4a
004c4c4a
004a4c4a
004a4c49
003f4a4a
00182247
00192045
001b2246
001c2446
001b2646
0049495c
00383c4b
002a2844
0030314b
002d2d3f
00353c4d
001c243c
001c2549
00171e45
00171e45
00161c46
00161c47
00151c47
00151c47
00141b46
00141b46
00161b44
00301c28
00130f25
00343548
00160c29
00181331
0017162f
00242030
002d2d32
00333236
00383839
003c3b3c
003e3e3e
00404040
00424242
00434343
00444444
00444444
00444444
00464745
00474745
00484846
00484947
00494947
00494947
004a4a48
004a4a48
004a4a48
004b4b49
004b4b49
004b4b49
004c4c4a
004c4c4a
004d4d4b
004d4d4b
004c4d4b
004c4d4b
004c4d4b
004d4d4b
004d4d4b
004d4d4b
004d4d4b
004d4d4b
004e4e4c
004e4e4c
004e4e4c
004e4e4c
004e4e4c
004f4f4d
004f4f4d
004f4f4d
004f4f4d
004f4f4d
004f4f4d
004f4f4d
004f4f4d
004f4f4d
004e4f4e
0050504d
0050514f
0050504e
0050504f
0051514e
0051514f
0051514f
0051514f
0050514f
0051514f
0051514f
0051514f
0051514f
0051514f
00505150
0051514e
00515250
00515250
00525250
0052524f
00525250
00525250
00525250
00525250
00525250
00515250
00525250
00515250
00525351
00525351
00535351
00525351
00525250
00525351
00525351
00535351
00535351
00535351
00525351
00535351
00535351
00545452
00545453
00545453
00545452
00555553
00555553
00555553
00555553
00555553
00555553
00555553
00545554
00545552
00545553
00565653
00555652
00545551
00545551
00555652
00545651
00545551
00545651
00545651
00555652
00555652
00545651
00555553
00545452
00545551
00535450
00535450
00535451
00535452
00535350
0052524f
0050514f
004d4c4a
00494e49
00525451
0052524f
0052524f
0051514e
004f4f4c
004a4a48
003f3a3a
00120e0f
000e0c0c
000d0a0b
000e0b0b
000e0b0c
00100d0e
00110e0f
00100f0f
00383b39
003c3e3c
003e403e
00424341
00454543
00444644
00464845
00474948
00464a46
00474b46
004c4d49
004e4f4a
004e504c
00504f4d
004f4f4c
004e504b
004f514c
004f504c
0051504c
004e504b
004f504c
0050514d
0051514d
0051514d
0051514e
0051514d
0051534d
00565550
00575750
00585851
00595952
00474b46
00474b46
00464a45
00464a45
00464a45
00464a45
00494946
00494946
00464946
00454846
00454846
00454745
00474745
00444745
00444745
00434644
00434644
00434643
00424542
00414442
00404341
003e413f
003d3e3c
00383a39
002f332e
00070b09
000c090a
000f0b0b
00433f3f
003d3f3c
003e403e
003f413f
00434341
00454543
00464745
00474745
00484846
00484a45
00494b46
00494b46
004a4c47
00494b48
00494b48
004a4c47
004b4c48
004c4c4a
004c4c4a
004c4c4a
004c4c4a
004a4c49
004a4c4a
00454b4a
00192246
00192148
00192146
001b2345
001d2547
0023294a
00272845
00212a39
001f2a45
00202941
00151d3f
001b2147
00192044
00171e45
00171e49
00161b4a
00151b46
00171c46
00141c45
00151b47
00141b46
00151b43
002c1d2a
000f0e1f
00211633
00454547
0017162e
0018162f
00242233
002d2d32
00333236
00383839
003c3b3c
003e3e3e
00404040
00414141
00434343
00444444
00454545
00454545
00464644
00474745
00484846
00484846
00494947
00494947
00494947
00494a48
004a4a48
004a4b49
004b4b49
004a4b49
004b4c4a
004c4d4b
004c4d4b
004d4d4b
004d4e4c
004c4d4b
004d4e4c
004d4d4b
004d4d4b
004d4d4b
004d4e4c
004d4d4b
004d4d4b
004e4e4c
004e4e4c
004e4e4c
004e4e4c
004e4e4c
004f4f4d
004e4f4d
004e4f4d
004f4f4d
004f4f4d
004f4f4d
004f4f4d
004f4f4d
004f4f4d
004f504e
004f504e
0050504e
0050504e
0050504e
0050514f
0050504e
0051514f
0051514f
0050514f
0051514f
0051514e
0051514f
0051514f
0051514f
0051514f
0051514e
00505150
0051514f
0052524f
00515250
0052524f
00515250
00525351
00525250
00525250
00525250
00525250
00525250
00525250
00525250
00525351
00535351
00525250
00525250
00535351
00525351
00535351
00535351
00535352
00535352
00535453
00545553
00545452
00535452
00545553
00545553
00555553
00555553
00555553
00555553
00555653
00545554
00555552
00555552
00555552
00555552
00545552
00555554
00565553
00565553
00555654
00555552
00545651
00545651
00555552
00555554
00555653
00555653
00535550
00545551
00535550
00535450
00535550
0052544f
0051524e
0051514e
0050504c
00504f4d
00414240
0050524e
0050504c
0051514e
004e4e4d
004a4a48
00403b3b
000f0f0f
000e0c0c
000c090a
000d0b0b
000e0c0c
00100d0e
00121111
00130f11
00333735
003b3d3a
003d3f3d
00404240
00434542
00474745
00494947
00484947
00474947
00464947
00494b48
004b4d49
004d4f4c
004f4f4d
004f4f4c
004f514c
0050514c
004e514c
004f514c
004f514c
0051514d
0051514d
004f514c
004f514c
0050514d
0051524d
0053534d
00565650
00565751
00575852
00585953
00474b46
00474b46
00464a45
00464a45
00464a45
00464a45
00474946
00484945
00464946
00454846
00444745
00444745
00474745
00444745
00444745
00434644
00434644
00434643
00424542
00414442
00404341
003f413e
003d3e3c
00323937
001c201d
000b0a09
000b0908
00140b0c
003c3c3c
0040403e
0042413f
0040403e
00434341
00454543
00474845
00484846
00484947
00494b46
004b4b47
004a4c47
004b4c48
004a4c4b
004b4c4b
004b4d48
004b4c49
004c4d4b
004d4d4b
004c4e4b
004c4d4b
004c4d4b
004b4d4a
00474c4a
001a2246
00192146
001a2145
001a2245
001c2446
00212647
00212745
00202843
001d2744
001d2444
001e2345
001e2145
001b2044
001c1d3c
0017182d
00151122
000d0f28
00131b45
00151b45
00141b46
00131a45
00141943
002c2032
00110f1e
00312939
00434444
00070814
0017162b
00252232
002c2c31
00323134
00383738
003b3b3c
003d3d3d
003f3f3f
00414141
00434343
00444444
00454545
00464645
00464644
00464745
00474846
00484846
00484947
00494947
00484947
00484947
004a4b49
004a4a48
00494a48
004a4b49
004b4b49
004c4c4a
004c4d4b
004d4d4b
004c4d4b
004d4d4b
004c4d4b
004d4d4b
004d4d4b
004d4d4b
004d4d4b
004d4d4b
004c4d4b
004e4e4c
004e4e4c
004e4e4c
004e4e4c
004e4e4c
004e4e4c
004e4f4d
004e4f4d
004f4f4d
004f4f4d
004f4f4d
004f4f4d
004f4f4d
004f4f4d
004f4f4d
004f4f4d
0050504e
0050504e
0050504e
004f504e
0050504e
004f504e
0051514f
0050514f
0050524d
0051514d
0051514f
0051514f
0051514d
0051514d
0051514e
0051514f
0050514f
0051514e
0051524f
0051514e
0051524f
0051514f
00525250
00525250
00525250
00525250
00525250
00525250
00515250
00525351
00525351
00525351
00525351
00535351
00525250
00535351
00535351
00535351
00535451
00535451
00535451
00545452
00535452
00545452
00545452
00545553
00555553
00555553
00545651
00545651
00545554
00545553
00555552
00555552
00555552
00545552
00555553
00555551
00555551
00555552
00545554
00545651
00545651
00545552
00555553
00545552
00545552
00535551
00535550
00535550
0053554f
00535550
0052544f
0051534e
0051524e
0051514d
004f514e
00504e4b
0042423f
004d4f4b
004d4e4b
004d4d4b
004a4a48
003f3837
00110e0f
000e0b0c
000d090a
000d0909
000f0b0c
00110d0e
00191919
00222020
00323732
003b3b39
003d3e3c
003f3f3c
00494c49
00484d48
00474945
00484947
00474947
00474947
00474947
00484b48
004b4d4a
004e4f4c
004e4f4c
004e504b
0052514d
0050504c
004f514c
004f514c
0051514d
0050504c
004f504c
004f514c
004f514c
0051524d
0052534e
0055554f
00565751
00575852
00575852
00484c47
00474b46
00464a45
00464a45
00464a45
00464a45
00464a46
00464a45
00454945
00454846
00444745
00444745
00464745
00444745
00444744
00434644
00434644
00434643
00424542
00434643
00404441
003f413f
003c3e3b
00323837
000d0a0b
00100b0c
001c1a1a
00140b0b
003b3d3a
003f413e
00424240
003f413f
00424241
00454643
00474944
00484946
00494a48
004a4b48
004b4b47
004a4c47
004b4d48
004c4c4a
004c4c4a
004c4c4a
004c4d4b
004b4d4b
004b4d4a
004a4d4b
004b4d4b
004c4c4a
004c4c4a
00494c4a
001b2247
00192145
001a2143
001f2443
00242941
0020273d
001b1c2e
00141121
00040609
00030302
001a171d
002f2c2b
00453835
00524547
004f4a46
00594e4d
00494a50
00151c46
00141b47
00141a45
00141a45
00151b43
003f3745
00121118
00524d52
003f4340
002d2e37
0018172a
00221d2f
002d2b30
00303033
00373737
003b3b3b
003d3d3d
003f3f3f
00404040
00414241
00434342
00434443
00454543
00454644
00464644
00474745
00474745
00484846
00484947
00494947
00494947
00484947
00484947
00494a47
004a4a48
004a4a48
004a4b49
004a4b49
004b4c4a
004c4c4a
004c4c4a
004c4c4a
004d4d4b
004d4e4c
004d4e4c
004e4e4c
004e4f4d
004e4e4c
004e4e4c
004e4f4d
004e4e4c
004e4e4c
004f4f4d
004e4f4d
004f4f4d
004e4f4d
004f4f4d
004f4f4d
004e4f4d
004f4f4d
004f4f4d
004f4f4d
004f4f4d
004f4f4d
004f4f4d
004f504e
004f504e
004f504e
0050514f
0050504e
0050504e
0050514f
0050514d
0051514e
0051514f
0051514f
0050514e
0050514e
0051514f
0051514f
00505150
0051514e
0051524e
0051514e
0051514f
0051514f
00515250
00515250
00525250
00525250
00525250
00525250
00525250
00525250
00525250
00525351
00535351
00535351
00525351
00535351
00535351
00525351
0052544f
00525450
00535452
00545452
00545452
00535452
00545452
00555553
00545552
00545552
00545651
00545651
00555553
00555553
00555553
00555553
00555553
00555552
00555552
00555551
00555551
00555552
00545554
00545651
00555651
00555552
00555552
00545553
00545553
00535552
00535550
00535450
0052544f
0052544f
00535450
0052534f
0052534f
0051514d
0050504d
004e4f4c
004d4f4a
00494747
00494b49
004b4c4a
00494946
00413939
00100d0e
000e0b0b
000c0909
000b0809
000d0a0b
00100d0d
001f2121
00282a28
00343631
00373836
00454444
00030101
00090404
00080201
00353936
00464a45
00474a48
00494a48
00484a47
00474b48
00484a48
004c4e4b
004e504b
004f504c
004f514c
004e514c
004f514c
004f514c
004f514c
004f514c
004f514c
004f514c
004f514c
0050524d
0051534e
0053534e
00565750
00575852
00575852
00474b46
00474b46
00474b46
00464a45
00464a45
00464a45
00474946
00484a45
00474944
00454846
00444745
00444745
00454745
00474745
00474745
00444744
00444745
00434643
00424542
00424643
00404441
0040413f
003b3e3c
00111412
000c0b0b
00100c0c
001b1a19
001c1313
003d3d3b
003f413f
00424240
003f4240
00434241
00464643
00474944
00484a46
004a4b48
004a4b48
004b4b47
004b4d48
004c4c49
004c4c4b
004c4c4b
004c4d49
004d4e4a
004b4d4b
004b4d4b
004a4d4b
004b4d4a
004b4d4b
00494c49
00464c48
00192248
001b2045
001b173e
00241b29
00605b5e
00231f1f
00271d1c
00363437
00454a45
00414541
00434a43
003f443e
0032201c
004b484b
001b1312
001c0c08
000d0c0b
00141945
00131b47
00131a45
00141a45
00141946
00342a3b
0017111e
00424141
00130e16
00434854
0019182a
001f192d
002d2b30
00303033
00363636
003a3a3a
003d3d3d
003e3e3e
00404040
00424241
00434342
00434443
00454543
00454543
00464644
00474745
00474745
00474846
00474846
00494947
00494947
00494947
00494947
00494947
004a4a48
004a4a48
004b4b49
004b4b49
004b4b49
004b4b49
004b4c4a
004b4c4a
004b4c4a
004c4c4a
004d4d4b
004d4d4b
004d4d4b
004d4d4b
004d4e4c
004f504e
004f4f4d
004e4e4c
004e4f4d
004f4f4d
004f4f4d
004e4f4d
004f4f4d
004f4f4d
004e4f4d
004f4f4d
004f4f4d
004f4f4d
004f4f4d
004f4f4d
004e4f4d
004f4f4d
004f504e
004f504e
004f4f4d
0050504e
0050504e
0050504e
0050514e
0052514f
0050504e
0051514f
00505150
00505150
0051514f
0051514f
00505150
0051514e
0050514e
0051514e
0050514f
00515250
0050514f
00515250
00525250
00525250
00525250
00525250
00525250
00525250
00525250
00525250
00525351
00535351
00535351
00535351
00525351
00535351
00545351
00545351
00535452
00545452
00545452
00535452
00545452
00545452
00545554
00545554
00545552
00555653
00555553
00555553
00555553
00555553
00555553
00555552
00555552
00555552
00555553
00555552
00545554
00535451
00555651
00555551
00555551
00545551
00535550
00515551
00545452
00545451
00555452
00545451
0052544f
0052534f
0051534e
0051514d
0050504e
00504f4d
004f4e4c
004e4d4b
004a4b49
00404240
00474743
00443e3d
00110e0e
000e0b0b
000b0909
000d0b0b
000d0b0c
000f0d0d
002a2d2c
00262926
003a3d3a
000b0a09
000d0a0a
002b2a2a
004b4b4b
004b4646
00140d0e
00272b26
00464a46
004b4b49
00494b48
004a4c49
00484a48
00474a47
004c4d4a
004f4f4c
004e504b
004f514c
004f514c
0050524d
004f514c
004f514c
004f514c
004f514c
004f514c
0050524d
0050514e
0051534e
00555650
00575852
00575852
00484c47
00474b46
00474b46
00474a45
00474a45
00484a45
00494945
00464944
00454944
00454846
00454845
00444745
00464745
00444745
00444744
00434644
00434644
00444744
00424643
00414542
00414441
0040423f
003c3e3c
00212826
00100b0c
00100b0c
00100c0c
00413938
003e3f3d
00414240
00414341
0040423f
00424342
00464744
00484a45
00494b46
00494b46
004a4c47
004a4c47
004a4c47
004c4c4a
004c4c4a
004c4c4a
004d4d4a
004d4d4a
004d4d4b
004d4d4b
004b4d4b
004b4d4a
004c4c4a
004a4c4a
00484c4b
00192147
001f2045
00494e50
00281c27
004a4746
00201b19
003f322e
003a3837
00454c46
00424641
0045433e
00424640
003e2722
00464748
00473e3a
0039271f
003d3c3b
00141c47
00151a47
00141b46
00141a46
00141a46
002a203a
00161118
00434244
001e112d
00373d46
001a1827
001c162f
002c2b2f
00303133
00373638
003a3a3b
003d3d3d
003f3f3f
00414141
00424242
00434343
00444442
00454543
00454644
00464644
00474745
00474745
00474846
00484846
00484947
00494947
00494947
00494947
00494a48
00494a48
004a4b49
004b4b49
004b4b49
004b4b49
004b4b49
004c4c4a
004c4c4a
004c4c4a
004c4c4a
004c4c4a
004c4d4b
004d4d4b
004d4d4b
004d4d4b
004c4d4b
004e4e4c
004d4d4b
004e4e4c
004e4f4d
004f4f4d
004e4f4d
004f4f4d
004f4f4d
004f4f4d
004e4f4d
004f4f4d
004f4f4d
004e4f4d
004f4f4d
004e4f4d
004e4f4d
004f4f4d
004f4f4d
004f4f4d
004f504e
004f4f4d
004f504e
004f4f4d
0050504c
0050504c
0050504c
0050514f
0050514f
0050504e
0050514f
0050514f
0051514f
0051514f
0051514f
0051514f
0051514f
0051514f
0051514f
0050514f
0051514f
00515250
00525250
00525250
00525351
00525351
00525250
00525351
00525351
00525351
00535351
00535351
00535351
00535351
00535351
00535351
00545452
00535452
00535452
00545452
00545452
00545553
00555553
00555553
00555553
00545551
00545651
00555553
00565654
00545553
00545552
00545652
00555553
00555553
00545651
00555553
00545553
00545451
00545450
00555452
00545451
00535450
00525453
00525451
00535450
00535450
00535450
0052544f
0051534e
0051534e
0050524d
004f514c
004f514c
004e4e4b
004c4d4c
004b4c4a
00494947
00383634
00433f3f
00120d0e
000f0c0d
000e0b0b
000e0b0b
000e0b0b
000f0e0e
001a1919
00030101
000a0606
00070405
00494948
003f4240
00434442
00454543
00464344
00160e10
003e4641
004a4b4a
004b4c49
004c4c4a
004a4b49
00474a48
00494b48
004f4e4c
004e504b
004f514c
0050514d
0050524d
004f514c
004f514c
0050514d
0050524d
0050514d
0050524d
0051514e
0051534e
0054554f
00575852
00585953
00484c47
00474b46
00474b46
00474a45
00484a45
00484946
00484946
00474945
00454945
00454846
00454845
00444745
00464745
00474745
00474745
00464745
00464644
00464644
00454543
00434543
00414441
00404240
003d3f3d
00333936
00130d0d
00100c0d
00150a0c
003d3b39
003f403e
00424240
00434442
00434341
00434342
00474745
00494a46
00494b46
00494b46
004a4c47
004a4c47
004a4c47
004c4c49
004c4c4a
004c4c4a
004d4d4a
004d4d4a
004d4d4b
004d4d4b
004c4d4b
004b4d4a
004b4c4a
004b4d4a
004a4d4c
00161e42
001e1f47
00181024
00201a2a
00484744
003b3a31
0020130d
00464240
00434b45
001c1413
001c0f0c
00434640
0030221f
004b4a4a
004a4642
001e0e09
00212322
00131941
00161b44
00141a45
00151a46
00141a46
002a1e3a
00181418
00414140
001d1632
00141526
001a1825
001b182e
002e2b2f
00323133
00373536
003b3a3a
003d3d3d
003f3f3f
00414141
00424242
00444444
00444443
00454543
00454644
00464644
00474745
00474745
00474846
00484846
00494947
00484947
00494a48
00494947
004a4a48
004a4a48
004a4b49
004b4b49
004b4b49
004b4c4a
004b4c4a
004c4c4a
004c4c4a
004c4c4a
004c4c4a
004c4c4a
004c4d4b
004b4c4a
004c4d4b
004d4d4b
004d4d4b
004d4e4c
004d4d4b
004d4e4c
004e4f4d
004e4e4c
004e4e4c
004f4f4d
0050504e
0050504e
004f504e
004f504e
004f4f4d
004e4f4d
004e4f4d
004e4f4d
004f504e
004f4f4d
004f4f4d
004f4f4d
004f4f4d
004f4f4d
004f4f4d
004f504e
0050504d
004f504e
004f504e
0050504e
004f504e
0050504e
0050504e
0050514f
0051514f
0050514f
0051514f
0051524f
0051514f
00515150
0051514f
0051514f
0051514f
0050514f
0050514f
00525250
0051514f
0051514f
00515250
00525250
00525250
00525250
00535351
00535351
00535351
00535351
00535351
00535351
00535452
00535452
00535452
00545452
00545452
00545553
00555553
00555553
00555553
00555553
00555553
00545453
00545553
00555653
00555552
00555552
00555553
00555553
00545651
00555553
00555553
00555552
00545452
00545453
00545451
00535450
00555452
00545451
00535450
00535450
00535450
00525350
0051534e
0051534e
0050524d
0050514d
004f514c
004f4f4d
004c4d4b
004c4c4a
00484745
003e3c3c
00383737
00140d0e
000e0c0c
000e0c0c
000e0c0c
000e0b0c
00130e0e
00040403
00141312
003d3b3b
003f3f3e
003f403d
00424441
00454644
00474846
00494946
00464343
00150c0d
0048504c
004a4b4a
004b4b49
004a4c49
00484b49
00494c4a
004a4d4a
004d4f4c
004e504c
0050514d
0050524d
0050514d
004f514c
0050514d
0050514d
0050524d
0050524d
0051514e
0051534e
0052534d
00565751
00585953
00484c47
00484c47
00474b46
00474a45
00494a46
00494946
00484948
00474845
00454945
00454945
00464847
00454845
00464745
00474745
00464745
00464745
00464644
00454644
00454543
00444543
00434542
00414340
003d403d
003a3b38
00292524
002c2c2c
00423d3d
003f3f3d
00424240
00434442
00444543
00444442
00444543
00494a48
00494a47
00494b46
004a4b47
004a4c47
004a4c47
004b4c48
004c4c49
004c4c4a
004c4c4a
004c4c4a
004c4c49
004d4d4a
004d4d4a
004c4d4b
004c4d4b
004b4c4a
004b4c4a
004a4c4b
000d1536
001a2045
0050515d
00291e2c
001f1911
0027241a
002b271f
002b2922
0022261f
00272125
00221516
00454a44
00484c48
00474c48
002c3525
00333827
002e382b
00131941
00151b44
00141a45
00141a46
00141946
00291e3b
00201a1a
00454647
00181433
001f1837
00191523
0018162b
002e2a2e
00313033
00373637
003c3b3b
003e3d3d
003f3f3f
00414141
00424242
00444444
00444444
00454543
00464644
00464745
00474846
00484846
00484846
00484947
00494947
004a4a48
004a4a48
004a4a48
00494a48
004a4b49
004b4b49
004b4b49
004b4c4a
004c4c4a
004c4c4a
004c4c4a
004c4c4a
004c4c4a
004c4c4a
004c4c4a
004c4c4a
004c4c4a
004d4d4b
004d4d4b
004d4e4c
004d4e4c
004d4e4c
004e4e4c
004e4e4c
004e4e4c
004e4e4c
004d4e4c
004e4e4c
004e4e4c
004d4f4c
004d4f4d
004f504e
0050504e
0050504e
004f504e
004f504e
004f4f4d
004f4f4d
004f4f4d
004e4f4d
004f4f4d
004f4f4d
004f4f4d
0050504e
0050504e
004f504e
004f504e
0050504e
0050504e
0050504e
0050504e
0051514f
00515150
0050514e
0051514d
0051514f
0050504f
0051514f
0051514f
0051514f
0051514f
0051514f
0051514f
0051514f
0051514f
0050514f
00515250
00525250
00525250
00525250
00525351
00525250
00535452
00535351
00535351
00535351
00535351
00535452
00545452
00535452
00545452
00545452
00545553
00555553
00555553
00555553
00555553
00555554
00555553
00555552
00555552
00555552
00555454
00545451
00555552
00545553
00545553
00555553
00545452
00545451
00535550
00545451
00545451
00535550
0052544f
00535451
00515351
0051544f
0051524e
0050514d
0050514d
004f514c
004f4f4c
004e4e4a
004d4c49
00484746
003f3e3d
00363938
00160f10
000f0e0e
000f0c0d
000e0c0c
000f0c0d
0013100f
002c2f2d
00353735
003a3b39
003f3f3d
00424240
00434543
00464845
004a4a47
004b4b49
004a4947
00453f3f
00090a07
00484e4a
004c4b4a
00494b49
00494c4a
00494c4a
004a4d4a
004a4d4a
004c504b
004f514c
0050524d
0050524d
0050514d
004f514c
0050524d
0050524d
0050524d
0051514e
0051534e
0053544e
00555650
00585953
00484b46
00474b46
00484b46
00484a45
00494945
00494946
00474846
00464945
00454945
00454846
00454946
00444745
00464745
00464745
00474745
00464745
00464644
00454644
00434543
00424543
00434442
00434241
0040413f
003f3f3c
003f3e3c
003c3f3b
003f403d
00434241
00444442
00454543
00454543
00454543
00454543
00494a48
004a4a48
004a4b47
004a4b47
004b4c48
004a4c47
004b4c47
004c4c4a
004c4c4a
004c4c4a
004c4c4a
004c4c4a
004c4c4a
004d4e49
004c4d4b
004c4c4a
004c4c4a
004c4d4b
004b4b4a
000c1630
001c2045
00332b39
001f192b
00403f33
00423f34
00444136
00444337
00414239
0037343e
00222128
00484c47
00464c47
00454b46
002a3a27
002c3924
00273825
00151943
00131b44
00131a45
00141a45
00141946
00221a36
00271d1a
003d3d4b
001e1432
00363340
00191422
001b182f
002c2b2d
00303131
00363737
003c3b3b
003f3d3e
00404040
00414241
00434343
00444544
00444544
00464643
00464644
00474745
00484846
00484846
00484947
00494947
00494947
004a4a48
004a4a48
004a4a48
004b4b49
004b4b49
004a4b49
004c4c4a
004c4c4a
004c4c4a
004c4d4b
004c4c4a
004c4c4a
004c4d4b
004c4d4b
004c4d4b
004d4d4b
004b4c4a
004c4d4b
004d4e4c
004e4e4c
004e4e4c
004e4e4c
004e4e4c
004e4e4c
004e4f4d
004f4f4d
004f4f4d
004f4f4d
004e4e4c
004e4e4c
004e4e4c
004e4e4c
004e4e4c
004f504e
004f4f4d
0050504e
0050514f
0050504e
004f504e
004e4f4d
0050504d
004f4f4d
004f504e
0050504e
004f504e
004f4f4d
004f504e
004f504e
004f504c
0051514f
0050504d
0050504e
004f4f4e
0051514f
0050504e
0050504e
0050504f
0050514f
0050504e
0050514e
0051514f
0051514f
0051514f
0051514f
0051514f
0051514f
0051514f
0051514f
00525250
00525250
00525250
00525250
00535351
00535351
00525351
00535351
00535351
00535351
00545452
00545452
00545452
00545553
00555553
00555553
00545553
00545451
00545550
00545551
00545551
00565653
00565653
00555552
00555551
00545551
00545551
00535452
00535452
00535552
00545451
00545452
00545452
00535452
00545452
00535450
00535450
00525351
00535351
0051524e
00525250
0051524f
0050504d
004f4f4c
004f4f4a
004d4d4a
004d4c4a
00474745
003f3e3d
00373a3a
00130d0e
000e0d0d
00100e0e
000f0d0d
000f0d0d
00121110
0031312f
00383735
003c3c3b
0041413f
00444442
00464644
00484846
004a4b49
004b4c4a
004b4c4a
00494a48
00403638
000d1310
004a4c48
004b4c4a
004a4b49
004a4d4b
004c4d4b
004c4d4b
004c4d4b
004e504d
004f514c
0050524d
0050524d
004f514c
0050514d
0050524d
0050524d
0051514e
0052534e
0052544e
0054554f
00565852
00494b46
00484b46
00494b46
00484a45
00494945
00474946
00464845
00454945
00454945
00474846
00464846
00444745
00464745
00454745
00474745
00464745
00464644
00464644
00444643
00424543
00434542
00434342
00424240
0040413e
0040403e
0041423e
00444441
00434443
00444543
00454543
00464745
00454543
00454543
00494947
004a4b48
004a4b47
004a4b47
004a4b47
004a4c47
004b4c48
004c4c49
004c4c4a
004c4c4a
004c4c4a
004c4c4a
004a4d48
004b4d4a
004c4d4b
004c4d4b
004c4d4b
004c4c4a
004b4b4a
000f1a31
001c2044
00191229
00251c30
00424334
00434036
00444135
00434236
00414238
002e2b30
0040373e
00484c46
00484c45
00444a45
002c331f
00242a14
001f2b13
00171b3e
00121945
00141a45
00131a45
00121944
0027213e
00281f1b
001a0e28
00534f54
004c4e50
00171420
0018152d
002d2b2d
00323031
00373737
003c3b3b
00403d3e
00414040
0041413f
00434442
00444443
00444543
00464543
00464644
00474745
00474846
00484846
00494947
00494947
00494947
004a4a48
00494a48
004a4b49
004b4b49
004b4b49
004b4c4a
004c4c4a
004c4c4a
004c4c4a
004c4d4b
004c4c4a
004c4c4a
004d4d4b
004d4d4b
004d4d4b
004d4d4b
004c4d4b
004c4d4b
004e4e4c
004e4e4c
004e4e4c
004e4e4c
004e4e4c
004e4f4d
004e4f4d
004f4f4d
004f4f4d
004f4f4d
004f4f4d
004f4f4d
004f4f4d
004f504e
004f4f4d
004e4f4d
004f4f4d
004e4f4d
004e4f4d
004f4f4d
004f4f4d
004f4f4d
0050504f
0050504f
0050504e
0050504e
0050504f
0050504f
0050504e
0050504e
004e4f4c
004e4f4c
0050504d
004f504e
004f504e
0050504e
0050504e
0050504e
0050504e
0050504e
0050504e
0050504e
004f504e
0050514f
0051514f
0051514f
00525250
00515250
00515250
00525250
00525250
00515250
00525250
00525250
00525250
00525250
00535351
00525351
00535351
00535351
00535452
00545452
00545452
00545553
00555553
00555553
00555553
00555552
00545551
00545551
00535451
00545451
00555552
00545651
00545651
00535550
00545651
00545651
00545452
00545452
00545451
00535451
00535451
00535452
00535452
00535451
0052544f
00525351
00535350
0051534e
0051524f
0050514e
0050504e
004f4f4d
004d4f4a
004c4d4b
004b4c4a
00474745
00413f3d
003a3a39
00130d0e
000f0d0d
00100d0e
00100d0e
000e0d0d
000d0e0d
00343430
00393936
003d3d3c
00424240
00444543
00474745
00494a48
004b4c4a
004d4d4a
004b4c4b
004b4c4b
004b4948
002f2124
00343935
00494b48
004c4b4b
004a4d4b
004d4d4b
004d4d4b
004d4d4b
004c4e4b
004f514c
0050524d
0050524d
0050514d
004f514c
0050524d
0050524d
0051524d
0052534d
0052534d
0054554f
00565751
00484c47
00474b46
00484b46
00474a45
00484a45
00484a45
00474844
00464845
00464846
00464846
00454846
00454845
00474846
00454744
00464745
00474745
00484846
00464644
00444643
00424543
00414442
00424443
00424341
0041423f
00424240
00424340
00444442
00454543
00444543
00454543
00444644
00454644
00444544
00484846
00494a46
00494b46
004a4c47
004b4c49
004b4b47
004c4d49
004c4c49
004c4c4a
004c4c4a
004c4d4a
004d4d4a
004c4d4b
004c4d4a
004d4d4b
004d4d4b
004d4d4b
004c4c4a
004d4c4c
00182337
001a1e46
004d4952
00221f36
00404335
00434036
00424034
00434236
0046443a
0045484a
003f333d
00434943
00484c43
00323124
003f4237
00494d45
00494d43
00151940
00151a46
00141a45
00141a45
00131945
00201b3d
002a221d
004f4a4e
00424242
004c4e4f
0017111e
0019172d
002d2a2d
00323031
00373636
003c3b3b
003f3d3e
00423f40
00424141
00424341
00434443
00444443
00444543
00464644
00474745
00484846
00484846
00484947
00494947
00494947
004a4a48
00494a49
004a4a48
004b4b49
004b4b49
004b4c4a
004b4c4a
004c4c4a
004c4c4a
004c4c4a
004c4c4a
004d4d4b
004d4e4c
004c4d4b
004d4d4b
004c4d4b
004d4d4b
004d4d4b
004e4e4c
004e4e4c
004e4f4d
004e4f4d
004e4e4c
004f4f4d
004f4f4d
004f4f4d
004f4f4d
004f4f4d
004e4f4d
004f4f4d
004f4f4d
004f504e
004f4f4d
004f4f4d
004f4f4d
004f504e
004f4f4d
004f4f4d
004f4f4d
0050504e
0050504e
004e4f4d
004f504e
0050514f
004f514c
0050514d
0050504e
004f504e
0050504e
0050514e
0050514e
004f504e
004f4f4d
004f4f4d
004f4f4d
0050504e
004f4f4d
004f504e
004f4f4c
0050514f
004f504e
0050504e
0050504e
0051514f
0051514f
00525250
00525250
00525351
00525351
00525250
00525250
00525250
00525250
00525250
00525351
00525351
00535452
00535351
00535452
00545452
00535452
00545452
00545553
00555553
00555553
00555552
00545651
00545552
00555653
00555552
00535550
00545551
00545552
00545651
00535550
00535550
00535451
00545452
00535550
00535450
00535550
00525452
00515351
00545552
00535451
00535451
00535350
0051534e
0052524e
0051514d
0050504c
004f4f4b
004e4e4c
004c4c4b
004b4b48
00474745
00434340
003b3d3b
00352f2f
00110c0c
000f0c0d
000f0d0d
00100d0e
001a1b1a
00343431
003a3a38
003f403e
00414341
00454644
00484947
00494a47
004b4d48
004e4e4b
004c4d4a
004c4d4a
004b4c47
004a4747
00100b0b
004b534d
004e4e4c
004b4d4b
004d4d4b
004d4e4c
004d4e4c
004b4d4a
004e4f4c
0050514d
0050524d
0050524d
0050524d
0050524d
0050514d
0051524d
0052534d
0052544e
0052544e
00545650
00484b46
00494c47
00494a46
00474945
00484a45
00484945
00474844
00464944
00464846
00454846
00454846
00464846
00474846
00454744
00454745
00474745
00474745
00464644
00444644
00424543
00424542
00414443
00424441
00414340
00434341
00434442
00444543
00454543
00454543
00464644
00454744
00454644
00444544
00484946
004a4c47
004b4c48
004b4c49
004b4c4a
004c4c48
004c4c4a
004c4c4a
004c4c4a
004c4d4b
004c4c4b
004d4d4a
004d4d4a
004d4d4b
004d4d4b
004d4d4b
004d4d4b
004d4e4c
004e4d4c
0034404f
001b2046
00272333
00231f39
003e4437
003e4237
00404437
00434236
00424137
00373338
00362e3e
003b3532
00312510
00392912
0034250f
00342610
002c2712
001a1f43
00151946
00141a45
00141a45
00131943
001d1a3d
0028201c
00585458
003d4140
00070615
0017111e
0017152a
002d2a2c
00322f30
00373535
003c3b3b
003e3d3d
00413f3f
00424041
00424240
00434342
00444443
00444544
00464644
00474745
00474846
00484846
00484846
00494947
00494a47
004a4a48
00494a49
004b4b48
004b4b49
004b4b49
004b4b49
004b4c4a
004c4c4a
004c4c4a
004c4c4a
004c4c4a
004c4d4b
004c4d4b
004d4d4b
004d4d4b
004d4d4b
004d4d4b
004d4d4b
004d4e4c
004e4e4c
004e4e4c
004e4e4c
004e4e4c
004f4f4d
004f4f4d
004f4f4d
004f4f4d
004f4f4d
004e4f4d
004f4f4d
004f4f4d
004f4f4d
004f4f4d
004f4f4d
0050504e
004f504e
004f4f4d
004f4f4d
004f4f4d
0050504e
004f504e
004f4f4d
0050504e
0050514f
0050504d
0050504d
0050504e
0050504e
0050504e
0050504e
0050504e
0050504e
0050504e
004f4f4d
004f4f4d
004f504e
004f4f4d
004f4f4d
004f4f4b
0050514f
004f504e
0050504e
0050504e
0050514f
0051514f
00515250
00515250
00515250
00515250
00525250
00525250
00525250
00525250
00525250
00525250
00525250
00525351
00535351
00535452
00535452
00535452
00545452
00545452
00545553
00555552
00555552
00545651
00545552
00555654
00565653
00535550
00535550
00535450
00545651
00535550
00535550
00535550
00545451
00535550
00535450
00535550
00525451
00525451
00545553
00535452
00535351
00535350
0051534e
0052524f
0051514e
004f504d
004e4f4c
004e4e4c
004c4d4b
004b4b48
00464746
00434341
003d3f3c
003c3c3c
0010090a
00100d0d
000f0c0c
00110e0e
00282928
00353634
003a3b39
0040413f
00434542
00464745
004a4947
004b4b48
004c4d49
004d4d4b
004c4e49
004d4e4a
004e4d49
004d4d4a
00474040
0012100f
00474a47
004b4d4a
004c4e4c
004d4d4b
004e4e4c
004c4e4c
004d4d4b
004e504b
0050514d
0050524d
0050524d
0050524d
0050514d
0052534d
0052534d
0054544e
0054544e
0055554f
00484b46
00484b46
00484b46
00474a45
00484a45
00474945
00464944
00464845
00474847
00454846
00454846
00454845
00484846
00464843
00474745
00474745
00464745
00444644
00444644
00434543
00424543
00424543
00444442
00444442
00434442
00444543
00454543
00454644
00464644
00464644
00474745
00444643
00474644
00494946
004a4c47
004b4d47
004b4d47
004b4c48
004b4d48
004c4d49
004c4c48
004c4c4a
004d4d4b
004d4d4b
004d4d4b
004c4e49
004c4e4a
004c4d4b
004c4d4b
004d4d4b
004d4d4b
004b4c4b
00455054
001b1f48
003f4054
0016192b
003b4132
003e4236
00404337
00434236
00424036
003e373f
00312f3b
00403d42
00392914
00372713
00362713
00362713
00332613
001c2043
00141948
00131a45
00121943
00141845
001a183f
0026211f
00595155
00090918
00181034
0017111e
00161328
002c2a2a
00312e2f
00373435
003b393a
003d3c3c
003f3f3d
0041403e
00414240
00424241
00444444
00444444
00454644
00464745
00474745
00484846
00484947
00484947
00494a48
004a4a48
004a4a48
004a4a48
004b4b49
004b4b49
004b4b49
004c4d4b
004c4c4a
004c4c4a
004c4c4a
004c4c4a
004c4d4b
004c4c4a
004c4c4a
004d4d4b
004d4d4b
004d4d4b
004d4d4b
004d4d4b
004e4e4c
004e4e4c
004e4e4c
004e4e4c
004d4e4c
004f504e
004e4f4d
004e4f4d
004f4f4d
004f4f4d
004f4f4d
004f4f4d
004f4f4d
004f4f4d
004f4f4d
004f4f4d
004f4f4d
004f4f4d
004f4f4d
004f4f4d
004f4f4d
004f4f4d
004f504e
004f504c
004f514d
00504f4f
0050504d
0050504d
004f504f
0050504d
0050504c
004f504e
0050504e
004f504e
004f4f4d
004f504e
004f4f4d
004f4f4d
004f4f4d
004f504e
004f4f4d
004f4f4d
0050504e
0050504e
0050504e
0050514f
0050514f
0050514f
00515250
0051514f
0051514f
00525250
00525250
00525250
00525250
00525250
00525351
00535351
00535351
00535351
00535351
00535452
00545452
00545550
00555552
00545551
00555652
00545651
00545651
00555553
00555553
00555553
00565553
00545651
00545651
00545651
00535550
00535550
00535450
00535550
00545450
00555552
0052544f
00535550
00535450
00535450
00525450
0052534f
0051534f
00515251
00505150
0050514e
004f504d
004f4f4c
004d4d49
004a4b49
00464745
0041413f
003f3f3d
003b3d3d
000e0b0b
000f0c0c
000e0c0d
00120f10
002f322f
00373734
003c3c3a
003f413f
00434543
00454745
00494947
004b4c4a
004d4d4a
004d4e4a
004d4d4a
004d4f4a
004d4e4a
004c4e4a
004b4b47
00352d2f
003e4341
004c4d4a
00494d4a
004e4e4c
004b4e4d
004d4f4c
00504e4c
004e4e4b
0050504d
0051524e
0050524d
0050524d
0050514d
0052524e
0052534d
0054544e
0053544e
0053544e
00494b46
00494b46
00494b46
00464a45
00464a45
00474a45
00464944
00464845
00474847
00464846
00454846
00464845
00484846
00464843
00474845
00474745
00464745
00444644
00444644
00434543
00424543
00434543
00444543
00444442
00454543
00454543
00454644
00464644
00464644
00464644
00474745
00454744
00464644
00494a47
004c4b49
004b4c4a
004c4c49
004c4d49
004c4e49
004c4d49
004d4d4a
004c4d4b
004d4d4b
004c4d4a
004c4d4a
004c4e49
004c4e49
004d4d4b
004c4d4b
004d4d4b
004c4c4a
004b4d48
00444e51
00191e45
0018173d
001d1c3e
003a4033
003e4233
00404437
00434135
00413e37
003c3041
00453b48
00312c3a
00352612
00362713
00352612
00352611
00332312
001c1e3f
00131846
00121944
00121943
00131843
0019193e
0027211b
003c353c
000c0929
00181134
0017111e
001a172d
002c292a
00312e2f
00363434
003a3938
003d3c3b
003e3e3c
00403f3d
0040413f
00414241
00424340
00434441
00454543
00464644
00474745
00474846
00484846
00484846
00494947
00494a48
004a4a48
00494a48
00494a47
004a4b48
004a4b48
004b4c4a
004c4c4a
004c4c4a
004c4c4a
004c4c4a
004c4c4a
004c4c4a
004c4c4a
004c4d4b
004d4d4b
004d4d4b
004d4d4b
004d4d4b
004e4e4c
004e4e4c
004e4e4c
004e4e4c
004e4e4c
004e4f4d
004e4f4d
004e4f4d
004f4f4d
004f4f4d
004e4f4d
004f4f4d
004f4f4d
004f4f4d
004f4f4d
004f4f4d
004f4f4d
004f4f4d
004f4f4d
004f4f4d
004f4f4d
004f4f4d
004f504e
0050504e
0050504e
0050504d
0050504c
0050504d
004f504e
004f504d
004f514c
0050504e
0050504e
004f4f4d
004f504e
004f4f4d
004f4f4d
004f4f4d
004f4f4d
004f504e
004f4f4d
004f4f4d
004f504e
004f4f4d
0050504e
004f504e
0050504e
0050504e
0051514f
0051514f
0051514f
0051514f
0051514f
0051514f
00525250
00525250
00525351
00535351
00525351
00525250
00535351
00535351
00535452
00545451
00555452
00545551
00545552
00545551
00545651
00555553
00555553
00555553
00565653
00545651
00545651
00545551
00545551
00535550
00535450
00535450
00535451
00535451
00535450
00535450
0052544f
00535550
0052544f
0052534f
0051534e
0051524f
0050514e
004f504e
004f514c
004e4f4c
004c4d4a
004a4b49
00464745
0041413f
003e3f3d
00424141
000f0a0b
000e0b0c
000d0b0c
00120f0f
00313431
00383937
003d3e3c
00404240
00444644
00474745
004a4a48
004b4c4a
004d4d4a
004c4e49
004e4e4b
004d4f4a
004d4f4a
004e4f4b
004c4f4a
004d4947
000e0d0c
00464d46
004c4c4c
004d4e4c
004c4e4d
004e4f4d
004f4f4c
004f4f4c
004e4e4b
004f514c
0050524d
0050524d
0050524d
0051514d
0052534d
0054544e
0054544e
0054544e
004c4c48
004a4a46
004a4a46
00484a45
00484a45
00484a46
00464944
00464845
00474847
00474946
00464846
00474845
00474846
00464843
00474744
00474745
00464745
00464644
00454644
00454543
00424542
00434543
00454543
00454543
00454543
00454644
00464644
00464644
00464644
00464644
00454745
00454745
00464644
004a4a48
004c4c49
004b4c49
004c4c48
004c4e49
004c4e49
004c4e49
004d4d4a
004d4d4b
004d4d4b
004c4d49
004c4e49
004d4e4b
004d4e4b
004b4d4b
004d4d4b
004b4d4a
004b4d4a
004a4c4a
00464f51
00181f43
00181e44
001d1e41
00393f32
00394336
003d4336
00434135
00403f37
0034274a
00574c5c
003a3846
00332511
00352612
00352612
00342511
00332311
001a1c39
00121844
00121944
00121944
00141845
001a1941
0029201a
0025222b
000c0a23
00170c28
0018121e
0019162c
002b2929
00302e2e
00353432
003a3937
003d3c3a
003e3e3c
003f3f3d
003f403e
00414140
00424241
00444442
00444543
00464644
00464644
00474846
00484846
00484846
00494947
00494947
00484947
004a4a48
00494a48
004a4b49
004b4b49
004a4b49
004b4b49
004c4c4a
004c4c4a
004c4c4a
004c4c4a
004b4c4a
004c4d4b
004d4d4b
004c4d4b
004d4d4b
004d4d4b
004d4d4b
004d4d4b
004e4e4c
004e4e4c
004d4e4c
004e4f4d
004e4f4d
004f504e
004f4f4d
004f4f4d
004e4f4d
004e4f4d
004e4f4d
004f4f4d
004f4f4d
004f4f4d
004f4f4d
004f4f4d
004f4f4d
004f4f4d
004f4f4d
004d4f4d
004f4f4d
004f4f4d
004f504e
0050504e
0051504e
0051514e
0050504d
0050504e
0050504e
0050514e
0050504e
0050504e
0050504e
0050504e
004f504e
004f4f4d
004f504e
0050504e
004f504e
004f4f4d
004f504e
004e4f4d
0050504e
0050504e
0050504e
0050504e
0050504e
0050514f
0050504e
0050514f
0051514f
0051514f
0050514f
0051514f
00525250
00525351
00535351
00535351
00535351
00535351
00535351
00535452
00545450
00545550
00535550
00545552
00535450
00545551
00555552
00555552
00555552
00555551
00555752
00545651
00545651
00545551
00545551
00535550
00535550
00535451
00535550
00535550
00535550
0052544f
0052544f
0052534f
00525350
00525350
0052524e
0051514d
0051514d
0050504e
004e4f4c
004c4d4b
004a4a48
00464745
00414240
003e3f3d
00423f40
000f0b0c
000b0909
000f0f0f
00080605
00333532
003a3a38
003e3e3c
00424442
00464745
00474845
004a4b48
004c4d4b
004d4e4c
004d4e4b
004d4e4a
004e4f4b
004e504b
004f504c
004f4f4c
004e4d4b
00433e3f
001a221c
004c4e49
004d4d4b
004e4e4c
004f4f4d
004f4f4b
004e504b
004e504b
004e4f4b
0050514d
0050524d
0050524d
0052524e
0052534d
0053544e
0054544e
0055544e
004a4b47
00494b46
00494b46
00484a45
00494945
00484945
00464944
00464845
00474847
00484846
00464846
00484846
00474845
00474844
00484845
00474745
00474745
00464644
00454644
00454543
00444643
00444543
00454543
00454543
00464644
00464644
00464644
00464644
00464644
00464644
00454745
00464845
00474745
004a4a48
004c4c49
004d4e4a
004e4e4a
004d4d4b
004d4d4a
004d4e49
004d4d4b
004d4d4b
004d4d4b
004c4d4b
004d4e4b
004d4d4b
004d4e4c
004b4d4b
004d4d4b
004c4d4b
004a4c4a
004a4d48
00434d4c
00161e45
001a1f44
001c1f44
003d4134
003e4235
003e4337
00414036
003f3d34
00271d45
00281b38
00312e3a
00342612
00352612
00342511
00332311
00322210
0010132c
00131844
00121844
00131944
00141844
00191941
002b1e17
001b1928
00160f20
003c3742
0018131b
0018152c
002c2928
002f2d2d
00343331
00393937
003c3b39
003e3d3b
003d3e3c
003f403e
00414140
00414240
00444341
00444543
00454543
00464644
00474745
00474745
00474846
00484846
00494947
00484846
00494a48
004a4a48
004a4a48
004a4b49
004b4b49
004a4b49
004b4b49
004b4c4a
004c4c4a
004c4c4a
004c4c4a
004d4d4b
004d4e4c
004c4d4b
004d4d4b
004d4d4b
004d4d4b
004d4e4c
004d4e4c
004e4e4c
004e4e4c
004e4e4c
004e4e4c
004e4f4d
004e4e4c
004e4f4d
004e4e4c
004f4f4d
004e4e4c
004e4e4c
004e4e4c
004e4f4d
004e4e4c
004f4f4d
004f4f4d
004f4f4d
004f4f4d
004d504d
004f4f4d
004f4f4d
004f4f4b
004f4f4b
004f4f4c
0050504c
0050504d
0050504d
0050504e
0050504e
0050504e
0050504e
004f504e
004f504e
0050504e
0050504e
0050504e
004f504e
004f4f4d
004f504e
0050504e
004f504e
0050504e
0050504e
0050504e
0050504e
0050504e
0050514f
0050504e
0051514f
0050514f
0050514f
0051514f
0051514f
0051514f
00525250
00525351
00535351
00535351
00535452
00535452
00535452
00545352
00545451
00545450
00545452
00535550
00535550
00555552
00555552
00555552
00555551
00545651
00545651
00545651
00545651
00545551
00535550
00535550
00535550
00535550
00535550
00535550
00545550
00535450
00525351
00535351
00525250
00525250
0051514f
0051504e
0050504d
004e4f4d
004d4d4b
004a4a48
00474745
00424341
003f3f3d
00403b3c
00110c0d
000c0909
00050806
00353634
00373734
003c3c39
003e3f3d
00444543
00474745
00494945
004a4c47
004c4d4b
004e4e4c
004c4d4b
004d4e4a
004e4f4b
004e4f4b
004f504c
004f514c
004f4e4d
004e4c4a
001a1112
00434a44
004d4e4a
004e4f4d
0050504e
004f504c
004e504b
004e4f4b
004e4f4b
004e504b
0050524d
0050524d
0052524e
0052534d
0053534d
0054544e
0054544e
004a4c47
004a4b47
00494b46
00484a45
00484a45
00474945
00454845
00484846
00484846
00464846
00464846
00484845
00484844
00484844
00484844
00464745
00474745
00474745
00464644
00464644
00434643
00464644
00454644
00464644
00464644
00454644
00474745
00464644
00464745
00474745
00474745
00484846
00474745
004a4a48
004c4c49
004d4d4a
004e4d4b
004d4e4c
004d4d4b
004e4e4b
004d4d49
004d4d4b
004d4d4b
004b4d4b
004b4d4b
004d4d4b
004d4d4b
004c4e4b
004c4d4b
004b4d4b
004b4d4b
004b4c4b
00464c4b
00191e44
00191e44
001a1e45
00423a34
003d3e30
003f4031
00424034
003e3f33
00312243
00241942
00312835
00352515
00372412
00352412
00332210
0032210f
00090b1c
00141941
00121944
00121944
00131944
00141941
002d1d18
0019122a
00484548
00383c3b
0019141b
0018172d
002c2828
002f2c2d
00343231
00373735
003c3b39
003d3c3a
003d3d3b
003e403d
0042403f
0041413f
00424341
00434442
00444442
00444543
00464644
00474745
00474846
00484947
00484947
00494947
00494947
00494a48
004a4a48
004a4a48
004b4b49
004b4b49
004b4b49
004b4b49
004b4b49
004c4c4a
004c4c4a
004c4c4a
004c4c4a
004c4c4a
004c4d4b
004d4d4b
004d4d4b
004d4d4b
004d4d4b
004d4d4b
004d4d4b
004d4e4c
004e4e4c
004e4e4c
004e4e4c
004e4e4c
004e4e4c
004e4e4c
004e4e4c
004e4e4c
004e4e4c
004e4e4c
004e4e4c
004d4e4c
004d4d4b
004e4e4c
004e4e4c
004e4e4c
004e4f4d
004f4f4d
004e4f4c
004f4f4b
004e504b
004e504b
004e504b
004f504c
004f514c
004f514c
0050504e
004f4f4d
004f4f4d
004f4f4d
004f4f4d
0050514f
0050504e
004f504e
004f504e
004f504e
004f4f4d
004f504e
0050504e
0050504e
0050504e
0050504e
0050504e
0050504e
0050504e
0050514f
0051514f
0051514f
0051514f
0051514f
0051514f
00525250
00525250
00525351
00535351
00535452
00545452
00545452
00535452
00545452
00545451
00545452
00535451
00535550
00545551
00545552
00555554
00545651
00545651
00545651
00545651
00545651
00545651
00565553
00555553
00545551
00545452
00535550
00535550
00535550
00535550
0052534f
00545351
00525251
0052524f
0050524d
0050514c
0050504d
004e4f4d
004d4e4c
004a4b49
00474745
00434340
003e3f3d
00403c3b
000f0c0b
000d0b0b
00090808
00343834
00383936
003c3c3b
0040413f
00454543
00484845
00494946
004b4b48
004e4d4b
004e4f4c
004d4e4b
004d4f4a
004f4f4d
004f514c
004f514c
004f504c
004f504c
004e4f4b
004e4848
00120a0c
004c524c
004e4f4c
0050504f
0050514d
004e504b
0050504e
004e514d
004d4f4b
004e514c
004f524d
0051524e
0052534e
0052534d
0055544f
0056544e
004b4c48
004a4b46
00494b46
00484a45
00494a46
00484a45
00474845
00474846
00484846
00464846
00474845
00484847
00484846
00474746
00474847
00474745
00474745
00474745
00464644
00464644
00454744
00464644
00464644
00464644
00464644
00454644
00474745
00464644
00464745
00474745
00474745
00474846
00464745
00494a48
004c4c4a
004d4d49
004d4d4b
004c4d4b
004d4d4b
004c4d4a
004c4d4a
004d4d4b
004d4d4b
004b4d4a
004b4d4b
004c4e4b
004c4e4b
004b4d4b
004c4e4b
004b4d4b
004a4c4a
004b4d4c
00454b4b
00192045
00191e43
00191e43
003c3931
003e3c2f
00403e31
00423e34
003d3e30
00342745
00281b49
001e1525
00342315
00352412
0033230f
00332210
00322210
00050614
00131943
00121843
00121944
00131944
00141942
002b1d1b
000d0617
0040413f
00434649
0016111c
0019162b
002a2728
002e2b2c
00343231
00373735
00383b38
00393b39
00393b38
003c3b39
003d3f3c
003f413f
00434240
00434341
00444442
00444543
00454543
00464644
00464745
00474846
00484846
00484846
00494947
00494947
00494a48
004a4a48
004a4b49
004b4b49
004b4b49
004b4b49
004b4b49
004b4c4a
004b4c4a
004c4c4a
004c4c4a
004b4c4a
004c4c4a
004c4c4a
004d4d4b
004d4d4b
004d4d4b
004d4d4b
004d4d4b
004d4e4c
004d4d4b
004d4d4b
004e4e4c
004d4e4c
004e4e4c
004e4e4c
004e4e4c
004e4e4c
004e4e4c
004e4e4c
004d4e4c
004e4e4c
004e4f4d
004d4e4c
004e4e4c
004e4e4c
004d4e4c
004e4f4c
004e4f4c
004e4f4c
004e4f4c
004e4f4c
004e504b
004e4f4c
004e4f4c
004f504d
004f4f4d
004f4f4d
004f4f4d
004f4f4d
004f4f4d
004f4f4d
004f4f4d
004e4f4d
0050504e
004f504e
0050504e
0050504e
0050504e
0050504e
0050504e
0050504e
0050504e
0050504e
0050504e
0051514f
0051514f
0051514f
00525250
00525250
00515250
00525250
00525250
00525250
00535351
00535351
00535452
00545452
00535452
00545452
00545452
00535451
00535550
00535550
00535550
00545652
00555653
00545651
00545651
00545651
00545651
00545651
00545651
00545652
00545652
00545551
00545552
00535550
00535550
00535450
0052544f
0053544f
00535451
00515250
0052524f
0050514d
0050514e
004f504f
004e4f4d
004d4e4c
004b4b49
00494947
00444441
003f403f
003f403e
00130c0d
000e0b0c
000d0b0b
00373c39
003a3a38
003b3c3b
00414240
00454644
00474845
00494947
004c4c4a
004e4e4b
004e4e4a
004e4e4a
004e4f4b
004f504d
004f514c
004f514c
0050514c
0050514d
0050504d
004e4f4c
004b4544
000b0908
00515750
004e4f4b
004f504d
0050504d
0050514e
004f504d
004e4f4b
004d504b
004f524d
0051524e
0052534e
0052534d
0054544e
0054544e
004a4c47
004a4c47
00494b46
00494a46
00484a45
00484a45
00484845
00484846
00484846
00484946
00484845
00484847
00484846
00484846
00474846
00474745
00474745
00464745
00464644
00464644
00464644
00464644
00464644
00464644
00464644
00464644
00474745
00474745
00464644
00474745
00474745
00474846
00474745
00484846
004c4c49
004c4d48
004c4c49
004c4c4a
004c4c4a
004d4d4b
004d4e4c
004d4d4b
004d4e4c
004d4e4c
004d4d4b
004a4d4b
004b4e4b
004b4d4b
004c4e4b
004b4d4b
004b4d4a
004c4c4a
00484c4c
00181e47
00181d42
00191e43
0038342e
003e3a2e
003f3d2f
00413e33
003e3f30
00302442
00281b49
00261633
00352113
00332311
00332210
00322110
00322111
0004050f
00131942
00121842
00111842
00121842
00141942
002b1b17
00130819
003f4444
00120c1e
00160f1e
00161328
00292728
002d2b2b
00322f2f
00343433
00454746
00040403
00040201
00080402
00050300
004a4947
0041403d
00434240
00444341
00444442
00454543
00454543
00464644
00464745
00474745
00484846
00494947
00494947
00494947
00494a48
004b4a48
004b4a48
004b4b49
004a4b49
004b4b49
004b4b49
004b4c4a
004c4c4a
004b4c4a
004c4c4a
004b4c4a
004b4c4a
004c4c4a
004d4d4b
004d4d4b
004c4d4b
004d4d4b
004c4d4b
004d4d4b
004d4d4b
004d4d4b
004d4d4b
004d4e4c
004d4d4b
004d4d4b
004d4e4c
004d4e4c
004d4d4b
004d4e4c
004e4e4c
004e4e4c
004e4e4c
004e4e4c
004e4e4c
004d4e4c
004e4e4a
004e4e4c
004e4e4c
004e4f4d
004e4e4c
004e4e4a
004e4f4c
004e4f4d
004e4f4d
004e4e4c
004e4e4c
004f4f4d
004e4f4d
004f4f4d
004f4f4d
004f4f4d
004e4f4d
004f4f4d
004f4f4d
004f504e
004f504e
004f4f4d
0050504e
0050504e
004f504e
0050504e
0050514f
0051514f
0051514f
0051514f
00515250
00525250
00525250
00525250
00525250
00525250
00525250
00535351
00535452
00545452
00545452
00545452
00545452
00545452
00545451
00545453
00535453
00535452
00555652
00545651
00545651
00545651
00545651
00545651
00545551
00545651
00535550
00545651
00545651
00545651
00535550
00535550
0052544f
0052544f
0052544f
0051534e
00525350
0051534e
0052524e
0050514f
0050504e
004f4f4d
004d4d4b
004b4c4a
004b4947
00464543
00404140
003c3c3a
00180f11
00100c0c
000c0b0b
000e1110
00393937
003b3d3b
00424240
00454644
00484947
004a4a48
004d4c4a
004e4e4a
004e4e4b
004e4e4b
004e504b
004f504c
004f514c
004f514c
0050514c
004f514d
0051514e
0050504d
004c4e4a
004d4242
000f0606
0040443d
004d4e48
004f514c
0050504d
004f504e
004f504d
004e504b
004e504b
0050524d
0052534e
0052534d
0053544e
0053544e
004a4c47
004a4c47
00494b46
00494a46
00484a45
00474a45
00484946
00474846
00484846
00484845
00494946
00484846
00484846
00484847
00474847
00474745
00474745
00464745
00464644
00464644
00464644
00454644
00464644
00464644
00464745
00464644
00474745
00474745
00464644
00474745
00474745
00474745
00474745
00474745
004a4b49
004b4c4a
004b4c4b
004c4c4a
004b4c4a
004b4c4a
004c4c4a
004c4c4a
004c4c4a
004c4d4b
004d4d4b
004d4d4b
004e4d4b
004d4d4b
004c4d4b
004b4d4a
004b4d4a
004c4c4a
00494c4a
00151e41
00181d43
00191e43
002e2625
003c392b
003e3b2d
003f3c30
003e3c2e
00261f33
00271d41
0025142b
00332011
00332311
00322110
00322011
00321f10
0005040b
00141842
00131943
00111741
00121842
00131841
002e1b1b
00160d1c
00080713
002e1d33
0017101b
00252433
00272425
002d2b2a
00312e2d
00191b1a
00100d0e
00120f10
00110c0d
00110e0f
00120e10
00161110
0042403e
0041413f
00424240
00434341
00444442
00454543
00454543
00464644
00464644
00474745
00474846
00484947
00484947
00494947
004b4a48
004b4a48
004a4b49
004a4b49
004b4b49
004b4b49
004b4b49
004b4b49
004b4b49
004b4b49
004b4c4a
004c4c4a
004c4c4a
004c4c4a
004c4c4a
004b4c4a
004c4c4a
004c4d4b
004d4d4b
004d4d4b
004d4d4b
004c4d4b
004d4d4b
004d4d4b
004d4d4b
004d4d4b
004d4d4b
004d4e4c
004d4d4b
004d4d4b
004d4d4b
004d4e4c
004e4e4c
004e4e4c
004d4e4c
004e4e4b
004d4e4c
004e4e4c
004e4e4a
004e4e4a
004e4e4a
004d4e4b
004e4e4c
004e4e4c
004e4e4c
004e4e4c
004d4e4c
004e4e4c
004e4e4c
004e4e4c
004e4e4c
004e4f4d
004f4f4d
004f4f4d
004e4f4d
004f4f4d
004f4f4d
004f504e
0050504e
0050504e
0050504e
0050514f
0051514f
0051514f
0051514f
00525250
00525250
00525250
00525250
00525250
00525351
00525250
00525351
00535351
00545452
00545452
00545452
00545452
00545452
00545451
00545452
00545452
00545552
00545551
00545551
00555652
00545651
00545651
00545651
00535550
00545651
00535450
00535550
00545651
00545651
00545651
00535550
00535550
00535450
0052534f
0051534e
0051534e
0050534e
0052524e
0051514f
0050504e
004f4f4d
004d4e4c
004c4c4a
004b4947
00474745
00414242
00424240
00372f31
000f0c0d
000d0a0b
000a0d0c
00393a38
003d3d3b
00424341
00464745
00494947
004a4b49
004d4d4a
004e4e4a
004e4f4d
004e4f4d
004e504b
004f504c
004f514c
004f514c
0050514c
0050514d
00525250
0051514e
004f514c
004e504d
00514c4b
000f0407
0013120f
0051554f
0050514e
0050504d
0050514c
004f514c
004e504b
004f514c
0052534e
0053544e
0053544e
0053544e
004a4c47
004a4c47
00494a46
00484a45
00484a45
00484a45
00484a45
00464845
00474847
00494846
00494846
00484846
00484846
00484846
00474745
00474846
00474745
00474745
00474745
00464644
00464644
00464644
00464644
00464644
00464644
00464644
00474745
00474745
00464745
00474745
00464745
00484846
00474745
00464745
004b4b49
004b4c4a
004a4d4a
004a4c49
004c4c4a
004b4c4a
004b4c4a
004c4c4a
004c4c4a
004c4c4a
004c4c4a
004c4c4a
004c4c4a
004c4c4a
004c4c4a
004c4c4a
004c4c4a
004c4b4a
00494b4b
000b1335
00181d42
00191e43
001d161d
003b3729
003e3b2c
003f3c30
003e3c2f
0024191b
00201217
003c2c43
00281b13
00312011
00312010
00312010
00301e0f
000c0c0d
0013183f
00131942
00111842
00111842
00131942
00301d1b
00181125
00150f1d
0039383a
0015111b
001c1726
00262324
002b2828
002b2e2d
00120e0e
00100d0d
00100d0e
00110e0e
00100e0e
00110e0e
00120f0f
00403f3d
003f403e
0040413f
00424240
00424341
00434442
00444543
00454543
00464644
00464745
00464644
00474846
00484947
00494947
00484947
00494a48
00494a48
004a4a48
004a4b49
004a4b49
004b4c4a
004b4b49
004b4b49
004b4b49
004b4b49
004b4c4a
004c4c4a
004c4c4a
004c4c4a
004c4c4a
004c4c4a
004d4d4b
004c4d4b
004d4d4b
004d4d4b
004d4d4b
004d4d4b
004d4d4b
004d4d4b
004d4d4b
004d4d4b
004d4d4b
004d4d4b
004d4d4b
004d4d4b
004e4e4c
004e4f4d
004e4e4c
004e4e4b
004d4e4c
004d4e4b
004e4e4a
004e4e4c
004d4f4a
004d4f4a
004e4e4c
004e4e4c
004e4e4c
004e4e4c
004e4e4c
004e4e4c
004e4e4c
004e4e4c
004e4e4c
004e4e4c
004e4f4d
004e4f4d
004e4f4d
004e4f4d
004f4f4d
004f4f4d
004f4f4d
004f504e
0050504e
0050504e
0050504e
0050514f
0050514f
0051514f
00515250
00525250
00525250
00525250
00525351
00535351
00525351
00535351
00535452
00535452
00535452
00545452
00535452
00545453
00545552
00545551
00545453
00535550
00535550
00535550
00535550
00545651
00545551
00555552
00545651
00555652
00535550
00545651
00545651
00545651
00545551
00535550
00535550
00535550
0052544f
0052534f
0051524e
0051524f
00515150
0051514e
0050504d
004f4f4d
004e4e4c
004d4d4b
004a4a48
00474745
00444442
00414342
00444141
00100c0d
000e0b0b
000d0b0b
00373b37
003c3d3d
00414240
00464644
00494947
004b4b49
004c4d4a
004e4f4a
00504f4d
00504f4d
004f504c
004f514c
004f514d
0050514d
0050524d
0050524d
0050524d
0050524d
0050524d
0050524d
004e504b
004d4c4a
002b2223
00100e0d
0050554f
0050514d
0050514d
004f524d
004f514d
004e504b
0050524d
0052534f
0052544f
0051534e
004a4c47
004a4c47
00494a46
00484a45
00484a45
00484a45
00484a45
00464846
00474847
00484846
00484846
00484846
00484846
00484846
00474846
00474745
00464745
00474745
00474745
00464644
00464644
00464644
00464644
00464745
00464644
00474745
00474745
00474745
00464644
00464745
00474745
00484846
00464845
00464745
004b4b48
004b4b49
004a4c49
004a4a48
004b4b49
004b4c4a
004b4b49
004b4c4a
004b4c4a
004c4c4a
004c4c4a
004c4c4a
004c4c4a
004c4c4a
004b4c4a
004c4c4a
004c4c4a
004c4a49
004a4b49
0009122f
00181e43
001a1e43
000f0e1b
003b3c2f
003d3a2c
003f3c2e
003e3c2f
00352123
00351d2d
00453b4b
003c343a
002e2011
00311f10
002e1f0f
002e1c0f
0013120f
00151843
00131942
00111741
00111741
00121841
00311b1f
00191225
003f3d3f
00373939
00110d15
001b1723
00232022
00272524
001c1e1d
000f0c0d
000f0c0d
000f0c0d
00100d0d
000f0c0d
000d0b0b
00100a0b
00393938
003b3b39
003c3d3b
003e3f3c
003f403d
0041413f
00424341
00434442
00444442
00454543
00454644
00474846
00474745
00484846
00494947
00494a48
00494947
00494947
004a4a48
004a4a48
004a4a48
004a4a48
004a4a48
004b4b49
004b4b49
004b4b49
004c4c4a
004c4c4a
004c4c4a
004c4c4a
004b4c4a
004c4c4a
004c4c4a
004c4c4a
004c4c4a
004c4d4b
004c4d4b
004c4d4b
004d4d4b
004d4d4b
004d4d4b
004d4d4b
004d4d4b
004c4d4b
004b4c4a
004c4d4b
004d4d4b
004e4e4c
004d4e4c
004d4e4b
004d4d4a
004e4e4c
004e4e4c
004d4f4a
004d4e4a
004d4e4b
004d4d4b
004d4e4c
004d4d4b
004d4d4b
004e4e4c
004e4e4c
004e4e4c
004e4e4c
004e4e4c
004e4f4d
004e4f4d
004f4f4d
004e4f4d
004f4f4d
004f4f4d
004f4f4d
004f4f4d
0050504e
0050504e
0050504e
0050504e
0050504e
0050514f
00515250
00525250
00525250
00525250
00535351
00525351
00535351
00545351
00555452
00535451
00535451
00545553
00545553
00545453
00555553
00545651
00545553
00545551
00535550
00535550
0052544f
00535450
00535550
00545552
00545651
00535550
00555752
00545651
00545651
00545651
00535550
00535550
00535550
00535450
00535550
0052544f
0052544f
0051524e
0050514e
0051514e
0050504e
004f4f4d
004e4e4c
004d4d4b
004a4a48
00474846
00444543
00434342
00434242
00110d0e
000e0b0b
000e0c0d
00383f39
003e3c3c
00424341
00454745
00494947
004b4c4a
004c4d4b
004e4e4b
004e504b
004f504b
004f504c
004f514c
0050514e
0051524f
0050524d
0050514e
0050524d
0050524d
0051534e
0052534f
0051524e
0050504d
004d4d4a
00352c2d
0014130f
004d534d
0051524d
004f514d
0050524e
0051524e
004f504c
0050524d
0051534e
0051534e
004a4c47
004a4c47
00494a46
00484a45
00484a45
00484a45
00484945
00484846
00484846
00464846
00464846
00464846
00464846
00484846
00474846
00474745
00464745
00474745
00474745
00464644
00464745
00464644
00464644
00474745
00464745
00474745
00474745
00474745
00464745
00474745
00474745
00474745
00454745
00464745
004a4b48
004b4b49
004b4b4a
004b4b49
004b4b49
004b4b49
004b4b49
004b4b49
004b4c4a
004b4c4a
004b4c4a
004b4c4a
004c4c4a
004c4c4a
004b4b49
004c4d4b
004b4c4a
004c4c49
004b4b48
00111b31
00181d42
001a1e44
00131427
003a3f30
003c3a2a
003e3b2c
003c3a2c
003e2c31
00392640
00453a4a
003f3946
002a2b12
00252d13
002a2a14
00291e0d
00181412
00151743
00121841
00121742
00101741
00101741
002f1a25
00191224
003d3b3b
00303233
000f0c12
001a1721
00201c1f
00211e1d
000f1010
000d0a0a
000e0b0b
000e0b0c
000e0b0c
000e0b0c
000c0a0a
00120c0c
00373636
00373837
00383938
003b3b39
003c3d3b
003e3e3c
0041403e
00414240
00424341
00444442
00454543
00464644
00474846
00484947
00484947
00494947
00494947
004a4a48
004a4a48
004a4a48
004a4a48
00494a48
00494a48
004a4a48
004a4a48
004a4b49
004a4b4a
004b4b4a
004b4c4a
004c4c4a
004b4c4a
004c4c4a
004c4c4a
004c4c4a
004c4c4a
004c4c4a
004c4d4b
004c4d4b
004c4d4b
004c4d4b
004c4d4b
004c4c4a
004c4d4b
004c4c4a
004c4c4a
004c4d4b
004c4d4b
004c4d4b
004d4d4b
004d4e4b
004d4d4a
004d4d4c
004d4d4b
004c4e49
004d4d49
004d4d4a
004d4d4b
004d4e4c
004d4d4b
004c4d4b
004d4d4b
004d4d4b
004d4e4c
004e4e4c
004e4e4c
004e4e4c
004e4f4d
004e4e4c
004e4e4c
004e4f4d
004e4f4d
004f4f4d
004f4f4d
0050504e
004f504e
004f504e
0050504e
0050504e
0050504e
0051514f
00525250
00525250
00525250
00525351
00535351
00515250
004c4d4b
0051514f
00545452
00545452
00545452
00555553
00555553
00555553
00545552
00545651
00545651
00545551
00545551
00535550
00535550
00535550
00545551
00535550
00545651
00545651
00545651
00545651
00545651
00545651
00545551
00535450
00535550
00535550
0052544f
0052544f
0052534f
0051524e
0050524d
0050504e
004f4f4d
004e4e4c
004d4d4b
004b4b49
00474846
00454543
00464443
00434241
00160e0e
000f0c0d
000e0a0c
001f241f
003b3c39
0042423f
00464645
00494a48
004b4b49
004c4d4b
004e4e4c
004e504b
004f514c
004f514c
004f504c
0050524d
0050524d
0050524d
0050514f
0050524d
0051524e
0051534e
0052534f
0052534f
0051524e
0051504c
004e4c49
0033282a
0020231e
004e524c
0050524d
0051534e
0051524e
0051534e
004f514c
0051534e
0052534f
004a4c47
004a4b47
00494b46
00484945
00484a45
00484a45
00484945
00484846
00484846
00494846
00494846
00464846
00464846
00474846
00474846
00474745
00464745
00474745
00474745
00464745
00464745
00464644
00464644
00474745
00464745
00474745
00474745
00474745
00474745
00464745
00474745
00464745
00464745
00464745
004a4a48
004b4b49
004a4b49
004a4b49
00494a48
004a4a48
004b4b49
004b4b49
004a4b49
004b4b49
004b4b49
004b4c4a
004b4c49
004b4c4a
004b4c4a
004b4b49
004b4c4a
004b4a4a
004b4b4a
0024303d
00181e42
001a1d43
001c1b32
00363a2b
003c3a2b
003d3a2b
003d3b2e
00342027
003b2946
003d3445
003e3b48
00273017
002f4231
00242a0f
00281a10
00191411
0010163f
00101740
000f1741
00101640
00111741
002b1a27
00130d1a
00464345
00000100
000f0c13
0013101a
001c191d
00211e1d
00161417
000c090a
000c090a
000c0909
000c0909
000d0a0b
000e0b0c
00070305
00333434
00353534
00373837
00393939
003a3a3a
003d3d3b
003f3f3d
0040403e
00414240
00434341
00444543
00464644
00474745
00484846
00484846
00494a48
00494947
00494a48
004a4a48
004a4b49
004a4a48
00494a48
00494a48
004a4a48
004a4a48
00494a48
004b4b48
004b4b48
004b4b49
004b4c4a
004b4b49
004c4c4a
004c4c4a
004c4c4a
004b4c4a
004c4c4a
004b4c4a
004b4c4a
004c4c4a
004c4c4a
004c4c4a
004c4c4a
004c4c4a
004c4c4a
004d4d4b
004c4c4a
004c4c4a
004c4d4b
004d4d4b
004c4d4a
004d4d4a
004c4d4c
004d4d4b
004c4d49
004d4d49
004d4d4b
004d4d4b
004c4d4b
004c4d4b
004c4d4b
004d4d4b
004d4e4c
004d4d4b
004d4d4b
004d4e4c
004e4e4c
004d4e4c
004e4e4c
004e4e4c
004e4f4d
004e4e4c
004e4f4d
004f4f4d
004f4f4d
004f4f4d
004f4f4d
004f4f4d
004f504e
0050504e
0051514f
00525250
00525250
00525250
00525250
00535351
00535452
00535453
00535352
00545452
00545553
00555553
00545452
00555653
00555553
00535450
00545651
00545651
00545651
00545651
00535550
00535550
00535451
00535452
00545651
00545651
00555553
00555553
00555653
00555652
00545651
00535550
00535450
00535550
00535550
0052544f
0052544f
0052544f
0052534f
0051524e
0050514e
004f504d
004e4e4c
004d4d4b
004b4b49
00474745
00444543
00434444
00424342
003d3334
000e0d0d
00100a0b
000b0c0a
00323631
0041413f
00474645
00494947
004b4c4a
004d4e4c
004e4f4d
004f504c
0050514d
0050514d
004f514c
0050524d
0050514d
0051524e
00515150
0051524e
0052534f
0052534f
0052544f
00535450
0053534f
0051534f
004e514c
004f4c4a
00150d0f
004b514a
0050524d
0052524e
0051534e
0051534e
0051524e
0050524d
0051534e
004a4c47
004a4b47
00494b46
00484a45
00484a45
00494946
00494946
00484846
00474846
00484845
00484845
00464846
00464846
00474845
00474745
00474745
00474745
00474745
00474745
00474745
00464745
00464644
00464745
00474745
00474745
00464745
00474745
00474745
00474745
00464745
00454745
00454745
00464745
00464744
004a4a48
00494b49
00494b49
00484a48
00484a48
004a4a48
004a4a48
004b4b49
004b4b49
004b4b49
004b4b49
004a4b4a
004b4b48
004b4b49
004c4c4a
004b4b49
004b4b49
004b4b48
004c4b48
00455157
00181e42
00191d41
001f1f3a
00383d2d
0039392a
003c3a2b
003c392c
002e242c
00261a21
00463d4a
0037353f
00212511
00252c1b
00252b12
001e180b
001a130f
000f1641
00101640
00101640
00121741
00131741
002a1a28
00110b16
00161020
0006090a
0014111b
00100d17
001a181d
001f1c1c
001b1a1b
000f0c0d
000d0a0c
000c090b
000b080b
000d0a0c
000e0b0e
00070407
00333232
00343333
00373636
00383837
00393938
003b3b39
003d3d3b
003e3f3d
0041413f
00424240
00434442
00454644
00464644
00464745
00474846
00484846
00484947
00494947
00494947
00494a48
00494947
00494947
00494949
00484947
00494a47
00494a48
00494a48
00494a48
004a4b49
004a4b49
004b4b49
004b4b49
004b4b49
00494b49
00494b49
004b4b49
004b4c49
004b4c4a
004b4c4a
004b4b49
004b4c4a
004b4c4a
004c4c4a
004c4c4a
004b4c4a
004c4c4a
004c4d4b
004c4c4a
004c4c49
004b4d48
004b4c49
004c4c4b
004c4c4a
004c4c49
004b4c49
004c4c4b
004c4d4b
004c4d4b
004c4c4a
004c4c4a
004c4c4a
004c4c4a
004c4c4a
004c4c4a
004d4d4b
004d4d4b
004d4e4c
004d4e4c
004e4e4c
004d4e4c
004e4e4c
004e4e4c
004e4e4c
004e4f4d
004f4f4d
004f4f4d
004f4f4d
004f4f4d
0050504e
0051514f
00525351
00525250
00525250
00525250
00535351
00535351
00535351
00545452
00545452
00545553
00555553
00555553
00545651
00545651
00545651
00545651
00545651
00545651
00535550
00545551
00545551
00555654
00555554
00545651
00545651
00555652
00555652
00555652
00555651
00545551
00535550
00535550
00535450
00535450
0052544f
0052544f
0052544f
0051534e
0051534e
0050524d
0050504d
004e4f4d
004d4e4c
004b4b49
00474745
00444644
00434546
00434443
00454141
00120d0e
0014100e
000f0c0c
00110f0f
00404240
00464644
00494a48
004c4c4a
004d4e4c
004e4f4d
004f504d
0050514c
0050504d
004f514c
0050524d
0050524d
0052524f
0052524f
0052524f
0051534e
0052534f
0052544f
0052544f
00525450
0052544f
0051524e
004f504c
004c4848
00161110
0050554f
0051544e
0052534f
0051534e
0053534f
004f514c
004e524d
004a4c47
00494b46
00494b46
00484945
00484a45
00484945
00484945
00474845
00484846
00484845
00484846
00474846
00474846
00474844
00464846
00474745
00474745
00464745
00464745
00474745
00464745
00464745
00464745
00474745
00464745
00464745
00474745
00474745
00474745
00464644
00464745
00464745
00444845
00444744
00484947
00494b49
004a4c49
00494a48
00494a48
00494a48
004a4a48
004b4b49
004b4b49
004b4b49
004b4b49
004b4b49
004b4b49
004b4b49
004a4b49
004b4b49
004b4b49
004a4b48
004c4b48
00465254
00161e40
00171c42
001d1c3e
00313827
00393727
003c382a
00393629
00323441
00181318
001f1828
002a2c27
00454a3b
00383c2f
00404839
001b160c
0016110e
00141740
00101640
00101641
00111740
00111641
0028182a
00100c16
00130d2a
000f0d21
00160f1d
00131018
0019171c
001e1b1b
001e1e1f
00100c0e
000e0c0f
000d0b0c
000c090c
000c090d
000d0b0d
000a0609
00302f2f
00343232
00363434
00363636
00383837
00393937
003b3c3a
003d3d3b
0040403e
0041423f
00424441
00444543
00464644
00464644
00464745
00474846
00474846
00484947
00484947
00484947
00494a48
00494948
00484848
00494948
004a4949
00494949
00484a49
00484a49
00494a48
004a4a48
004a4a48
004a4a48
004a4a48
00484a48
00484a48
00494b48
004b4b49
004b4b49
004a4b49
004b4b49
004b4b49
004a4b49
004b4b49
004a4b49
004b4c4a
004b4c4a
004b4b49
004b4c4a
004c4c49
004c4d49
004c4c4a
004b4c4a
004b4c49
004b4d48
004c4d48
004c4c4a
004c4c4a
004c4c4a
004c4c4a
004c4c4a
004c4c4a
004c4c4a
004c4c4a
004b4c4a
004c4d4b
004c4c4a
004d4d4b
004d4d4b
004c4d4b
004d4d4b
004d4d4b
004e4e4c
004e4e4c
004e4e4c
004e4e4c
004e4e4c
004e4f4d
004f4f4d
004f4f4d
0050514f
0051514f
00525250
00525351
00525250
00525351
00535351
00535351
00545452
00545452
00545452
00555553
00555553
00545552
00545551
00555653
00555553
00545652
00545651
00545651
00545651
00545651
00545552
00545553
00545651
00545651
00545651
00555651
00545651
00545652
00545651
00535550
00535450
00535550
00535550
00535550
0052544f
0052544f
0051534e
0051524e
0050524d
0050514d
004f504d
004e4f4c
004b4c4a
00474745
00444644
00444645
00434544
00414240
00150d10
00121010
00100d0d
00110d0e
00414540
00464644
004a4a48
004c4c4a
004d4e4c
004e4f4d
004f504c
004f514c
004f514d
004f514c
0050524d
0050524d
0051534e
0051534e
0051534e
0051534e
0052534f
00545450
00555551
00545450
00545450
0052544f
0050524d
004f4f4c
003e3736
0022251f
0052534e
0052544f
0052534f
00545450
0050524e
004d514c
00494b46
00494b46
00494a46
00484a45
00484a45
00484945
00474944
00474944
00484846
00474944
00484846
00464846
00464846
00474846
00484845
00474745
00474745
00474745
00474745
00474745
00464745
00454644
00464644
00464745
00464745
00474745
00474745
00474745
00474745
00464745
00474745
00474745
00454745
00444644
00474946
00494b49
004b4b49
004a4b49
004a4b49
004a4a48
00494a48
004b4b49
004b4b49
004b4b49
004b4b49
004b4b49
004b4b49
004b4c4a
004b4b49
004b4b49
004b4b49
004c4c49
004a4b48
00444c4d
00171f41
00171b42
001c1d3e
00363727
00393527
003a3427
0037342a
002f3140
00241c29
001c1827
00282b25
001f240f
001c2108
001c2414
0015130a
001a110d
00131440
00101640
00101640
00111841
00101741
00281c33
00100c13
00120c29
00130d27
00150d10
000d0b11
0017141a
001d1a1a
00202121
000d0a0c
000e0c0f
000d0b0e
000d0a0e
000c090d
000c0a0d
000e0b0d
00333031
00323232
00333333
00353535
00363735
00383937
003a3b39
003c3c3a
003e3e3c
0040403e
00434240
00434442
00444543
00444543
00464644
00474644
00464644
00474745
00474745
00474846
00484846
00474747
00474747
00484848
00484848
00474949
00464948
00484a49
00484a49
004a4a48
00494a48
00484a48
00484a48
00474a48
00474a48
00484a48
00494a48
00494a48
004a4a48
004a4a48
004a4a48
004a4a48
004a4a48
004a4b49
004a4b49
004a4b49
004a4b49
004b4b49
004b4b48
004b4b48
004a4b48
004b4b48
004a4c47
004a4c47
004b4c47
004c4c49
004b4b49
004b4c4a
004a4b49
004b4b49
004a4b49
004b4b49
004b4b49
004b4b49
004b4c4a
004c4c4a
004b4c4a
004c4c4a
004b4c4a
004d4d4b
004c4d4b
004d4e4c
004d4e4c
004d4d4b
004d4e4c
004d4e4c
004d4e4c
004f4f4d
004e4f4d
0050504e
0051514f
0051514f
00515250
00525250
00525351
00535351
00535351
00545452
00545452
00545452
00545553
00555553
00545453
00555552
00555553
00555553
00545553
00545651
00545651
00545651
00545651
00545651
00545651
00545651
00545651
00545651
00545651
00545651
00545551
00545551
00535550
00535450
00535550
00535550
0052544f
0052544f
0052544f
0051524e
0051524e
0050524d
0050524d
004f514c
0050504d
004c4d4c
00464846
00464845
00454744
00444544
0040423f
00160d0f
00110e0f
00110e0f
00110d0e
00414740
00474645
004a4a48
004c4d4b
004f4e4c
004f4f4c
004f504c
004f514c
004f514c
0050514d
0050524d
0050524d
0051534e
0051534e
0051534e
0052534f
0052534f
00545450
00555450
00555450
00555450
0052544f
0052534f
0050514d
00514e4d
00120c0b
0050554e
0052544f
0052544f
00545450
0051534f
004f534e
00494a46
00494b46
00494a46
00484a45
00484a45
00484945
00474944
00484846
00484846
00474944
00484846
00484846
00474846
00464846
00474846
00474745
00464745
00474745
00474745
00474745
00474745
00464745
00454644
00474745
00474745
00464745
00474745
00474745
00474745
00474745
00474745
00474745
00474745
00464644
00474946
00494b48
004b4c4a
004c4a48
004c4a48
004b4b4a
004b4c49
004b4b49
004a4a48
004b4b49
004b4b49
004b4b49
004b4b49
004c4b49
004c4b49
004b4b49
004b4c4a
00494b48
00474a47
00444a49
00161b42
00181c41
001b1c40
00171110
00251f1e
00352f28
002b2820
002e2e43
00473f4a
001b1528
00202421
00232d23
001b281e
000f0c10
00110d11
00181011
00111834
00121642
00101741
00101740
00111840
00221a35
00181417
00130c2c
000d0810
001b1110
00111015
0017141b
001c191a
001f2121
000b0a0d
00020007
000e090d
000e0c11
000b0a0d
000c090b
000b0809
00393536
00303030
00323232
00343433
00353634
00373734
003a3a38
00393a38
003b3c3a
003e3c39
0040413c
0040403b
0043413f
0044423f
00474441
00484443
00444443
00414442
00444442
00454644
00464645
00474645
00464746
00464748
00474747
00454847
00474949
00474a47
00464947
00464946
00464947
00474947
00494947
00494a48
00494a48
00484a48
00484a48
00484a48
004a4a48
00484a48
00484a48
00484a47
004b4a48
00494a48
004a4a48
004a4a48
004a4a48
00494a48
00494a48
004a4a48
00494a48
004a4a48
004a4b48
004a4a48
004b4b47
004b4b47
004b4b49
004b4b49
004b4b49
004b4c4a
004b4b49
004b4b49
004a4a48
00494a48
004a4b4a
004a4b4a
004b4b48
004a4b49
004b4b49
004b4c4a
004b4c4a
004c4d4b
004c4d4b
004d4d4b
004d4d4b
004d4e4c
004e4e4c
004e4f4d
004e4f4d
004f504e
0051514f
0051514f
0050514f
00525250
00525250
00535351
00535351
00535452
00545452
00545452
00535452
00555553
00565654
00555552
00545652
00555653
00545553
00555552
00555551
00545651
00545651
00545651
00545651
00545651
00545651
00545651
00545651
00555552
00545451
00545450
00555552
00535452
00555552
0053554f
0052544f
0052544f
0053534f
0052524e
0050524d
0050524d
004f514c
004f514c
004f4f4c
004d4d4c
00474948
00474847
00454945
00454746
00464544
003c3737
00150d0f
00120f10
00130f10
00414340
00474745
004a4b49
004c4c4a
004e4e4c
004f4f4c
0050504d
0050504d
0050514e
0051514f
0050524d
0050524d
0051534e
0051524e
0052534f
0052544f
00535450
00565551
00555450
00555551
00545450
00535550
0052544f
0051534e
0052524e
004e4646
001a221c
00515451
00545450
00545450
0051544f
004f544f
00494b46
004a4b47
00484945
00484a45
00484a45
00484945
00474944
00474846
00484846
00474944
00484846
00484846
00474846
00464846
00464845
00474745
00474745
00474745
00474745
00474745
00474745
00464644
00464745
00464745
00464745
00474745
00474745
00474745
00474745
00474745
00464745
00474745
00474745
00464745
00464845
00484a48
00494b48
00484b47
00484a48
004a4b48
004a4b4a
004a4b49
004a4b49
004b4b49
004b4b49
004b4b49
004b4b49
00494b49
00494b49
004b4b49
004b4b49
00494b48
00474a47
00444948
00171d44
00171c41
001a1c42
00201f31
00191729
0018181e
002b2927
002e2d3d
00282924
00191724
00222321
00212e29
002b3636
000d0a0d
000e0b0d
000f070a
000c0b18
0010153f
00121642
00101740
00101740
001f1a38
00161415
00110b1c
001f140f
001a110f
00101116
0015131a
001b1818
001f1f1f
00100d11
00363a3e
00383a3e
00060a0d
000c0b0e
000d090c
000a0708
00353132
002f2f2f
00313131
00323231
00343432
00363634
00383836
00393836
00393937
00363733
00393936
003f3e3d
00403e3c
00413d3e
00413e3c
0043403d
0043413c
0046423f
00424140
00434342
00444442
00454545
00444545
00474645
00464746
00464747
00474848
00474948
00484947
00494947
00484947
00474947
00494947
00474a47
00464a47
00474a47
00474a47
00474a47
00494a48
00484a47
00474947
00464a47
00484a47
00494a48
00494a48
00494a48
00484947
00494947
00494947
00494a48
00494a48
00494947
00494a48
00494a47
00494a47
00494a47
004a4b49
004a4a48
004a4a48
004a4a48
00494a48
004a4a48
004a4b49
004a4b49
00494a48
004a4a48
004a4a47
004b4b49
004b4b49
004b4b49
004b4b49
004b4c4a
004b4c4a
004c4c4a
004c4d4b
004d4d4b
004d4d4b
004d4e4c
004e4e4c
0050504e
0050514f
0051514f
0050514f
0051514f
00525250
00525351
00535351
00535452
00545452
00545452
00535452
00545553
00545553
00545552
00555653
00545553
00555552
00545651
00555651
00545651
00545651
00545651
00545651
00545651
00545651
00545651
00545651
00555551
00545451
00535451
00535451
00535451
00545451
00525350
00525350
00525350
00525351
00515250
0050524d
0050514d
004f514c
004f514c
004f4f4c
004d4d4c
00484a49
00484948
00484946
00484846
00454644
00474645
00100909
00292727
00191818
00414341
00484846
004b4b49
004c4d4b
004e4e4c
004e4f4c
0050504d
0050504d
0051514f
0051514e
0050524d
0050524d
0051534e
0051534e
0052544f
0052544f
0052544f
00545450
00545450
00545651
00535550
00535550
00535450
0053544f
0052544f
0053514f
001b0f0f
004e534d
0053544f
00555551
00525450
00515550
00494b46
00494b46
00484945
00484a45
00484945
00494a46
00484946
00474846
00484846
00484946
00484846
00474846
00474846
00474745
00474745
00474745
00474745
00474745
00474745
00474745
00464745
00464644
00464644
00464745
00474745
00464745
00464745
00474745
00474745
00474846
00454744
00454745
00474846
00454644
00464745
00494a48
004a4a48
004b4b48
004a4a48
00494a48
004a4b47
004a4b49
004b4b49
004b4b49
004b4b49
004b4b49
004b4b49
004b4b49
004b4b49
004b4b49
004a4b49
00484a48
00474a48
00464948
00151c41
00161c40
00171a41
0018182d
001e1d36
00232334
0027272d
00262430
00252d1b
00111316
001f1f20
002b3a2d
00070509
0033272c
00181b1a
00565959
0041454b
00111640
00141640
00111740
0011153f
001d1837
001f1913
0022130f
00241813
001b0f0d
00151519
0016131b
001a1718
001f1d1e
000f090e
003e4349
0013161c
00252328
000d0b0f
000e0b0d
000d0a0c
00322f2f
002f2e2e
00313030
00313131
00323230
00363432
00363432
00333331
002a2c2c
0022282b
00262a2f
00272a31
00292d31
00282c2f
002a2b33
0025262d
0027282c
00302e31
002f2d2c
003c3a37
00464445
00434243
00454345
00424544
00424545
00444646
00464747
00484847
00474846
00464846
00474946
00484a47
00494947
00494947
00464947
00464947
00464947
00464947
00494948
00494947
00494947
00474947
00494947
00494947
00494947
00494947
00494947
00494947
00494947
00494947
00494a47
00494a47
00484947
00484946
00494947
00494947
00494947
00494947
00494947
00494947
00484948
00484948
00484948
00494947
00484947
00494947
00494a48
004a4a48
004a4a48
004a4a48
004a4b49
004b4b49
004b4b49
004b4c4a
004c4c4a
004c4c4a
004c4c4a
004c4c4a
004e4e4c
004f504e
0050514f
0051514f
0051514f
0050514f
00525250
00525351
00535351
00535351
00545452
00545452
00545452
00555553
00545553
00555553
00545552
00545652
00555651
00545651
00555551
00545451
00555552
00545651
00545551
00545552
00545651
00545651
00555652
00545450
00555552
00535451
00535450
00535550
00545351
00525351
00535351
00515250
0051524f
0051524f
0050524d
004f514c
004f514c
004f514c
004f514c
004d4d4b
00484a48
00474a48
00484a47
00494947
004b4a48
00474947
00474745
00444643
00454543
00454644
00484947
004c4c4a
004d4e4c
004d4f4c
004e4f4c
0051504e
0051504e
0050504e
0051524d
0050524d
0050524d
0051534e
0051534e
0052534f
0052534f
0052544f
00535450
00535550
00545651
00535550
00535550
00535550
00535550
00535550
0054534f
004c4746
001c231c
0055544d
00535451
00545551
00535550
00494a46
00494a46
00484945
00484a45
00474944
00474945
00474846
00474846
00474846
00474846
00484846
00484947
00474745
00464745
00474745
00474745
00474745
00474745
00474745
00474745
00464745
00464644
00464644
00464745
00474745
00474745
00474745
00474745
00474745
00464745
00444643
00454744
00484745
00464845
00454644
00494947
004a4b49
004a4a48
004a4a49
004b4a48
004b4b48
004b4b49
004b4b49
004b4b49
004b4b49
004b4b49
004b4b49
004b4b49
004b4b49
004a4b49
004a4a48
00494a48
00484a48
00454947
00141b3e
00141c40
00181c41
00181c22
0016231a
00171c14
00212224
00222228
00161b0d
000d0f0c
00201d20
001f2716
003e3d3b
00555554
00241f1f
00090305
00030004
0012153e
00121640
00111740
00121740
001c1839
0023160d
0028160e
00241711
00180b09
00161617
0013121a
001b1718
001c1a1b
00120b10
00464c50
003b4647
0007090d
000f0c10
000d0b0d
000c090c
002c2829
002e2d2d
00302f2f
0030302f
0031312f
00313231
0030312f
002e2e2d
0026282a
0020282c
00262628
00221c1e
00292b33
002b2e32
0024262a
00232a32
00252a33
00282b35
00252733
00252a32
00292b31
00252632
00211e32
002b2e3a
0020252d
00212427
00434646
00454746
00464846
00464846
00464845
00484846
00474947
00494947
00474947
00484948
00484948
00464947
00494949
00494947
00494947
00494947
00494947
00484947
00494947
00494947
00494947
00484947
00484846
00484846
00494945
00484844
00484845
00484745
00484947
00494947
00484846
00484947
00484947
00484947
00484948
00484847
00474747
00474747
00494948
00484948
00494949
004a4a4a
004a4a4a
004a4a48
00494a48
004a4a48
004a4b49
004b4b49
004b4b49
004b4c4a
004c4c4a
004c4c4a
004d4e4c
004f4f4d
0050504e
0051514f
0051514f
0051514f
00525250
00525250
00525351
00535351
00535452
00545452
00545452
00545553
00545553
00555553
00555553
00555553
00555553
00545552
00555552
00555552
00555552
00545651
00545551
00545552
00555651
00545552
00545552
00535451
00535451
00535550
00535450
00535351
00535350
00525350
00525350
0051524f
0051534e
0050524d
0050524d
004f514c
0050504d
0050504d
004f514c
004a4b49
004b4a48
00484a48
00484a47
00494b48
00494b49
004a4b48
004a4a48
00484846
00474846
00484846
004a4a48
004c4d4b
004e4e4c
004d4f4c
004d4f4c
004f504d
004f504d
0050504d
0051514e
0050524d
0051524e
0051534e
0051534e
0052534f
00535450
0052544f
00535550
00545651
00545651
00535550
00535550
00535550
00535550
00535550
00535451
0055524e
001c1011
00525c53
00555350
00545550
0054554f
00484a46
00474a45
00484a45
00484945
00474944
00484845
00484845
00484846
00474745
00484846
00484846
00474745
00474745
00474745
00464745
00474745
00474745
00464745
00474745
00474745
00474745
00464644
00464745
00464745
00474745
00474745
00474745
00474745
00474745
00464745
00464745
00464644
00474745
00474745
00444644
00464846
00494b48
004a4a48
004a4a48
004a4a49
004a4b4a
004a4a48
004a4b49
004b4b49
004b4b49
004b4b49
00494b49
004b4b49
004a4a48
00484a48
00484a48
004a4947
00484947
00464847
000c1534
00191b41
00181b43
00171d1f
001c3123
001b2b23
00232725
00282a31
001a1b10
00181b15
001b191f
00282a1a
001c1313
002f2929
00534a49
00353936
00444645
00151941
00101641
00101740
0011173f
0019193b
0028160d
0028160e
0022140d
00180d09
00181719
00121218
001a1717
00181919
00140c12
0031343b
00242531
000e1018
000c0c0f
000c0b0d
000c090b
00201c1d
002e2c2c
00302e2e
00302f2f
00302f2e
00312f2f
002e2d2b
00282a2a
0023292b
0020292a
00101214
002c2526
00160f0e
002c292a
001f1617
002c2930
001b1a1d
001c1a21
002b2a2d
002d2629
00272933
001f1c38
0021203e
0022253a
00272b35
002d3036
003f3f3f
00454444
00474646
00484846
00454846
00464846
00474947
00464947
00464947
00464947
00464947
00464947
00464947
00464946
00464947
00474947
00474947
00464946
00464846
00494846
00474846
00464745
00454744
00474946
00494845
00474844
00474847
00484a49
00474846
00484846
00484846
00474747
00474847
00474746
00484847
00474746
00484848
00484748
00474747
00484948
0049494a
00484848
00484948
00494947
00494947
00494a48
004a4a48
004a4a48
004a4b49
004b4b49
004b4c4a
004c4c4a
004c4d4b
004f4f4d
0050504e
0051514f
0051524f
00515250
00515250
00515250
00525351
00525352
00535350
00555451
00545553
00555553
00555553
00555553
00545554
00555552
00555651
00565553
00545554
00545651
00545651
00545552
00565553
00545651
00545551
00555552
00555554
00545553
00545452
00545651
00545450
00545452
00535350
0053534f
0052544f
0051534e
0051534e
0050524d
004f514c
0050504c
0050504e
0050504c
004f4f4d
004b4c4a
004a4a48
00484a48
00494a48
004b4b49
004b4b49
004a4b49
004a4b49
00494947
00474846
00494945
004b4b47
004d4d4b
004e4e4c
004e4e4c
004f504b
004f514c
004f514c
0051514e
0050524d
0050514d
0051524e
0051534e
0051534e
0051534e
0052544f
0052544f
00535550
00555651
00565652
00555551
00535550
00535550
00545551
00545551
00535550
00535450
00514b4b
00141311
00545450
0054564e
00545352
00474a45
00484a46
00484a45
00484945
00494945
00484845
00484846
00484846
00474745
00474846
00484846
00474845
00474745
00464745
00474745
00464745
00464745
00464644
00474745
00474745
00474745
00454644
00464644
00464745
00474745
00474745
00474745
00474745
00464745
00474745
00464744
00464644
00474745
00464745
00444644
00474946
00484947
004a4a48
004a4a48
004a4a48
00494a48
00494a48
004a4a48
004a4b49
004b4b49
004b4b49
00494b48
004a4b49
004a4a48
00484a47
00474a47
00494947
00484a47
00464846
000a142e
00181b43
00181b41
00141525
0039443e
00363f36
00272b25
00282b36
00151913
001b1f19
001b1a21
00272a20
004b4944
003f413d
00252323
00040200
0007050c
0010163e
000f173f
00101740
0010163e
0015163d
0026140f
0028160d
0022150d
00170b07
00191818
00131117
00181516
00181817
000f0a0d
001d1e26
001e1e28
00222228
000c0c11
000c0a0c
000b080b
001e1819
002d2b2b
002f2c2d
002f2d2d
002e2d2d
002d2c2c
002b2a2a
00282827
002e2524
00322626
003c3333
003f3637
002b2628
0029282c
002c292f
00272425
00292223
0024201c
002d2e2d
0025201f
00262c32
00232739
00222539
00202632
00262b32
00242127
003c3e3e
00414342
00454645
00474845
00454845
00454846
00464946
00464946
00464947
00464947
00464947
00464947
00464946
00464947
00464947
00464846
00464846
00464846
00464846
00464745
00464845
0043443e
004c4944
00494641
004a4842
00474645
00494744
00494845
00464745
00474746
00474746
00484646
00474746
00474746
00464746
00464747
00474747
00474747
00474846
00484847
00484849
00484847
00484947
00484947
00494947
00484947
00494a48
004a4a48
00494a48
004b4b49
004a4b49
004b4c4a
004d4d4b
004e4e4c
004f504e
0050504e
00505150
00515150
0052524f
0052524e
00535352
00535451
00545350
00545451
00545452
00555553
00555553
00555553
00545554
00555552
00555652
00555553
00545554
00545652
00545651
00545651
00565553
00545651
00545651
00565653
00555554
00545553
00545553
00545452
00555553
00535453
00535451
0052544f
0052544f
0052544f
0051534e
0050524d
0050524d
0051514d
0050504e
0050504c
0050504e
004b4b49
004b4b49
00494b48
004a4b4a
004b4b49
004b4b49
004b4b49
004b4b49
004a4b49
00494a48
004a4b48
004b4c49
004d4d4b
004e4f4d
004e4f4d
004f4f4c
004f514c
004f514c
0051514e
0050524d
0050514d
0050524d
0051534e
0051534e
0051534e
0052544f
0053544f
00535550
00555551
00565652
00555551
00535550
00535550
00545651
00545651
00545551
00545651
0053544e
003a2e2f
0014130f
00575c56
0052554e
00484a45
00484a45
00494a45
00484945
00484844
00484845
00474947
00474745
00474745
00474745
00484846
00484846
00464745
00474745
00474745
00464745
00464745
00464745
00474745
00474745
00474745
00464644
00464644
00464745
00474745
00474745
00474745
00464745
00474745
00474745
00434543
00454644
00474745
00444644
00444644
00474947
00494a48
00484a48
00484a48
00494a49
004a4a49
004a4a48
004a4a48
004a4a48
004a4a48
004a4b49
004a4b49
00484a47
00484a48
00494b48
00464947
00474947
00464947
00464845
001f2938
00181d42
00181b41
001a1d40
001c2042
001d1e3e
001c1b39
0013152e
000e0f28
000d0c22
0009091f
00060718
00090810
0019161b
00363434
002b2f2c
000c0917
00101740
0010173e
0010173f
0010163e
0012163e
00221410
0027150d
0023160e
00140a06
001b1a17
00121017
00171515
00171817
0011090d
00252a30
0023242a
00282830
000d0d11
000c090d
000b080a
00191213
002c292a
002d2b2b
002d2b2b
002c2b2b
002a2a2a
00292828
002f2322
0037160f
00371411
00321612
00381614
00300e0a
002e0c07
002d110b
0035140e
002e130f
00352d2c
003a2c2b
003b2c30
00342d31
002d2d30
002b2a2c
002d2a2c
002c2b31
00180e0f
003b3c3b
00404240
00434542
00444744
00454845
00454846
00464947
00454846
00464947
00464947
00464946
00454846
00454846
00454846
00454846
00454845
00464845
00464845
00454745
00454745
00464a46
0037352c
00453b2f
00473c2e
00463b2d
00453a29
0044392a
0043392a
00453d33
00423e36
00464339
0046453f
00454643
00454543
00494745
00474644
00464646
00484748
00464746
00474746
00474848
00484848
00474847
00484846
00484846
00484947
00494947
004a4a48
00494a48
00494a48
004a4a48
004a4b49
004c4c4a
004d4e4c
004d4e4c
004f4f4d
004f504f
004f504e
004d4f50
00535556
00525355
00505151
00535352
00555453
00545553
00555553
00555553
00555553
00555554
00555552
00545652
00555553
00555554
00555653
00545652
00545651
00555552
00555552
00555552
00555553
00555553
00545553
00545553
00555553
00545451
00535450
00535550
0052544f
0052544f
0052544f
0051534e
0051524e
0050524d
0051514d
0050504e
0051514d
0050504d
004a4b4a
004b4b49
00494b49
004b4b4b
004a4b49
004b4c4a
004b4c4a
004b4c4a
004a4b49
004b4b49
004b4b49
004c4d4b
004e4e4c
004e4e4c
004f4f4d
0050504e
004f514c
004f514c
0050524d
0050524d
0050524d
0050524d
0051524e
0051534e
0051534e
00535450
00545450
00545551
00565551
00565652
00535550
00535550
00535550
00545651
00545551
00545651
00555652
00535651
0053524f
00322829
0011090a
003d403a
00484a45
00484a45
00494945
00494945
00494944
00484845
00454846
00474745
00474745
00474745
00484846
00474846
00474745
00474745
00474745
00464745
00464745
00464644
00474745
00474745
00464745
00464644
00464644
00464644
00474745
00474745
00474745
00474745
00464745
00474745
00464a47
00454644
00464644
00444644
00434644
00474846
004a4a48
00484a48
00484a48
004a4a47
004a4a47
004a4a48
004a4a48
004a4a48
004a4a48
004a4a48
004a4b49
00484a47
00484a48
004a4a48
00464947
00464947
00464947
00464845
00323c46
00171e43
00161c41
00171b40
00181c41
00181d44
00191e43
00171d43
00171b43
00151b43
00131a41
0014193f
0014173a
000e0c17
000a090b
000f0b0f
000d0c20
00101640
00111741
0011183f
0010173e
0011163f
00160e0e
0024130c
0023140d
00100806
001b1a15
00111117
00151515
00171717
000b090c
0021242a
00242328
004c4e53
000c0a0f
000c090d
000b080a
00120c0d
002a2828
002b2829
002b2a2a
002b2829
00292828
00282526
002c2121
003a160e
00311415
002c1434
002d132c
002a0d25
00331325
00341616
002d1511
002d120f
0032140f
00381811
00391811
003d160f
003c1512
003a1510
003c1610
00371811
002d1614
00393b3a
003e403e
00404340
00424543
00444744
00464846
00464846
00454846
00454846
00454846
00454846
00454845
00444745
00434644
00434643
00424545
00434444
00424442
003f413e
003e3f3d
003d3e3a
00261f17
00413e36
00443a2f
00453b30
00453c2f
00473c2e
00473c2e
00473d2e
00483d30
00473b2c
00483c2d
00483a2d
0045392b
00433b30
0047423b
0044403e
00474545
00454544
00454544
00444745
00464745
00474744
00474745
00474745
00474745
00474745
00474846
00474846
00474846
00474846
00474846
004a4b49
004c4c4a
004d4e4c
004e4e4c
004f4f4d
0047444e
001e173b
00201945
000d0734
00191436
00575763
00515452
00535452
00545452
00555553
00555553
00545453
00565553
00545553
00555553
00555553
00565553
00555554
00545651
00555551
00555552
00555552
00555553
00555553
00545553
00545452
00545554
00545451
0053554f
00535550
0052544f
0052544f
0052544f
0051534e
0051534e
0051534e
0051514d
0050514f
0051514d
004f4f4c
004a4b4a
004b4b49
00494b49
004b4b4b
004b4c4b
004c4c4a
004c4c4a
004c4c4a
004c4c4a
004b4c4a
004c4c4a
004d4d4b
004e4e4c
004e4e4c
004f4f4d
0050504e
004f514c
004f514c
0050524d
0050524d
0050524d
0050524d
0051524e
0051534e
0051534e
0053534f
00555450
00555551
00565551
00565551
00535550
00535550
00535550
00545651
00545551
00545651
00555752
00565750
00565651
004d4f4a
004e4a49
0017090a
00474a45
00474a45
00494b45
00484a45
00474944
00474944
00474944
00484845
00464746
00474745
00484846
00464845
00454745
00474745
00464644
00454744
00454745
00464644
00474745
00474745
00474745
00464644
00464644
00464644
00474745
00474745
00474745
00474745
00464644
00464745
00464644
00464644
00474644
00454744
00444745
00474745
00474a48
004a4a48
004a4b49
004a4a48
004a4b49
00494a48
004a4a48
004a4a48
004a4a48
004a4a48
004a4a48
00484a48
004a4a48
00494a48
00474947
00474947
00474947
00474946
003e4a4c
00141b40
00161c41
00171c41
00171d40
00181d43
00181e43
00191e43
00171d41
00161c40
00151a41
00141a3f
0015193f
00131837
000e0c17
000e0b16
00131738
0011183f
0011173f
0010163d
000f163f
0013173c
00171212
001e100c
0023140d
00100604
001b1917
00101018
00141316
00161516
000b0a0b
00100f19
00110f1f
00100f1c
000c0a0f
000d0a0c
0011090d
000d0305
00282727
00292828
00282726
00282626
00292527
00242524
002c1d18
0036160d
0030150e
002a1825
00291725
00341f35
00362340
002a1834
002c213d
00301f3d
002c1734
002c1e36
00281a2b
00301733
00341536
00321720
003b1810
003a170f
00301e19
00373937
003c3e3c
0040423f
00424442
00434543
00444744
00454845
00454845
00444745
00444745
00444744
00434644
00424543
00424543
00424543
00434343
00414242
003e403f
003c3f3c
003a3d3a
003a3937
00392c27
001c1e20
00070402
00010303
00373430
00514b42
00403a31
00433b2c
00463a2c
00473c2c
00453a2c
00463a2a
00493d2f
0045392a
00453a28
0026182d
00160f22
003f3442
004f4443
00433c34
003e3931
003b3531
00474642
00424140
00454444
00444643
00454744
00444545
00454645
00444543
00454543
00464644
00474846
00484846
00494b48
004f4d4c
00272043
00282149
0027204a
00211d48
00201c48
00231d4c
000f0b30
00646771
00525252
00545454
00545553
00545553
00545553
00555553
00555552
00545651
00545651
00565552
00545651
00545651
00555552
00555553
00545651
00555553
00555454
00555552
00545551
00535550
00535550
00535550
0052534f
0052534f
0053534f
00545351
00525250
00525250
0051524e
0050514e
0051514e
004b4d4a
004a4c4a
00484b48
00494c49
004c4c4a
004b4c4a
004c4d4b
004c4d4b
004c4d4b
004c4c4a
004c4c4a
004c4d4b
004d4e4c
004e4e4c
004f4f4b
004f4f4c
0050504d
0051504e
00525250
0050524d
0050524d
0050524d
0050524d
0051534e
0051534e
0053534f
00555450
0056534f
00545550
00575551
00555551
00535450
00535450
00545651
00545651
00545551
00545551
00565752
00565751
00565751
0053554f
0051534d
00444544
00454a46
00474a45
00494a45
00484945
00474944
00484844
00484844
00474745
00464746
00474745
00474846
00454745
00454744
00474745
00464745
00444644
00444644
00464644
00464744
00474846
00474745
00464644
00464644
00464644
00474745
00464745
00464745
00464745
00464745
00464745
00464845
00454744
00464644
00444644
00434644
00464644
00484a48
004a4b49
004a4b49
004b4b49
004a4b49
004a4a48
004a4b49
004a4b49
004a4a48
004a4a48
004a4a48
00494b48
00484a48
00474a47
00484947
00464947
00474947
00474946
00424b4b
00151b40
00161c41
00171c41
00171c41
001a1c44
00191d42
00181e42
00171d42
00161c42
00151b3f
00141940
0010193d
0011183e
00161a3b
00121739
00121841
0011173f
0011173f
0011173e
0010173e
0010173e
00181114
00190d0a
0020120d
00150a08
001c1917
00120f18
00151215
00191617
000d0a0b
000d0d10
000b0b0f
000b0b0c
000c0a0d
000d090c
00343133
00040205
00252424
00262525
00262525
00262524
00262425
00272222
002b0f0f
00201513
001f0809
002b1214
00311510
0036180f
0035180e
00351713
00351917
00341917
00341a1b
0037181b
002d1316
002f1a1f
00311a29
00381b2c
003c180f
003b1810
0032231e
00363836
003b3d3b
003e403e
00424240
00424442
00424543
00434644
00434644
00434644
00434743
00434643
00424543
00414441
00414441
00404341
003f423f
003f403f
003c3f3c
003a3d3a
00393a39
00373533
00362b20
0025180e
00231811
001d1613
001d1713
001b1716
000e0a0a
00060201
00433b31
004a4439
00473c2e
0027190f
00493d2e
00443828
00443927
002c1e23
003c3042
003e3946
00343347
00201a36
00443b38
00473c2d
0042382e
00363c3b
00141724
0033303a
00454447
00454646
00424440
00444241
00434341
00444442
00444442
00444543
00464644
003c3742
00231c47
00231d47
00241d49
00221c48
00251d4b
001d1548
00231d4b
001d1849
004b4b5e
0050544f
00525352
00525452
00545553
00555553
00555553
00545552
00545552
00555552
00545551
00545651
00555552
00555553
00545651
00555653
00555553
00565653
00545651
00545551
00535550
00535550
00535450
00525351
00535351
00545351
0051524f
00525350
0051524e
0050514e
0051514f
004b4c4a
004b4c4a
00494c49
00494c4a
004c4c4a
004b4c4a
004d4e4c
004d4e4c
004d4e4c
004c4c4a
004d4d4b
004d4d4b
004e4e4c
004e4f4d
004f4f4c
004f504d
004f504d
004f514c
0050524d
0050514d
0050524d
0050524d
0050514e
0052524f
0051534e
0053534f
00555450
00565450
00545550
00565551
00555551
00535450
00535550
00545651
00545651
00545551
00545551
00565752
00565751
00565751
0055564f
00545450
00545450
00484946
00494946
00494945
00484a45
00484944
00484844
00484846
00474745
00474745
00474745
00474846
00474745
00474745
00474745
00464644
00464644
00464644
00464644
00464744
00474745
00464644
00464644
00464644
00464745
00464745
00474745
00474745
00474745
00464745
00474745
00454745
00444644
00474745
00454744
00434644
00464644
004a4b49
004b4b49
004b4b49
004b4b49
004b4b49
004a4b49
004b4b49
004b4b49
004b4b49
004b4b49
004b4b49
00484b48
00484b48
00484a48
00484a48
00464a47
00464947
00464845
00414946
00171c41
00161b40
00181b40
00373c4f
002a2f49
00222a3f
001c2139
00171b39
0015193a
0011153b
0010143a
0013183e
0014183d
00141a3f
0011193e
00111741
00121840
0011183f
0011173f
0010173e
0010173f
0024181d
00180e0a
001d0f0b
00170c09
001c1a15
00141219
00161215
00171514
000c090a
000d0b0e
000d090f
000b080b
000c090e
000d090e
00393437
00030202
00232121
00252323
00242323
00252223
00242223
002d201d
00453130
00453c3d
0035393d
0031303e
00381813
00250703
002b0c07
0036211f
002c120b
00230e0d
00341f1c
003c1812
00391913
00361813
00351811
00361811
003d1811
003b1812
00352623
00353735
003a3c39
003c3f3c
0041413f
00404340
00414441
00424542
00424543
00424543
00434543
00434543
00414441
00414441
00404342
003f4241
003e4140
003d3e3f
003b3d3b
00393b39
00383937
0031302d
003b3328
00413221
003f2e20
003e2d1c
003b2b1c
0037291a
0035261b
00302418
00312116
002e1e14
002b1c0e
00473a2b
00473a29
00483b28
00483a2a
00483a2e
00463a2e
004a3f34
004c3c38
002d2328
003c3030
00473d31
00463c2e
003d3836
00313740
002a2e33
00344147
002e383d
003a3d3b
00443e37
0042413f
00444341
00434341
00434341
00444543
00201a33
001f1943
001f1b47
00221a48
00211d4a
00201b49
001d1447
001b1246
00211b4a
00211c4a
004b4c5b
00525452
00525452
00545452
00555452
00555553
00545553
00555552
00545651
00555552
00555552
00555552
00565653
00545651
00545651
00555651
00555651
00545551
00535550
00545451
00545451
00545451
00535452
00535352
00535350
0051524e
0051534e
0050524d
0052524f
00515150
004b4d4a
004a4c4a
004b4c4b
004b4c4b
004c4c4a
004d4d4b
004c4d4b
004d4e4c
004d4d4b
004d4d4b
004d4d4b
004d4e4c
004e4f4d
004f4f4d
00504f4d
004f514b
004f514c
004f514c
004f514c
0051524e
0050524d
0051514d
0051514f
0052524f
0051534f
0053534f
00545450
00555450
00545450
00545450
00535550
00545450
00545451
00555651
00545651
00545551
00555552
00565752
00575852
00575852
00565850
00555651
0054554f
00484844
00484a46
00464845
00484a45
00474944
00484846
00464746
00474745
00474745
00474745
00474745
00474745
00474745
00474745
00464745
00464644
00464644
00464644
00464644
00464745
00464644
00464644
00464644
00464644
00474745
00474745
00474745
00464745
00474745
00474745
00454744
00444644
00474745
00454744
00444644
00464644
004a4a48
004a4b49
004b4b49
004b4b49
004b4b49
004b4b49
004b4b49
004b4b49
004b4b49
004b4b49
004a4b49
00494c49
00494b49
004b4b49
00484b48
00484a47
00494a48
00494947
00404843
00151c41
00161c41
00171c40
0017193a
001a1a3b
00151639
00202041
00292a43
00353853
00283046
00343a4a
00272d45
002a3149
002d354d
0013193f
0011173e
0011173f
0011183f
0010173e
0011173e
0012163f
002a1920
001c120c
001a0e0a
00170e09
001e1b16
00141319
00161215
00171515
000d0b0d
001b1819
00131213
00181516
00110f12
000b0a0d
003b393a
000c0909
00242121
00232121
00242121
00232021
00242020
00301813
003b140d
00300f0b
00230907
00321312
003a1710
00362922
00332a24
00383b38
00262926
002d2e2d
00504b49
00351b18
00371811
00391810
003a1711
003c1812
003d1811
003b1911
00332924
00333532
00383a38
003b3d3a
00403f3d
003e413e
003f423f
00404341
00414441
00414442
00424343
00424343
00404340
003f4240
003f4140
003d403f
003d3f3e
003c3d3d
003a3c39
00383a37
00363835
00302e2c
00383027
00473b2c
00473a28
00473929
00413729
00463829
00453726
00453525
00433525
00413624
0044392a
00483b2d
004a3c2e
00493b2b
00483b2c
004a3d2d
00544c43
00463b2d
00473d33
00423a2f
00453b2e
00493c32
00281c0f
00453a31
00292435
0031343a
003e4245
004d4f54
002b2b36
00463d33
00453f3b
00434140
00414240
00424341
00434342
0022193b
001d1640
001c1744
00201847
001f1a48
00211b48
00201a47
001e1648
001a1449
0020194b
001c1946
00585b5f
00515453
00545452
00545452
00555553
00545452
00555552
00545551
00555552
00555552
00565653
00555552
00545651
00545651
00555552
00555552
00545651
00535550
00545451
00545451
00545451
00535451
00545453
00535350
0051534d
0051534e
0050514e
0051514e
0050504f
004b4d4a
004b4d4a
004b4c4b
004b4c4b
004d4d4b
004d4d4b
004d4e4c
004e4f4d
004d4d4b
004d4d4b
004d4d4b
004e4f4d
004e4f4d
004e4f4d
00504f4d
004f504d
004f504d
004f514c
004f514c
0050524d
0050524d
0051514d
0051514f
0052524f
0052534f
0053534f
0053534f
00545450
00545551
00555551
00535550
00545450
00545451
00555651
00545651
00545551
00555552
00565752
00575852
00585953
00575752
00565750
00565751
00484a45
00484a45
00474945
00484945
00474944
00484846
00474746
00474745
00474745
00474745
00464745
00474745
00474745
00464745
00464745
00464644
00464644
00464644
00464644
00464745
00464745
00464644
00464644
00464644
00474745
00464745
00474745
00474745
00474745
00474745
00454745
00444644
00454644
00464745
00444644
00444644
00484a47
004a4b48
004c4b48
004b4b49
004b4b49
004b4b49
004b4b49
004b4b49
004b4b49
004b4b49
004b4b49
004b4b49
004b4b49
00494a48
00484a48
00484a48
00484a47
00484947
00434944
00151d41
00161b41
00171c41
00353b52
00353d4d
00363c4c
002c3349
00272b46
00242741
001b1938
001e1e42
000b0f2c
0011173b
0013173c
0016193f
0012183d
0011173f
0011183f
0010173e
0010173f
0010163e
00281e29
0023160e
001e120c
00180e0b
001f1a16
00131119
00131114
00151415
000a0a0b
00161015
00141115
00130f13
00121214
000d0b0f
000b090b
000d090c
001a1918
001f1f1f
00211f1f
00201f1f
00241e1c
0038170e
003a170e
003a170e
003b1711
0034100a
0031100f
003a221f
0036211f
00201a1a
005f5651
00474745
001a0403
00554e4d
003b1b17
003b1911
003c1912
003c1912
003c1912
003b1912
00342a26
00343432
00383937
003a3b39
003b3d3b
003d3f3c
003d403d
003e413f
003f423f
003f4241
00414140
003f4140
003e413f
003e4140
003d403f
003c3f3e
003b3d3d
00393c3b
00393a39
00363736
00343535
00322f2c
00312820
00463727
00493a28
00483b28
00483a29
00493b2c
00493a2b
00493b2c
00483c2d
00473d2b
00483d2e
00463c2e
00483c2f
00443932
00453b30
00453a2d
00423f37
00443b31
000d0400
00484a4b
00343734
00200e09
0047352b
000d080a
00100a09
00231d25
0023232d
002c2632
002f2740
0045423c
00433d35
00413e3c
0040403f
00414240
00434242
001d1636
001a143e
001d1543
001d1648
001e1748
00201949
00211a48
00221a49
001f174a
001c1447
001c1649
0018163d
004d514f
00535351
00525452
00545452
00545452
00535550
00535550
00535550
00545452
00535452
00545551
00545651
00545651
00545651
00555653
00555552
00545551
00545450
00545452
00545453
00545451
00545451
0052544f
0052534f
0052524f
00505150
0050514f
0050504e
004c4c4a
004c4c4a
004a4c4a
004a4c4a
004d4d4b
004d4d4b
004e4e4c
004e4e4c
004e4e4c
004e4e4c
004e4f4d
004e4f4d
004f4f4d
004f4f4d
004f4f4d
0050504e
0050504e
004f514c
0050514d
0050504c
0051514e
0050524d
0050524d
0050524d
0051534e
0051534e
0052544f
00535450
00535550
00535450
00535550
00535550
00545451
00555651
00545551
00545651
00545651
00565752
00575852
00575852
00575852
00575852
00565751
00484a46
00474944
00484945
00484945
00474944
00484846
00474746
00474745
00474745
00464745
00464745
00474745
00474745
00464745
00464644
00464644
00464644
00464644
00464644
00474745
00464644
00464644
00464644
00464644
00474745
00464745
00474745
00474745
00474745
00474745
00454745
00414441
00464745
00474745
00454644
00454644
00474947
00484a47
004b4c49
004b4b49
004b4b49
004b4b49
004b4b49
004b4b49
004b4b49
004b4b49
004b4b49
004a4c49
004b4b49
00494b48
00474a48
00484a47
00474947
00484947
00454946
000c1837
00151b40
00171b40
00171736
0017193a
0018193c
001d1e41
001a1a3b
00191c39
00232844
00181d3c
0030384c
00242d45
002a2e48
003f4156
002c364d
000f1640
0010183f
0010163e
000f163d
0011173e
00241c2d
0024160e
0021140c
001b0f0c
001e1713
00110f15
00131013
00121313
000d0a0b
000e0c10
000f0d12
000e0a0c
000c0c0e
000c080c
000a080b
000e0a0e
00120f12
001e1d1d
001d1e1e
001e1d1d
002b1915
0037150c
003b160d
003b170e
003a170e
0032130c
004e4844
00130402
004e4c48
00464644
00210d0e
003c3d3a
004b4846
001f1714
0070625b
003d1911
003d1912
003d1912
003d1911
003b1813
00322b29
00343432
00383836
00393b38
003a3c3a
003b3d3b
003b3e3c
003c3f3d
003d3f3e
003e4040
003e3f3e
003d403e
003d3f3e
003d3f3e
003c3f3c
003b3d3d
003a3c3b
00393b3b
00383939
00363736
00343433
00302e29
0044362f
004b3c2b
004a3c2b
00493b2b
00483b29
004a3c2b
004a3c29
004a3d2a
00473c2b
00483c2b
00493d2c
004b3d2d
002c1f29
00190e40
001a1141
0019113e
002e294b
002a253e
003d3b46
00443f48
002f3033
0049443e
00433831
00403d41
00393633
001c1212
00403b3a
00312419
00311f13
002b1c14
00140803
003e3d38
003d3e3c
0042403e
00464445
00181237
0018123a
00191340
001a1347
001c1649
001c1549
001d1748
00211a4b
00211a49
00211a49
001e1749
001b1647
00212636
00535550
00525352
00535452
00545552
00535451
00535451
00535550
00535451
00545452
00535451
00535451
00545651
00545551
00555653
00555552
00535550
00545451
00545453
00545453
00545451
00535350
00535450
0052534f
0052524f
0051514f
0050514f
004b4c4a
004c4c4a
004c4c4a
004a4c4a
004b4d4a
004d4d4b
004d4d4b
004e4e4c
004e4e4c
004e4e4c
004d4e4c
004e4e4c
004e4f4d
004f4f4d
004f504e
004f504e
0050504e
0050504e
0051514e
0052514f
004f504d
0050524d
0050524d
0050524d
0051524e
0051524e
0052524e
0052544f
00535450
00545550
00535450
00535550
00535550
00545450
00555651
00545651
00545651
00555551
00565752
00575852
00585953
00575852
00575852
00565751
00484a45
00484945
00484944
00474844
00474944
00484846
00474745
00464745
00474745
00464644
00474745
00454745
00454745
00464745
00464644
00464644
00464644
00464644
00464644
00464745
00464745
00454644
00464644
00464644
00474745
00474745
00474745
00474745
00474745
00474745
00454745
00414341
00454644
00464745
00464644
00464644
00484947
00484a48
00494b48
00494b49
00494b49
004b4b49
004b4b49
004b4b49
004b4b49
004a4b49
004b4b49
00484b48
004a4b49
004b4b49
00474a48
00484a48
00474947
00484947
00474848
0008112e
00161b41
00161b40
001e1f3d
002d324a
003c4156
002b3045
00373d4d
002e354d
00222741
00292842
00151738
00141736
0017193c
00151a3c
0013163a
00131940
0010173f
0010173e
0010173e
0010173e
001e182c
0025160d
0020130b
0019100b
001d1812
000f0e13
00110f12
000b0a0c
000b0809
000d0a0b
000c080c
000c080b
000d0a0c
000e0b0d
000c0a0d
000f0d0f
00130f12
00120f10
001d1b1b
001e1b1b
0030150e
0034150b
00301006
003a160d
003b170e
003e1710
002e0906
00340c0a
002c0f09
00311613
00594645
00331a16
002a0803
0031120c
003c1c12
003d1911
003d1911
003c1811
003d1912
003b1813
002e2b29
00343230
00373735
00373937
00393b38
003a3c3a
003b3d3b
003b3d3b
003b3e3c
003c3f3d
003d3f3c
003c3e3c
003d3e3d
003c3e3c
003b3d3a
003b3c3b
00383b3a
00383a3a
00363838
00353636
00343332
00302e29
003f332d
0040382e
00575755
00525251
00413a37
0031271b
00332c1e
002f271b
00463a2f
00493d2d
004b3d2d
004a3e2e
001a0c22
00181244
00191246
001a1248
001c1349
001a1145
001a1245
00191247
00150e41
00140b3f
001c1345
0012072a
00322d42
003c3743
0040393e
00453e3a
003e3627
003e3025
003e2e1e
00403a34
003b3d3b
003f3f3e
003f3738
00191133
00161039
0017113d
001a1344
001c1449
001d1649
001d164a
001e1749
001f1848
00211a4b
00221b49
001e1846
00232149
004f534f
00525350
00535351
00535452
00545453
00545453
00535550
00535450
00545452
00545452
00545452
00535450
00535550
00535550
00545451
00535550
00545550
00545452
00545452
00545451
00535350
00535350
00535350
0052524f
0052524f
0051514e
004a4a49
004c4c4a
004c4c4a
004c4c4a
004c4d4b
004c4d4b
004d4e4c
004e4e4c
004e4e4c
004e4e4c
004e4e4c
004e4e4c
004f4f4d
004f4f4d
004f504e
0050504e
0050504e
0050504e
0051514e
0050504e
004f514d
0050524d
0050524d
0050524d
0050524d
0053534e
0054534f
00545450
00555551
00555551
00535450
0052544f
00535450
00535550
00545651
00545651
00545651
00565552
00575752
00575852
00575852
00585953
00575852
00575852
00484a45
00484945
00494a46
00474944
00474944
00474845
00484846
00464745
00464644
00464644
00474745
00464745
00464745
00464644
00464644
00464644
00464644
00464644
00464644
00464644
00464644
00464644
00464644
00464644
00474745
00464745
00474745
00474745
00474745
00464745
00464745
00464745
00464745
00464745
00464644
00464644
00474745
004a4a48
004b4b49
004a4b49
004a4b49
004b4b49
004b4b49
004b4b49
004b4b49
004a4b49
004a4b49
004a4b49
004a4b49
004a4a48
00484a48
00474a48
00474947
00494947
00464947
000f182e
00151b3f
00161b41
001a1e3d
0021243c
001a1f3d
0016193b
00111235
0016173b
00171535
00191c39
00252a45
00272d4a
002b2d49
00383c52
0031364f
0012183e
0010173e
0010173e
0010163e
0011163f
001e192e
0025160d
001f130b
0019100c
001c1714
000f0e12
000f0d0f
000b080b
000c080b
00100d0e
0008070c
0009080b
00160d10
00100b0f
000d0a0d
000f0c10
000e0f11
000f1012
00100d0e
001f191b
0030150e
00311209
00321309
0038160e
003a170f
003a160e
003b1810
003b1611
003b1911
00411a14
003c1810
003f1911
00451913
003f1911
003f1c14
003d1810
003d1810
003d1910
003e1710
003a1811
002d2b28
00323230
00353634
00373835
00383937
00393a38
003b3b39
003b3c39
00393c39
003a3d3a
00393d3a
003a3d3a
003a3c3a
003a3c3b
003a3c3b
003a3b3b
00393a39
00383939
00363636
00333434
00323131
002f2d2a
002f2924
003e3830
001a1515
00191216
0027282f
000a070b
004a4543
00322d26
004b463f
00493f2f
004b3e2e
004a3e2d
00120729
00191247
00191247
001a1247
001e164b
001a1247
001b1347
00191247
001e144a
00181146
00191447
001c1347
00191247
001a1348
001a1248
00191243
0019133b
00493f30
004c3e2f
00473e32
003c3c3b
003c3e3c
001f1313
001e1325
00171137
0017103c
0017123f
001b1345
001d144a
001d154a
001d174b
001d174c
001e184b
001f1a49
00211b49
00231e4a
0054575e
00535351
00535351
00535352
00535351
00545452
00545552
00545550
00545452
00535453
00535453
00545450
00535550
00535451
00535451
00545451
00535550
00545550
00545451
00545451
00535350
00535351
00525350
00525251
00505150
0051514f
004b4c4a
004c4c4a
004c4c4a
004a4c4a
004d4e4b
004d4e4b
004e4e4c
004e4e4c
004e4e4c
004e4e4c
004e4e4c
004e4e4c
004f4f4d
004f4f4d
0050504e
0050504d
0050514e
0050504e
0050524d
0050514d
0050514d
0050524d
0051524e
0050524d
0050514d
0051524e
0053534f
0054534f
00565551
00555551
0053544f
00535450
00535550
00545551
00545651
00555652
00555651
00575653
00575752
00575952
00575852
00585953
00575852
00575852
00484945
00474844
00474844
00474944
00474944
00474944
00474744
00464843
00464744
00454644
00474745
00474745
00474745
00464644
00464644
00464644
00464644
00464644
00464644
00464644
00464644
00464644
00464644
00464644
00474745
00474745
00474745
00474745
00474745
00474846
00474745
00474745
00464745
00464644
00464644
00464644
00464745
004a4a48
004b4b49
004b4b49
004a4b49
004a4b49
004a4b49
004b4b49
004b4b49
00494b49
00494b49
004b4b49
004a4a48
004a4a48
00484a48
00484a48
00484947
004a4948
00474947
00313d47
00161c3f
00151a40
00191a3f
001d213d
00212645
00282c44
00373a4e
003b4353
00383e51
001f2339
002f3248
0019213c
00141a37
00070c32
00151b42
0011173f
00101740
0011173f
0010173e
0011163f
001f1836
0023170e
0021140b
00180e0b
001f1a19
000e0d10
000c090c
000d070c
000c090d
00161416
00131215
000e0d10
000b0304
000b090d
000b0a0d
000d0b0e
000f0e10
000e0c0e
000c090a
00161112
00250c0a
002c120d
002b0f0a
002b0f0a
002c0f0b
002f100d
0033110d
0036130d
004c3830
00160f0b
00231813
002d1d18
0027140f
002e0f09
003a170f
003c1811
003c1810
003c180f
003a170f
00331611
002c2927
0030302e
00343533
00363735
00373836
00383937
00393a38
003a3a38
003a3a38
003a3b39
00373a39
00383a39
00373a38
00383a3a
00383a39
00393a39
00383938
00373736
00343534
00313231
0030302f
002e2c2b
003d3430
0049433d
00393b3a
003e3d3e
00504f51
00444540
00423c3b
001d1614
00302b23
00493f30
004a4030
004b3f30
00180e3b
001a1247
00191247
00181148
001a1248
001a1346
004b425d
001e1939
00180f39
001f1342
001b1248
001e144b
00191248
00191349
00191248
00191348
001a1546
004a3d30
004b3f30
004a3f32
003b3b39
003b3d3b
001d1010
0033292b
00171035
0015103b
0016103f
00191343
001c1549
001b154b
001c154b
001c164c
001e184d
001f194b
00201a4b
00231c4b
00303141
00515250
00525351
00535351
00535351
00535452
00535452
00545450
00545451
00525453
00525453
00545451
00535450
00535451
00535351
00545451
00525350
00525350
00535350
00535350
00535350
00535351
00525250
00525250
004f5250
0051514f
004b4d4a
00494c4a
00494c4a
004a4c4a
004d4d4b
004d4d4b
004e4e4c
004e4e4c
004e4e4c
004e4e4c
004e4e4c
004e4e4c
004f4f4d
004f4f4d
004f4f4d
0050504c
004f504d
0050504d
004f514d
004e514c
0050514d
0050524d
0051514e
0050524d
0050524d
0051534e
0051534e
0052544f
00545550
00545450
00545450
0052544f
00535550
00545651
00545651
00555651
00555651
00575652
00565752
00575853
00575852
00585953
00585953
00575852
00484a45
00484945
00474944
00484845
00484845
00474944
00464843
00464843
00454644
00464644
00464745
00474745
00464644
00464644
00464644
00464644
00464644
00464644
00464644
00454644
00464745
00454644
00464644
00474745
00464745
00474745
00464745
00474745
00474745
00464745
00474745
00474745
00464644
00464644
00464644
00454644
00454644
004a4b49
004b4c4a
004b4b49
004b4b49
004b4b49
004b4b49
004b4b49
004b4b49
004b4b49
004b4b49
00494b49
00494b49
00484a47
00494b48
00474a48
00474a48
00494a48
00484a47
003f494d
00141a3f
00161b3f
00161a3d
00383f54
0032364b
001a2038
000f1232
0018183b
000f1232
0015143b
00111238
00181c41
00212346
00282c47
00121639
0011173e
0011173f
0010173e
0010163d
0012173e
001b1836
0025170f
0021140b
00180e0b
00181412
000e0d0e
000b080b
000b070b
000f0d0e
00100f12
000f0b10
00131116
00151115
001e1a22
000b0a0d
000c0b0e
000d0c0e
000f0c10
000c090b
000d080a
00260d0a
00290f0b
00270e0b
00260d09
00290e0a
002a0f0b
002c0e0b
002f100b
0040332b
000a090a
000b090c
00080101
003b2c28
00352923
0034170f
00381710
00371812
003a1810
003d1a11
002f1c19
002b2a28
0030312f
00333331
00343533
00363634
00373735
00373735
00383937
003a3a38
003a3937
00383936
00383a37
00383a38
00373838
00373937
00383836
00373836
00353634
00333433
00313130
002e2e2d
002d2b28
00473e35
00484638
002d2825
00322d2e
00494847
00383534
00514f4d
004e4f4e
00332f29
004b4134
004a4133
004d4235
001b1142
001a1246
00191247
00181148
00181248
00140e41
00615f6f
005e5f6a
006b6c6e
0056555e
00232332
0001011f
00181247
00191348
00181249
00191348
00150f3c
004c3e31
004c4031
004b3e32
003a3936
003d3d3b
00281818
001e0b0c
00261c26
00181038
0019123b
00171242
00181346
001b1649
001e184c
001d174c
001e184e
001f184d
001e184d
001f184b
001c1d33
0050514d
00515250
00535452
00535351
00535351
00535351
00535451
00545451
00535453
00525452
00535452
00545551
00545452
00535351
00535351
00525350
00535452
00525251
00525250
00535351
00525351
00525250
00515251
00505251
0051514f
004c4c4a
004a4c4a
004c4c4a
004a4c4a
004c4d4b
004d4d4b
004e4e4c
004e4e4c
004e4e4c
004e4e4c
004e4e4c
004e4f4d
004f4f4d
004f4f4d
0050514f
0051514e
004f504d
004f514c
0051504c
0050504c
0050514d
0050524d
0051514e
0051534e
0051534e
0051534e
0051534e
0051544f
00525550
00535450
0052544f
0052534f
00535550
00565652
00565652
00565652
00555653
00575652
00565751
00575753
00575852
00575852
00575852
00575852
00484945
00484945
00474944
00484845
00484845
00464843
00464843
00454644
00454645
00464644
00464745
00474745
00464745
00464644
00464644
00464644
00464644
00464644
00454644
00464644
00464644
00464644
00464644
00464745
00474745
00474745
00464745
00474745
00474745
00464745
00474745
00464745
00464644
00464644
00464644
00454644
00454644
00494a48
004b4b49
004b4b49
004b4b49
004b4b49
004b4b49
004b4b49
004b4b49
004b4b49
004b4b49
00494b49
00494b49
00494b48
00484a48
00484a48
00484a48
00494a48
00474a47
003f484a
00151a3f
0015193e
001a1b43
00191a3a
00111334
00161935
0020203c
00303249
001f2441
00343a50
00383f52
002f314a
00272d47
001e2441
001b223d
0011163e
0012173d
0010173d
0010173d
0012163f
001b1839
00261710
0020140b
00160d09
00110d0e
000b0809
000c080b
000b0a0c
00160e14
000b080c
000f0c11
000d080d
0008060c
00402e35
000e0c10
000a0b0d
000c0b0d
000d0b10
000c080a
000c090b
00270d0a
00290e0b
00270e0a
00280e0b
002a0f0c
002b0f0d
00280d0b
002a0e0b
00240e0a
00100d0f
000c070a
000b070b
000e0505
003c2c26
00260a05
001f0f0c
002a1f1e
002d1414
00351410
00341e1c
002b2c28
0030302e
00333331
00343432
00353533
00363634
00363634
00373735
00373836
00373836
00373735
00383836
00373837
00363737
00373735
00363735
00363634
00343533
00323231
002f302f
002d2d2c
002e2b29
00493f35
003a3734
001e1b19
00454240
004c4c4c
0051514d
00565755
00545452
00403a32
00494234
004a4234
00494137
001c144a
001b1247
00191247
00181147
00181247
00171245
00413d5c
0046435a
005a5971
002d2b3d
00383945
00161437
00191249
00191349
00191348
001a1349
00141030
004b4032
004c4032
004b3e32
00393a37
003d3c3a
00231414
00210e08
002b1b1c
001f172a
0016113d
0016123f
00181244
00191344
001a1549
001e184b
001f194e
001f194e
001e184d
001f1a4d
00303244
0051524f
00505250
00515350
00525351
00535351
00535351
00535351
0053534f
00545452
00535452
00535452
00535451
00545451
00535351
00535351
00545451
00525351
00515251
00525250
00525250
00525250
00515250
00515250
00515250
004d4d4b
004c4c4a
004c4c4a
004a4c4a
004a4c4a
004b4d4b
004d4d4b
004e4e4c
004e4e4c
004e4e4c
004e4e4c
004e4e4c
004e4f4d
004f4f4d
004f4f4d
004f504e
0051504e
004f514c
004f514c
0052504e
0050514e
0050514d
0050524d
0051514e
0050524d
0051524e
0051534e
0052544f
00545450
00555551
00535450
0051544f
0052544f
00535550
00565652
00565652
00565752
00565652
00555651
00575751
00575853
00575853
00575852
00575852
00575852
00494946
00494946
00494846
00484845
00494945
00474743
00474743
00464644
00454644
00464644
00464644
00474745
00474745
00464644
00464644
00464644
00464644
00464644
00464644
00464644
00464644
00454644
00464644
00464644
00474745
00464644
00444644
00474745
00464745
00464745
00464644
00464745
00464745
00454644
00474644
00474644
00464644
00494a48
004a4a48
004a4b49
004a4b49
004b4b49
004b4b49
004b4b49
004b4b49
004a4b49
004b4b49
00494b49
00494b49
004a4c49
00474b48
00494a48
00484a48
00474946
00464a47
00444948
00181b41
00161b40
00181940
002c2b48
00323852
00302f4a
00242a42
001f243b
00181d37
00101235
000f1138
00111235
00111033
00181b3b
00222241
000d1539
00151640
0013183e
0012163e
0012163e
0019183a
00261812
0020140b
00120c08
000c0808
000b0809
000b080d
0011090e
001e151f
000a090c
000a090d
0009070b
000b070c
000b050a
000f0c10
0008080b
000b0a0d
000b080e
000b070b
000d080a
00290c0a
00250e09
00270e0a
00270e0b
00524a4b
00776b6a
004c4646
000c0604
005b5654
000e0c0c
000b0507
000b0809
000b0809
002f1913
00443c39
0027231f
005e5352
00130e0c
00372924
002d150f
002c2c29
00302f2d
00323230
00333331
00333331
00343432
00343432
00333533
00343633
00353634
00353636
00343535
00363633
00363633
00353533
00343533
00333432
00323331
00313231
002f2f2e
002c2d2c
00302c2b
00484038
00383431
005f5f5c
006c6d6e
005c5d5c
00484a47
00363633
00201815
004b4336
004b4237
004b4236
00494137
001b1348
001d1348
00191247
00191248
00181446
001b1347
001a1445
001a1447
001a1447
001a1041
00140b3d
00161045
00191349
0019134a
001b1349
001d1449
001d192e
004d4135
004d4232
004a4036
00383939
003c3c3a
001f0c0a
00220d0a
00230e0a
00362624
00201929
0015123c
0019123f
00181242
00191346
001a164a
001e164c
001f194c
00201a4e
001f1b4a
0051545c
0050514f
0050524f
00525250
0050534f
00515350
00515350
00545450
0052544f
00535351
00545452
00545452
00545451
0052544f
00535351
00535351
00535351
00535351
00525251
00525250
00535350
00525250
0050514f
0051524f
0051514d
004c4d4c
004a4c4c
004a4c4b
004b4c4b
004c4c4a
004d4d4b
004d4d4b
004d4e4c
004e4e4c
004e4e4c
004e4e4c
004e4e4c
004f4f4d
004f4f4d
004f504e
004f504e
0050504e
0050504d
0050504d
004f504e
0050504e
0051514d
0052524f
0050524d
0050524d
0050524d
0051534e
0052544f
00545450
00575551
00535450
00535450
0053544f
00535550
00545651
00555752
00565751
00565751
00565751
00565751
00575852
00575852
00575952
00575951
00585a52
00494946
00494946
00494846
00474845
00474844
00464746
00474746
00464644
00454644
00464644
00454644
00464644
00464745
00464644
00464644
00464644
00464644
00464644
00464644
00464644
00464644
00454644
00464644
00464644
00464745
00464644
00444644
00464745
00474745
00464745
00464644
00464644
003f413e
00444644
00464644
00444744
00434643
00494947
004a4a48
00494a48
004a4b49
004a4b49
004b4b49
004b4b49
004b4b49
004b4b49
004b4b49
004a4b49
004a4b49
004a4c49
00484b49
00484a48
00484a47
00474947
00484a47
00454848
00161b3d
00171b3e
00151a3f
00222546
00111734
00171839
0016173c
00191738
001f2441
002c334b
002a3248
001f233f
00373a50
00303648
00101738
0013183e
0013173d
0012173e
0012163e
0011163d
00151639
00251713
001c1109
00100a07
000c0709
000c090a
000f0b0e
002b262b
000b0a10
000b090e
000b0a0e
000e0c11
0009070b
000b070c
000a0308
00140d12
000d0b10
0009090c
0009080c
000a0809
00280d0b
00270e09
00250e0b
00260907
005a5453
00655e5a
00444442
00050504
00575454
00333030
00504f4f
000e0b0b
000e0a0a
002e0f0b
00675d5a
00291b18
00524d4b
00211514
00280d08
0026110a
002c2b29
002d2f2c
002f312f
00313230
0031312f
00333331
00333331
00323431
00323432
00353432
00333434
00323432
00343432
00343432
00343432
00333331
00323331
0030312f
002e2e2d
002d2d2c
002c2c2b
00353131
00454139
005f5e59
005c5d5e
0055565a
001f1b1b
00000200
00070001
00040509
004c463b
004b443a
004a433a
00494239
001a1445
001b1248
001a1347
00181447
001a1345
00030102
00020001
000c0913
0008010c
001a152c
00181238
001a1448
00191348
001a1449
001a1449
001b1548
0045434b
004e4334
004d4234
00473f36
003a3b3a
003c3c3a
00210e0b
00210e09
00250e0a
00240e0a
00312221
00281f29
001c1537
00181243
00191246
001a1348
001b154a
001e194c
00201a4b
0020194b
00515655
004e504e
004f514f
00525250
0050524f
00515351
00515351
00535450
0052534f
00535351
00535452
00545452
00545451
00525450
00535351
00535351
00535351
00535351
00525350
0051524f
0052524e
0051514f
0051514f
004f504d
0051514e
004c4c4b
004a4c4c
004a4c4b
004c4c4b
004d4d4b
004d4d4b
004d4d4b
004d4e4c
004e4e4c
004e4e4c
004e4e4c
004e4e4c
004f4f4d
004f4f4d
004f4f4d
004f504e
0050504e
0050504d
0050504d
004f504e
0050504e
0050514e
0050514e
0050524d
0050524d
0050524d
0051534e
0052544f
00545450
00565551
00535450
00535450
00535450
00545551
00545651
00555752
00565752
00565751
00565751
00565751
00565751
00575852
00575853
00575753
00575753
00474944
00474944
00474845
00484846
00474845
00464745
00464745
00454644
00454644
00454644
00464644
00464644
00464644
00464644
00464644
00454644
00464644
00464644
00464644
00454644
00464644
00464644
00464644
00464644
00474745
00464644
00454744
00464644
00464745
00464644
00464644
00464644
00444644
00444644
00434644
00454744
00464543
00474847
00494b48
004a4a48
004a4a48
004a4a48
004b4b49
004b4b48
004a4a47
004a4b49
004b4b49
00484b49
00484b49
00494b49
00484b48
00484a48
00484a48
00484846
00494948
00454847
000d1636
00151b3e
00171a3e
00141536
001d2340
002f3349
0022283d
00282c47
00242d45
00191a37
00191b39
00101431
00111638
00101037
0013173e
0014183e
0012173e
0012173d
0012173e
0011163d
0014163b
00241911
001d130a
00100a08
000b0709
000d0a0c
000e0b0e
000c090e
000b0b0e
000a080d
000c0a0f
000a090d
0009080c
0008070b
000b070c
00050003
002a2628
0009060a
0009060a
000a0708
00250c0b
002b100a
002a0f0c
00280f0b
006c5e5f
003b2828
004a3435
003d3130
002b1512
00575955
0050504e
000c0b0a
000f0a0b
002c0f0a
00270a07
0030211c
00484441
0049493f
002f110c
0025120d
002a2a28
002d2e2b
002f312f
00303130
0031312f
00313231
00323231
00313330
00323431
00323332
00323432
00313330
00313332
00313332
00323230
0030322f
0030302f
002f2f2d
002e2f2e
002c2d2c
002a2b2a
00393332
0047423a
00575753
004c4d4e
00464545
004c4c4a
00484a49
0050524f
004a4b4a
004a443d
004a443c
004a443c
00484340
001a1446
001a1349
00191348
00191348
001b1544
00595a5c
004c4a48
00000100
004a4a4a
002a292b
00646366
001a1335
001b154a
001b154a
001b154a
001a1447
004f4b47
004c4436
004d4437
003f3a34
003a3b39
003c3d3c
0025110f
00210d0b
00240d0b
00240d0b
00230d09
002b1816
00392d33
001b152c
001c1445
001b1349
001a1548
001f1b4a
00211b4d
00201d4a
004d5052
0051514d
004f514e
0051514f
00515350
0050524f
00525351
0052544f
00525350
00535351
00535351
00535351
00525351
00535451
00515351
00515351
00525251
00525351
00525350
0051534e
0051534e
0050514e
0051514f
0050514e
004e504e
004b4c4a
004b4c4b
004a4d4a
004c4d4b
004d4d4b
004d4d4b
004d4e4c
004d4e4c
004e4e4c
004e4e4c
004e4e4c
004e4e4c
004f4f4d
004e4f4d
004f504e
004f504e
004f4f4d
0050504d
0050504d
004f504d
004f504e
0050514f
0051524f
0050524d
0050524d
0050524d
0051534e
0052544f
00545450
00555450
0053544f
00535450
00535550
00545551
00555652
00565752
00555752
00555752
00565751
00565751
00565751
00575852
00575852
00575852
00575852
00474844
00474944
00474845
00484846
00474846
00464745
00474745
00464644
00454644
00464644
00464644
00464644
00464644
00464644
00464644
00464644
00464644
00464644
00464644
00464644
00464644
00464644
00464644
00464644
00464644
00464644
00464644
00464644
00464745
00464644
00464644
00464644
00464644
00464644
00464644
00454644
00444544
00454746
00484a47
004a4a48
004a4a48
00494a48
004a4a48
004a4a47
004a4a47
004a4a48
004b4b49
004a4b49
004a4b49
00494b4a
00494c4b
00474a48
00494b48
00494947
00484948
00464946
000b142f
00161b3e
00151b3c
00333754
00283149
00272646
00121536
0014173c
00131737
0022263f
001e2442
00202745
00252a43
00383c53
001e2542
0012173e
0012173d
0012173d
0011163d
0010173d
0013153c
00211812
001c1209
000f0907
000b0809
000d0a0d
00110f10
00131217
000d0a0f
000c0a0f
000c0a0f
000a080d
000a080d
0009080c
000a070c
000a080b
000c080c
000c080d
000d0a0e
000a0708
00260e0a
002b0e09
00240d09
001e0201
003a2a2b
003d3132
00655d5d
00675858
00170d0e
00110d0d
000f0c0d
000e0a0a
00140b0b
002d0f0a
0030140d
0049322c
0027110d
00200c08
0030110d
0024100d
00292928
002d2d2b
002d2e2d
002d2f2f
002f302f
00303031
0030302f
0031312f
00303230
00303131
00303231
0030322f
0030322f
002f312e
002e302e
0030312f
002f2f2f
002d2e2d
002c2d2b
002b2b2b
00292929
00241f1e
0044433c
00454442
000b0d0b
00272120
004d4d4c
00494c4a
003e3938
00292827
0049443b
004a453c
004a453c
00524e4f
001b1447
001a1348
00191348
00191348
001f1842
004c4d4d
004c4c4b
0006070a
005f605d
004d4d4c
005d5c59
00120b26
001b154a
001b154a
001a1648
001d164a
00474239
004c453b
004c4539
003b3935
003c3c39
003c3e3d
002c1714
00210e09
00220e0b
00220d09
00250d0a
00270806
00220a06
0041342d
002e292c
00211a2e
001d1a3c
00201a48
00211c4a
0022213a
004e514c
00515051
004f514f
00505350
00505250
00505251
00525250
0051524f
00515350
00535351
00535351
00535351
00535351
00525250
00505250
00515350
00525150
00525250
0052524e
0051534e
0051534e
0050524d
0051514e
0050504e
004b4e4b
004b4b49
004b4c4a
004b4c4a
004b4d4a
004d4d4b
004d4d4b
004e4e4c
004d4e4c
004d4e4c
004e4e4c
004e4e4c
004e4e4c
004f4f4d
004f504e
004f504e
004f504e
004f4f4d
004f504d
004f504d
004f4f4c
0050504f
0050514f
0051514f
0050524d
0050524d
0050514d
0051534e
0052544f
00545450
00545450
0053544f
0052544f
00535450
00545551
00545651
00565751
00565752
00565752
00565751
00565751
00565751
00575852
00575852
00575852
00575852
00494947
00484844
00484844
00474845
00474846
00474845
00474845
00464745
00464644
00454644
00464644
00464644
00464644
00464644
00464644
00464644
00464644
00464644
00464644
00464644
00464644
00464644
00464644
00464644
00464644
00454644
00464644
00464644
00464745
00464644
00464644
00464644
00464745
00464644
00464644
00454645
00454545
00424442
004a4947
00494a48
004a4a48
004a4a48
004a4a46
004a4a47
004a4a47
004b4b48
004b4b4a
004b4b49
004b4b49
004b4b49
004a4b49
00494a48
00484a48
00484a48
00474a48
00464848
00172133
00171b3f
00151a3d
001b1b40
000e0e30
00191b3c
00262a4b
0030314c
0033384d
00232b41
00242a3d
00191d36
000f132d
00121635
0016183a
0010163c
0013183d
0011163d
0012163e
0012153d
0013163b
00231816
001d1309
000d0808
000c0709
000e0a0e
000e0b0e
000c0b0f
000c0a0f
000b090d
000a090d
000b090e
0009080c
0009080c
000a070c
000b070c
000a080c
000b070c
000a080d
000c070a
002b0f0a
0031110f
000d0404
000c0201
004c4a48
0044423d
005e5554
005e5756
000c0708
00100a0a
00100b0b
00110b0c
001b100d
002c100a
002e1109
002f110c
002f110c
0030110b
002e100c
00250f0b
00282727
002c2c2c
00262e2f
002d3535
002b3232
00282f2f
002a2c2d
002a2f2b
002e302f
00302e2f
002f2f2e
002e2e2c
002d302d
002f2f2f
002f2e2d
002e2f2d
002c2d2d
002d2c2d
002b2b2b
002a2929
00282828
00090606
0047433c
005f605e
00636364
004a4544
004e504f
004a4c49
00181717
000d0d0e
004b453e
004a463d
004a463d
00504954
001c1347
001b1348
001c1347
00191346
001d173b
004a4a4a
00505251
001d201e
00393c38
00525352
00616465
00150d29
001b154a
00181549
001b1547
001d174c
004d453a
004e463a
004e453a
003d3b37
003c3c3a
003d3d3c
002e1a13
002d160e
00220c0b
00250d09
00210b07
001d0b09
002a0e0b
0031120d
00280b06
003e2a27
00433a3a
003b3436
00403538
002e2b28
004e514e
00505151
0051514f
00505250
00505250
00515350
0053534f
00535352
00515351
00515351
00535351
00535351
00515350
00515351
00525250
00525250
00525250
00515250
00515250
00515250
00515250
0051514f
0051514f
0050514f
004b4a48
004a4b49
004a4c4a
004b4d4a
004d4d4b
004d4d4b
004d4d4b
004d4e4c
004d4e4c
004d4e4c
004e4e4c
004e4e4c
004e4f4d
004f4f4d
004f4f4d
004f4f4d
004f4f4d
004f4f4d
0050504e
004f504e
004f4f4d
0050504e
0051514f
0051514f
0050524d
0050524d
0050524d
0051534e
0052534f
0052534f
0052534f
0052544f
0052544f
00535450
00545651
00555650
00565751
00575751
00585751
00585751
00575751
00575751
00575852
00575852
00575852
00575852
00484847
00484846
00464745
00484845
00484845
00464744
00464744
00464644
00464644
00454644
00464644
00464644
00464644
00464644
00464644
00464644
00464644
00464644
00464644
00464644
00464644
00464644
00464644
00464644
00454644
00454644
00464644
00464644
00464745
00464644
00464644
00464644
00464745
00464644
00464644
00454644
00454544
00424442
00474846
00494947
00494a48
004a4a48
004a4a47
004a4a47
004a4a47
004b4b48
004a4b49
004b4b49
004b4b49
004a4b49
004a4a48
004a4a48
00484a48
00474a48
00474a48
00464847
00363f4c
00151b3f
00151a3d
001c1b3d
00262c41
00343c50
0024293f
0020243e
00111537
00181739
0018163c
001a1c41
001e1f3f
00323351
00323651
00252d48
0011173c
0012173d
0011163c
0011163d
0011163b
00251b1e
00191108
000e0807
000b0709
000d090d
000e0b0f
000d0a0b
000c0a0d
000a090e
000b090e
000c0a0e
000b0a0e
000b080e
000b080d
000a080c
000a080c
000c080d
000a080c
000b070a
002c0f0d
002c0f0b
0023100c
0031201e
00250b0b
00150201
000d0401
00080100
00120707
00110c0c
00050001
00090605
0020110f
002d110b
002e1109
002f120a
002f110b
002f1009
002e110b
0024120e
001d2021
00162526
001f3638
00233b3f
001e353b
001e343a
001b2e32
00223538
002f4244
00324040
002f3a3a
00253030
00252b2c
00242626
002b2d2c
002c2d2d
002c2b2c
002a2b29
00292a2a
00282828
00282728
00040101
00484640
00505251
00595a5a
00545556
0042413c
00282522
000c0d0a
00181c19
004b463f
004b4641
004b4741
00322e43
001a1346
00181346
00191344
001a1342
00120e24
00676765
0064605e
00414643
00171615
004a4d4a
00484b47
001c1437
001b154a
001a1547
001c1646
001d1847
004c463d
004d473e
004d453d
003d3b3a
003b3c3b
003e3e3c
002f1a14
0031190e
002e150f
00250d0a
00230b08
0036211d
0057443e
004d3630
00270702
0034140c
0036150e
00341510
00381713
00332d2a
0050504e
004f5150
0050514f
00525250
00505250
00515350
00525250
00525351
00515351
00515350
00525350
00535351
00505250
0050524f
00525250
00525250
00525350
0051514f
00515150
0050514f
0051514f
0050514f
0050514f
0050504e
004a4b49
004a4b49
004a4c4a
004a4c4a
004c4d4b
004d4d4b
004d4d4b
004d4e4c
004d4d4b
004d4e4c
004e4e4c
004e4e4c
004e4f4d
004f4f4d
004f4f4d
004f4f4d
004f504d
004f504e
0050504e
004f4f4d
004f4f4d
0050504e
0050514f
0051514f
0050514d
0050524d
0050524d
0051534e
0052534f
0052544f
0052534f
0052534f
0052544f
00535450
00545551
00555650
00565851
00575751
00585751
00585751
00575751
00565752
00575853
00575852
00575852
00575852
00484847
00484846
00474746
00474744
00484845
00474746
00464645
00464644
00464644
00464644
00454543
00464644
00464644
00464644
00464644
00464644
00464644
00464644
00464644
00464644
00464644
00464644
00464644
00464644
00454543
00464644
00464644
00464644
00464644
00464644
00464644
00464644
00444644
00444644
00464644
00454644
00454543
00424443
00454744
00494947
00494a48
00494947
004a4b49
004a4a48
004a4a48
004a4b49
004a4b49
004a4a48
004b4b49
004a4a48
004a4a48
00494a48
00484a48
00474a48
00474947
00474948
00434c52
00171b3e
00141a3e
001c1a40
001d203e
00131335
00101433
00181c3b
001d2038
00333452
003d4453
00121630
002a2e41
0022263c
001b213e
000f1438
0011163c
0012173c
0012173c
0011173c
0012173c
00211a21
001c140b
000e0a08
000d070a
001c2021
0042484b
0022262b
000e0c0d
000b0b0e
000b0a0f
000b0a0c
000b090d
000d090e
000e0a0d
000b090c
000c0a0e
000b090d
0009070b
000a060b
002a0f0d
002f100b
00260c08
002e1d1a
002a0a0a
003f3732
00544e4f
001f1b1c
00100c0b
002d2c2a
002b2626
003d403d
0022130f
002e120a
0030110c
0030120a
0030120b
002f1109
002e110a
0027120e
00182224
00152a2c
00182f32
001e3339
001e343b
001b363c
00193538
001f393d
00213b3f
00283d42
00233d3e
001d383e
001a2e35
00182c2b
0022353a
0022333a
00414c4e
00222928
0029292b
00252627
00282929
00020100
00474641
00424343
00414344
004c4b49
004d4c49
003b3d3b
002d2a28
00454541
004a4742
00484742
004a4942
000f0821
001a1446
001d1548
00000010
0017131c
00000008
0008070c
00110e13
0003060b
0009070c
000c0909
00100f13
00161227
001c1542
001b1644
001c154a
000e0933
004c473e
004e473f
004c463e
003b3a3a
003c3c3b
003f3e3e
00331b16
00341b11
00381e11
002f150d
00260e0a
00280d0a
00210603
003a2621
00221109
00574843
00402b27
005a433d
003d2927
00535552
004e514f
0050514f
0051514f
00535250
00505250
00515350
00515350
00535250
00535351
00525250
00515350
00525250
00525250
00525250
00525250
00525250
0052524f
00525250
00505150
0051514f
0050504e
0050504e
0050504e
004f504d
004a4b4a
004a4b49
004a4c4a
00494c4a
004a4d4b
004d4d4b
004d4d4b
004d4e4c
004d4d4b
004d4d4b
004e4e4c
004e4e4c
004e4e4c
004f4f4d
004f4f4d
004f4f4d
004e504b
004f504e
0050514e
004f504d
004f4f4c
0050504f
0050514f
0051514f
0050504d
0051514e
0050524d
0052534f
0052544f
00545450
00545450
0052544f
0052544f
00535450
00545551
00545552
00555653
00575751
00575651
00575651
00565752
00555752
00575853
00575852
00575852
00575852
00484846
00484946
00474745
00474744
00474745
00464644
00464644
00454644
00464644
00464644
00464644
00464644
00464644
00464644
00464644
00464644
00464644
00464644
00444543
00464745
00464644
00464644
00464644
00464644
00454543
00464644
00464644
00464644
00464644
00464644
00464644
00464644
00454744
00434542
00454644
00454543
00454543
00424342
00444643
00484846
00484947
00494947
00494947
004a4a48
004a4a48
004a4a48
00494a48
004a4a48
004a4a48
004a4a48
004a4a48
00494a48
00474a48
00474a48
00474946
00474947
003f464a
00151b40
00131a3e
00181940
00181b3c
002b2b45
002e364e
00333955
00232843
00131837
00191c38
00181a38
000f1236
0014183c
001d1d45
001e2346
0012173e
0011173c
0012173c
0011173c
0011163b
00241d2a
001d130f
000c0907
000c0a0d
0029393c
0025393d
00273b41
000c0b10
000e0e16
000b0a0e
000b0b0d
000b0b0d
000e0a0d
000c0a0d
0008090b
000b080c
000b080c
000c090e
000a070c
00280d0b
002e0f0a
002d100a
002e1107
002b0e09
005c4e4c
005b5552
0061625f
00121010
00050401
00545351
00494643
00230c0a
002f1107
00462b14
002d1204
0030100b
0031110a
002f120a
0023120f
00152326
00182b2e
00182d2f
001a3033
001c3235
001e3336
001b3336
001c3336
001e3639
001e3739
001d373b
0020393c
0020363c
001e363b
001d373c
001f373d
00283d41
00172b2d
001d2629
00222425
00282928
001b1a18
00464441
00494340
00312e2f
004a4b4c
004b4d4a
004a4a48
004c4e4c
0040423e
004a4843
00494742
004a4743
000d072f
001c144a
0016112b
001e3f45
0038444e
00384c53
0033474e
00314a50
00234850
001f363e
0009080b
00373d44
000e1115
000e0b18
00110f2b
001c154a
00141130
004c4840
004d4940
004e4844
003b3b3c
003d3d3b
00403e3c
00321b12
00361d12
00391e13
003c1f14
00381c12
002a0e08
002e110c
00422721
002a0602
003a1812
00361914
00473425
0036211f
004e514f
004e514e
0050514f
0051514f
00525250
00505250
00505250
00505250
00535250
00525250
00535351
0051514f
0050524f
00525250
00525250
00525250
00515250
0051514e
0051514f
00505150
0051514f
004f504e
004f504e
004f504e
004f504d
004a4a49
00494b49
004a4c49
004c4c4a
004d4d4b
004d4d4b
004d4d4b
004d4d4b
004d4d4b
004d4d4b
004d4e4c
004e4e4c
004e4f4d
004f4f4d
004f4f4d
004f4f4d
004e504b
004f4f4d
0050504c
004f4f4b
004f4f4c
0050504f
0051514f
0050514f
0050504d
0051514e
0050524d
0051534e
00535450
00545450
00545450
0052534f
0052544f
00535550
00545551
00545651
00555652
00575751
00565550
00575651
00565752
00555752
00575852
00575852
00575852
00575852
00474846
00474846
00474745
00474745
00474745
00464745
00464644
00454644
00464644
00464644
00454543
00454644
00464644
00464644
00464644
00464644
00454644
00464745
00454644
00464745
00464644
00464745
00464644
00464644
00454543
00464644
00464644
00464644
00454644
00464644
00464644
00444644
00464644
00464745
00444643
00434643
00434542
00414341
00434341
00464745
00474846
00484846
00494947
00494947
00494a48
00484a48
004a4a48
00494a48
004a4a48
004a4a48
004a4a48
00494a48
00484a48
00484a48
00464947
00464947
00424746
0012183f
00141a3f
00171a3f
0030344f
00262846
00171938
00121331
000f1435
001b213c
00252844
0031384e
00272e47
002d3548
00282e41
00181f3d
0013173e
0011163d
0012163b
0011173c
0011163b
00231a30
00211412
00110b08
00272729
000c1619
00283437
0029383c
000e0b15
00121021
000c090c
000b0a0d
000c090d
000b090b
000a0a0c
000a0a0b
000b0a0c
0009080a
0008070c
000b070c
00260e0c
002d0f0a
002d100a
002e100c
002c1112
00250805
00210907
000a0806
000d0807
001a1110
00130806
00271916
002a120d
002e1004
00442e0f
00412a0a
002d0f05
00311209
0030120b
0023120e
00172528
00192b2d
00192e2f
001b3033
001c3135
001d3336
001d3236
001e3337
001c3437
001d3538
001d3438
001e3438
001d3338
001d3238
001c3336
001b3338
001b3236
00193034
0012262b
001b2426
00292a2b
00363535
00434141
003a3735
00242220
003a3b3a
004b4b4a
004c4c49
00494743
00454743
004b4844
004c4945
004c4945
00140d3e
001b1548
00000213
001a353a
00324b52
00455a61
002e484f
00384b53
00182930
00000e19
00384f56
00344c52
00364c52
00181e27
000d0c28
001c1748
00403e50
004d4841
004c4941
004d4744
003b3b3b
003d3d3a
00312d2c
00321c12
00381e11
003d2012
003c2013
003f2215
003c2012
0033160c
002f1008
00361610
0040211b
003b1e14
0040221b
002b1a16
004d504e
004d504e
004f514f
0050524f
00535250
00525250
00525250
0052524f
0052524f
0050534e
00505250
0051534e
00525251
00535250
00525250
00525250
0051514f
004f514e
004f514f
0050504e
0050504e
0050504e
0050504e
0050504e
004c4d4b
004b4b49
00494b49
00494c4a
00494b49
004a4c49
004d4d4b
004d4d4b
004d4d4b
004d4d4b
004d4d4b
004d4e4c
004e4e4c
004f4f4d
004f4f4d
004f4f4d
004e4f4d
004f4f4d
004f4f4d
004e504b
004e504b
0050504d
0050504f
0050504f
0051514e
004f514c
0050524d
0050524d
0051534e
0052534f
0052534f
0052544f
00545450
00545450
00555551
00565551
00555551
00565652
00575652
00565551
00575751
00575751
00575753
00565853
00575852
00575852
00575852
00474745
00474745
00474846
00474745
00474745
00464745
00464644
00454644
00464644
00464644
00464644
00454543
00464644
00464644
00454644
00454543
00454543
00454644
00464745
00464644
00464644
00464745
00464644
00454744
00454543
00464644
00464644
00464644
00454644
00464644
00464644
00444644
00474644
00454644
00434643
00434542
00434543
00404240
0041403f
00434442
00444644
00464745
00474745
00474846
00484846
00474946
00494947
004a4a48
00494a48
00474a47
00484a48
00494a48
00484a48
00474947
00464946
00464a47
00444746
00141a3f
00141a3f
00171a3e
00181939
00151639
00252843
00242640
002b354e
00272b46
001e2340
001c2140
000e1331
00111437
000d1030
00101535
0014173e
0011173c
0010173d
0011173c
0011163b
001f1932
00221410
0019100b
00010101
0005080b
00424348
00263138
00100e1e
0019142e
000d090c
000b090a
000c0a0c
000b090d
00090a0d
00090a0f
000a0a0c
000a0a0c
0009080b
000b070c
00210d0d
002b0f11
002a0f0b
00270f18
00250f1d
002c100c
002a0f0a
000f0a09
000f090d
00170e0e
0019100d
00241714
002a110b
00311505
004a3217
00442a0c
0034150c
0031110b
0030120a
001d0f0b
0016292b
001a2c2e
001b2f31
001a3033
001c3134
001c3135
001d3236
001d3236
001e3336
001e3337
001f3437
001f3437
001d3436
001e3235
001a2f30
001c2e30
002e3e41
001a2c2f
00152c2d
000b1a1c
00242c2d
003b3a3a
003c3c3a
00302e2d
00353330
00484847
00414342
00454545
00464341
0034312d
004a4945
004b4946
00494645
001f1849
00191345
00212b37
00010206
00040508
0026454f
001c4348
0022434c
00384c51
00344c53
0021434b
0023434a
0031494f
003c5257
001c193f
001a1548
00505155
004d4a44
004c4944
003c3a38
003b3c3b
003d3d3b
00312622
00341c11
003a2013
003d2114
003f2314
00402415
003f2514
00412616
00402516
003a1d13
00341509
00311005
0035170d
004a4440
004e504d
004f514e
004f514f
0050524f
0051514f
0050514f
00525250
0052524f
0052524f
0050524f
0050524f
004f524f
00505350
00525250
0051524f
0050514e
0051514f
0050524f
004f514f
004f504e
004f4f4d
004f504e
004f504e
004f4f4d
004a4a48
004b4b49
00484b49
004a4d4a
004a4c49
004a4c49
004d4d4b
004d4d4b
004d4d4b
004d4d4b
004d4d4b
004d4e4c
004e4f4c
004e4f4d
004f4f4d
004f4f4d
004e4f4d
004e4f4c
004e4f4c
004e4f4c
004e504c
0050504d
0050504e
004f504f
0050504d
004f514c
0050514d
0050524d
0051534e
0051534e
0051534e
0052544f
00545450
00545450
00535550
00545450
00575652
00555551
00575652
00565450
00575750
00575752
00555652
00555852
00575852
00585953
00575852
00474744
00474744
00474744
00464843
00464842
00474644
00454645
00464644
00464644
00464644
00454644
00464644
00464644
00464644
00464644
00454543
00454644
00454644
00464644
00464644
00464644
00464644
00464745
00454644
00454543
00464644
00464644
00464644
00464644
00464745
00464644
00464644
00464644
00454644
00454744
00434543
00434543
00404241
003c3b3b
003f403e
00414240
00444442
00454543
00454644
00464644
00464745
00474846
00484846
00484947
00474947
00494947
004a4a48
00484947
00464947
00474a47
00464946
00444746
000c1331
00141a3e
0016193e
001f203e
001d223e
002d334b
00242946
00151938
000c0c2d
00181739
0018183b
00212643
002e324f
00373b51
00323a4f
0013183e
0011173c
000f173d
0010173d
0010173d
001a1836
00231510
001a120c
00040406
001b2a2f
00000307
00182933
00040610
0019123a
000f0e23
0004020f
00050313
00050512
00050409
00100d15
000a0a0c
000b090d
0009090c
000b070c
001a0b0b
00280f1a
00270e18
00270e1a
00332134
00270f0f
002a0e09
00160d0a
00100b0c
00130d0c
001c1310
00261915
002a130c
003e230d
00472e13
0044280f
003f2312
0032120d
002f120b
00190d09
00172a2d
001a2c2f
001b3032
001a3135
001c3235
001e3236
001e3336
001e3336
001f3337
001f3337
001e3336
001f3436
001d3236
001a2c2f
000e1d20
0014262a
001b3032
000a1b1d
00172b2c
0015272a
00262d2b
004e4d4b
003b3b38
00454342
004e4f4f
00454443
003b3835
00434541
004c4b4b
00484646
004a4945
004b4947
00494946
001d1645
001a1444
0044565e
00120f13
000a0607
00112a31
0029474f
001d3d47
000c080f
002e494d
0018373d
00204146
003c4f57
00284248
001c1743
00181346
00474b45
004c4a45
004d4a46
00363634
003b3c3a
00413f3d
002b1a13
00351d12
003c2114
003f2314
00412615
00432816
00432a15
00442917
003d2916
003e2a19
00492e1b
00492f1d
0049372b
004e504d
004e4f4d
004e504e
004e504e
004f514f
004f514f
0051514f
0051514f
0051514f
0050514f
0051524f
00525350
0050524f
0050524f
00525250
0050514e
004f524d
004f514e
004e514f
004e514e
004e504e
0050504e
004f4f4d
004f4f4d
004e4f4d
004a4b49
004b4b49
00494b49
004a4c49
004a4c4a
004b4d4a
004c4d4b
004d4d4b
004d4d4b
004d4d4b
004d4d4b
004e4e4c
004e4e4c
004e4f4d
004f4f4d
004f4f4d
004e4f4d
004e4f4b
004e4f4c
004f4f4e
004e4f4e
0050504e
0050514f
004f504f
0050504d
004f514c
0050524d
0050524d
0051534e
0051534e
0051534e
0052534f
0052544f
0052544f
00535550
00535550
00565550
00565651
00565650
0056554f
00575751
00565752
00555752
00555752
00575852
00575852
00575852
00474745
00474744
00474744
00464744
00454643
00464643
00454645
00464644
00464644
00464644
00454543
00464644
00464644
00464644
00464644
00464644
00464644
00454644
00464644
00464644
00464644
00464644
00474745
00474644
00454644
00464644
00464644
00464644
00464644
00464745
00464644
00464644
00444644
00454644
00464644
00444543
00434543
00404241
00474747
003e3f3d
00383937
003a3a38
003e3e3c
003f403e
00424341
00444543
00454544
00464745
00474846
00464845
00464846
00474745
00484846
00464946
00454846
00464846
00444745
000c142c
00141a3e
0015193d
00292c4b
001f1f3d
00090e2c
00090d2c
001b1d3e
00313850
00303648
001c2638
00222941
001f213e
00111635
000f1536
0012193f
0012173c
0011163c
0010163c
0010163c
001a1738
00241510
001b130b
000d0a0b
002b393a
00363d3e
001b2f33
00010106
00161034
00130d39
000f0a34
00110e34
00130d39
0021203f
0013122d
00090a0d
000c0a0f
0009080a
000b080b
0014090b
00200b1e
004c3e4b
00250f12
002f1b2e
00260e1a
002b0f0c
001f0e0d
000f0b0b
000e0b0a
00180e0d
00231713
002d130b
00472e14
00432a0d
0040230a
00422a0b
00341909
002f120b
001d120e
00182a2d
001a2d2f
001c3032
001a3133
001a3032
001e3234
001c3133
001d3235
001f3337
001e3135
001c3335
001c3134
00192d30
000e2022
00142b2c
00162e30
00182e30
001b2e30
00132326
0013282a
00262b2b
00484a47
00434341
00413b37
00494643
00515151
003f4041
004d4d4b
004c4c4a
00494946
00484a47
004b494a
00484745
00191345
00191345
003b4d58
0001050b
00172629
00000108
002a3c43
00274147
002f464f
003c4d54
002a343e
00011116
0028444a
00394e59
00181444
001b1648
00484b41
004d4a46
004d4a46
003b3b39
003b3c3a
003e3835
002d1b0f
00372012
003f2415
00422515
00432917
00452b19
00472d19
00433325
004e4a43
0050524f
0051534f
004d453b
00474038
004c4e4e
004e4f4d
004d504d
004d504d
004f514e
004e504e
004f504e
004f504e
0050514f
0051514f
0050514e
00515250
0052524f
0052524f
00525150
004f514e
004f524d
004f524d
0051514f
0050514f
0050504e
0050504e
004f4f4d
004f4f4d
004e4e4c
004a4b49
004b4b49
004b4b49
004c4c4a
004a4c4a
004b4d4a
004c4d4b
004c4d4b
004d4d4b
004d4d4b
004c4d4b
004e4e4c
004e4e4c
004e4e4c
004f4f4d
004f504e
004e4f4d
004e4f4b
004e4f4d
004f4f4d
004f4f4d
0050504e
0050504e
004f504e
0050504d
004f514c
0050524d
0050524d
0051534e
0051534e
0051534e
0052544f
0052544f
0052544f
00535550
00545450
00555550
00565651
00565550
0055544f
00575752
00575852
00565752
00565751
00565751
00575852
00565751
00464645
00474744
00464642
00474744
00454545
00464645
00464645
00464644
00464644
00454644
00464745
00454644
00464644
00464644
00464644
00454644
00464644
00464644
00464644
00464644
00464644
00464644
00464644
00464644
00454644
00464644
00464644
00464644
00464644
00464644
00464644
00464644
00464644
00464644
00444644
00444643
00434442
00454543
00454644
00454745
00454745
00444644
00444543
00434643
00414240
00393a39
00393a39
003f403d
0040413f
00434341
00444442
00464643
00464643
00464745
00444744
00444645
00444646
00293342
00151b3f
0013193e
0014193c
00121533
00252a42
002f364d
00272e44
00232640
00161837
00090927
00100e2d
00201e3d
001c203e
00292e48
002a304c
0011173c
0011173c
0011173c
0011173c
00161837
0024170e
001b130c
000f0c0e
002c3c3e
00080409
00213230
00000408
00151133
00140e38
000f0a32
00120f36
00140e36
001a1439
000d0a2e
0008090f
000a090d
000c090d
000b090c
0010040c
00311c35
002a142b
0026111d
00240e1f
00240e22
00290f0a
00290f09
000f0d0a
000f0b0d
001b1412
00271612
002e120a
0041290d
00422a0d
00483321
003f2d16
00422a16
002e1206
0023120e
0018282a
001b2e30
001c2f31
001d3032
001c3133
001a3135
001b3335
001c3335
001d3436
001e3436
001e3334
001a2e30
000a1c1f
001a2e32
001a2f30
001c2f31
001b2d30
0018292b
00132427
0015282b
001d2426
00494c4b
0043423e
004c5052
00373130
00383230
00464444
004b4c4b
004c4d4b
00494947
004a4a48
004a4a47
00494948
00191446
001a1446
00090916
00214045
0001060f
00020406
00101223
00060418
0001000b
002c3336
00434949
00455058
00040b12
00040b19
00181449
001a1446
004b4a46
004e4c48
004d4c48
003a3b3a
00393b38
00261815
00321e12
00392113
00402514
00402917
00473a2f
0047423c
00463a33
004e4d49
00454a4c
003b454b
0039454a
004d4e4d
0050504b
004c4e4d
004c4f4d
004c4f4d
004e504e
004e504e
004e504e
004e504e
0050504e
0050504e
0050504e
0050514f
0050514f
004f514e
004f514e
004f514f
004f514f
004e524e
0050514e
0050514f
0050504e
0050504e
0050504e
004e4f4e
004f4f4d
004e4e4c
004a4a48
00494b49
004b4b49
004b4b49
004c4c4a
004c4d4b
004d4d4b
004d4d4b
004c4d4b
004d4d4b
004d4d4b
004e4e4c
004e4e4c
004f4f4d
004e4f4d
004f4f4d
004f4f4d
004f4f4b
00504f4d
004f4f4d
004f4f4d
004f4f4e
004f504d
0050504e
0050504e
004f504c
0050524d
0050524d
0051534e
0051534e
0051534e
0052534f
0052534f
0052544f
00545450
0054544f
00545550
00575652
0056554f
00555551
00565751
00565752
00555752
00565752
00565751
00575852
00565751
00464744
00464744
00474743
00464643
00464643
00464743
00454743
00464644
00464644
00454644
00454543
00464644
00464644
00464644
00464644
00464644
00464644
00464644
00464644
00464644
00464644
00464644
00464644
00454644
00454543
00464644
00464644
00464644
00464644
00464644
00464644
00464644
00464745
00454644
00464845
00434543
00444442
00454644
00454644
00464745
00474745
00464745
00464745
00444745
00444744
00444645
00444644
00434643
00434643
00424442
003c3d3b
003b3c3c
003c3e3d
00404140
00404342
00424441
00434542
003e484e
00141940
0013193d
0013193e
0015193e
0016193e
00161a3d
0015193d
00151837
0019203e
002a304a
002e344a
0032364c
00151c3d
0013183d
0011183b
0012183d
0011173c
0011173c
0011173c
00121739
00251811
001e140d
000c0808
00343d3e
00323e43
00223238
001c252a
000e0c18
000d0a2c
00150d37
00150f37
00130d39
00292f42
00181837
000d0a11
00090b0e
000b0a0d
000a090c
000e070b
004d3c4d
00281128
002b1429
00250f1c
0029172c
00240e0f
002b0f0a
00140b08
00130e0e
00221814
002a1712
00290e06
0040290b
0042290e
004a3a2a
0047392e
00402c10
0042280c
001e120a
00141818
001b2b2c
001a2f31
001d3132
001c3234
001d3336
001e3337
001f3237
001d3437
001e3334
001e3234
001b2a2d
001b2d31
001c3132
001d3032
0017272b
0018252a
00202d31
00192829
0012292b
00192226
00464844
00454241
0022201b
00201e1f
003e3c3b
00484b48
004b4e4b
003d3f3d
00494946
004a4a48
004a494a
0055555a
001b1448
00191344
00181136
00080420
00170f32
001a153e
001a1341
001b1347
001a1545
001d1645
0014102f
00344b4f
0030444c
0013122d
001b1449
000c0731
004e4c49
004e4d48
004e4c4a
003b3b3a
003c3d3a
00291915
00371f12
003c2514
00412716
00433528
004a4849
00585463
004e4e53
004a4c50
003e4a4f
004b5255
004e5455
004d4f4e
004b4d4a
004b4e4c
004c4f4d
004c504d
004e514e
004f514e
0050514f
004f514e
004e504e
0050504e
0051514f
0050514f
0050514f
004f504e
004f514e
0050514f
0050514f
004f514f
0050514e
0051514f
0050514f
004f504d
004f4f4d
00504f4e
004f4f4d
00484947
00494a48
00494b49
004b4b4a
004a4b49
004b4d4a
004c4d4b
004d4d4b
004d4d4b
004c4d4b
004d4d4b
004c4d4b
004d4e4c
004d4e4c
004e4f4d
004e4e4d
004e4f4c
004e4f4c
004e4f4c
004e4f4c
004e4f4d
004f4f4d
004f504d
004f514d
0050504e
0050514d
004f514c
0050514d
0050524d
0051534e
0051534e
0051534e
0052534f
0051534e
0052544f
0052544f
00545550
00535550
00575652
00565550
00555550
00555752
00555752
00565754
00565752
00575852
00565751
00565751
00464843
00464843
00454742
00454742
00464642
00464643
00464643
00464644
00464644
00464644
00454543
00454543
00464644
00464745
00464644
00464644
00464644
00454644
00464644
00464644
00454644
00464644
00464644
00464644
00464644
00464644
00464644
00464644
00464644
00464644
00464644
00464644
00464644
00464644
00444543
00434542
00454644
00454745
00454744
00474745
00474846
00454744
00454845
00444745
00444745
00454745
00454744
00444644
00444644
00424543
00434544
00424545
00424444
00414242
00434444
00424240
003c3f3d
00323a3d
0013183e
00141a3c
0013193c
0013193c
0014193c
0014173e
00181b40
00181a3e
0015183e
00161940
0016193e
00151739
00131a3e
0013183e
0011173e
0011173d
0011173d
0011173c
0011173c
0010173a
00231814
001b1411
000b0707
00363c3d
00252a2e
00374346
0030393d
000d0b12
00130f35
00110e38
00160e37
000e0c2b
00242b3c
00131034
000f0c0e
0005060a
000b0b0d
000a0a0c
000d060b
00240e21
00453543
00514253
00250f20
002f1a2e
00250f17
00290e0b
002e2525
001a1817
00100b09
00190d09
00413025
0048331a
00473017
0046341f
003b2916
00463118
00452a0d
002f2516
00110f10
00121b1d
001f2f32
00374849
00243739
001b3336
001e3336
00192c2e
001e3437
001f3336
001f3335
000f2022
001c2f33
001d3134
001c2f31
0016282c
001a2b30
001b2a2d
00152225
0014272a
00101316
00474743
00202022
000e0d0d
00292929
00484c4b
00464746
00414140
00403f3c
00484845
00494a49
004a4a48
005c5a63
001b1445
001b1547
00575862
003b3e47
00202334
0004051b
0005041c
00090526
00120931
00161039
0017103b
000f0a27
000d0827
001d1547
001d1546
00161230
004d4c4a
004e4d49
00535350
003a3a39
00413f3c
002a1a15
00392114
003e2616
00432a1a
00473f3b
00110734
0012102c
000a091f
00474c4f
00535557
00423030
003a3031
004a4d4d
004b4d4b
004b4e4b
004c4f4c
004e504d
004d504d
004e504d
004f504e
004e504e
004e504e
0050514f
0050514f
004f514e
004f504e
0050504e
0050504e
0050504e
0050504e
004f504e
0050504e
004f504e
004f504e
004e4f4d
004e4f4d
004e4f4d
004e4e4c
004a4a48
00484a48
00494b49
004a4b4a
00494b4a
004a4c4a
004c4d4b
004d4d4b
004d4d4b
004c4d4b
004d4d4b
004b4d4b
004c4e4c
004d4f4c
004e4e4c
004f4e4d
004e4f4d
004e4f4d
004e4e4c
004e4f4d
004e4e4c
004f4f4d
004e4f4c
004f504d
0050514f
0050514c
004f514c
0050514d
0051524e
0051524e
0051534e
0051534e
0051534e
0051534e
0052534f
0052544f
00535550
00555551
00575652
0055544f
00555651
00565651
00565752
00565653
00565752
00565751
00565751
00565751
00484845
00474844
00464642
00464644
00464644
00464644
00464644
00454644
00464745
00464644
00454644
00454644
00464644
00464644
00464644
00464644
00464644
00464644
00464744
00454644
00454644
00464644
00464644
00464644
00464644
00464644
00464644
00464644
00464644
00464644
00464644
00454543
00454644
00464644
00464543
00454644
00434644
00454845
00474846
00474745
00474846
00464845
00454745
00474846
00474745
00484846
00474745
00454745
00454745
00444646
00444645
00444645
00444645
00434545
00434545
00434444
00414343
003e4343
00151941
0014193e
0013193c
0013183d
00141840
002c3151
0039394e
00293043
00161d3d
000a1232
0010163b
0015193e
0010163c
0012173c
0012173c
0012173c
0012183c
0011173c
0011173b
00101638
00201916
00120e0d
000c080c
002d2d2f
00000004
002a2b2e
00223035
000b0916
00140e39
000a0d2c
00161034
003e3f51
00150f34
000a0913
000d0b0c
000b0d10
000c0b0d
000b0a0c
000b0708
00210f19
001e0d1c
0047394b
0029162d
001f0c23
00251123
002a162b
001a1627
00010805
000c0c0b
00171412
00463229
00513c21
00443116
00433422
0046321c
0047331d
0045290d
002d2113
00080707
0011171a
00081317
00081719
001d282b
00212f31
001b2d2f
0013292f
00192b32
0027353c
00364447
002a3f41
0011262c
00172829
00263736
001c3339
00162a31
00101f20
00152627
001a292c
001e1f20
00454545
00202017
0030302b
004e423d
005d5650
003d3e3b
00383a3c
00434441
00484947
004a4a48
004b4a48
00322c48
001c1348
0016103e
004b4e4c
00474a48
00353635
00393936
00504e4f
00414240
00464848
00474847
00545252
00545958
00616263
00615f78
001b1946
003e404c
004e4b4c
004b4b47
004a4746
003b3a39
00393331
001d0d0a
003a2413
00432919
00442c1b
00454243
000a072b
004a4e4c
004b4b50
00525353
00585b5b
00595b5d
00515553
00423f3e
004a4d4b
004b4e4c
004d4f4c
004e4f4d
004d4f4c
004d4f4d
004f4f4d
0050504e
004f504e
0050504e
0050504e
004e504e
004f504e
0050504e
004f504e
0050504e
0050504e
0050504e
004f504e
004f504e
004f4f4d
004e4f4d
004f504e
004e4e4c
004e4e4c
00494a49
004a4b49
004b4b49
004b4b49
004a4c49
004c4d4b
004c4d4b
004d4d4b
004d4d4b
004c4c4a
004d4d4b
004d4d4b
004e4e4c
004e4e4c
004e4e4c
004e4f4d
004f4e4c
004d4e4d
004e4f4d
004f4f4d
004d4e4b
004f4f4d
004e4f4e
0050504d
004f504e
0050504d
004f514c
004f514c
0050524d
0050524d
0050524d
0052544f
0051534e
0052544f
0052544f
0052544f
00535550
00565551
00595552
00555450
00565652
00565652
00565752
00565752
00565751
00575750
00565752
00555752
00464744
00464843
00464643
00464644
00464644
00464644
00464644
00454543
00454644
00464644
00454543
00454644
00454644
00464644
00464644
00464644
00464644
00464644
00464644
00464745
00454644
00464644
00464644
00464644
00464644
00464644
00464644
00464644
00464644
00464644
00464644
00464644
00454644
00454543
00464644
00464745
00454744
00454845
00484745
00474745
00474846
00464845
00454745
00474745
00474745
00474846
00474745
00454745
00454745
00444747
00444845
00454746
00434645
00434645
00434545
00424444
00404342
003f4242
00131b3c
0015193e
0013193c
0013183d
0015193f
0016193e
00131131
00191a36
0020213b
002f3349
002c2f45
00363c4b
000f163c
0012173c
0012173c
0012183c
0012183c
0012173c
0011173b
00111738
00221a1d
00181210
000c0809
00151618
00293539
00243239
00354348
000f0d21
00140f38
000f0b2c
0037394e
000f0d31
00150e36
000c0b0f
000c080d
0007090b
000c0b0d
000b0b0d
0010080a
00240f12
001e0e1c
00251326
0028132b
00210e22
00210d24
001a102e
001c1434
0011170f
000c0a0d
00120f0d
003c3023
00402a12
00453016
003d2914
00422a0e
003b2b16
0044321a
002a2111
000b0708
00080707
00181d20
001c272a
0017252a
0018272b
0016262a
0014252a
0015272a
00152425
00122228
0015252c
001a2a2e
0017272c
00132428
001b2c31
002a393b
002a3e3d
002d3d3f
000e1316
00252726
00454847
00434341
0043423e
00403d40
00424243
00464442
00464544
003f4241
00494947
004a4b49
004a4a49
00110b2e
001c1448
0008022e
000e0606
002d2926
000a0c09
004c4b49
00161415
00373634
00343334
00595451
00626461
00585756
00545554
00242237
00181448
0056595e
004e4c4a
004d4d4a
00353432
00393837
001a1311
001e0e0b
00392514
00412b1a
00452d1d
004a484a
004b4d5e
004f4f52
0022202e
0018122d
003d3956
0045405c
004d5556
003f3d37
004c4e4b
004c4e4c
004e4f4d
004f4f4d
004e4f4c
004e504e
004f504e
0050504e
004f504e
0050504e
0050504e
004e504e
004f504e
0050504e
0050514f
0050504e
0050504e
004f504e
004f504e
004f4f4d
004f504e
004e4f4d
004e4e4c
004e4e4c
004c4d4b
00484948
004a4b49
004b4b49
004b4b49
004b4c4a
004b4c4a
004c4c4a
004c4d4b
004c4c4a
004c4c4a
004d4d4b
004d4d4b
004e4e4c
004e4e4c
004e4e4c
004e4e4c
004e4e4c
004d4e4d
004e4e4c
004f4f4d
004f4f4d
004f4f4d
004e4f4e
004f4f4c
004f4f4d
0050504c
004f514c
004f514c
0050524d
0050524d
0050524d
0051534e
0051534e
0051534e
0052534f
00535450
00535550
00535550
00565551
00565551
00555652
00565653
00565752
00565751
00565751
00575751
00565752
00555752
00464843
00464843
00454643
00454644
00464644
00464644
00464644
00444543
00464644
00464644
00454543
00454543
00454543
00464644
00464644
00454644
00464644
00464644
00464644
00464644
00464644
00464644
00464644
00464644
00464644
00464644
00464644
00464644
00454644
00454644
00464644
00464644
00434543
00444543
00464644
00464745
00464845
00474745
00474745
00474745
00474745
00484846
00474846
00474745
00474745
00474745
00474745
00474745
00474745
00484746
00474745
00454847
00434645
00454646
00444545
00434545
00424444
003f4241
000b1132
0015193e
0013193c
0013193d
0014183d
0014183c
001f2244
002a2d49
001e2544
00121939
00111435
000e1133
0012173e
0012183d
0011173c
0012173c
0011173b
0012183b
0011173a
0011173b
00231b23
001b1110
000d0a0a
00020102
001d2e31
002d393f
00111e24
0011102e
00151139
00160f37
00140f3a
00150f36
00120f28
000c0b0d
001a1b21
0006090c
000d0b0d
000b0a0c
000f090a
00271017
00210d1f
001e0e1f
00241530
001c0e26
00200c26
000f0a2d
00190d38
001b1135
0018122e
000d0b0d
00070701
003f2d23
003b2418
00321d14
003b2816
00423b2d
00463119
00271d11
00110a0c
000f0809
00110c0e
00140c0c
00120809
000e0707
00080004
00140b0f
001d191a
00202829
00263035
00222d31
0019292c
0018252a
0017252a
00142128
00152327
000e1a20
000f1b1e
000d0c0f
00242524
00444643
003d3e3e
0040403f
00484140
00423f3f
00474847
004b4c4b
00373938
004a4b49
004a4b49
004c4b49
000b042c
001a1541
000b082b
0055565b
00242024
004b4b4c
00424443
00343636
001b1c1c
00454346
002a1f22
001c191a
00231618
00140f0e
000e0830
00191544
00494c4a
004f4d4b
004e4f4c
00383735
003a3a39
00201815
001e0d08
003d2a19
00412c19
00452e1e
00484648
005f626c
00151221
00141028
004b4562
00292543
00271f3f
004e5250
004a4744
004c4e4c
004f504e
004f4f4d
004f4f4d
004f504e
004f514e
004f4f4d
0050504e
0050504e
0050504e
0050504e
004d514e
004e514e
004e504e
004e504d
004f4f4d
004f504e
004f4f4d
004f4f4d
004f4f4d
004f4f4d
004e4f4d
004e4f4d
004e4e4c
00484846
00494948
004a4b49
004b4b49
004b4b49
004b4c4a
004c4c4a
004c4c4a
004c4c4a
004c4c4a
004c4c4a
004d4d4b
004c4d4b
004e4e4c
004e4e4c
004e4e4c
004e4e4c
004e4e4c
004e4e4d
004e4e4c
004e4e4c
004e4e4c
004f4f4c
004e4f4e
004f4f4c
004f4f4c
004f4f4c
0050514d
004f514c
0050524d
0050524d
0050524d
0050524d
0051534e
0052534f
0052544f
0052544f
00535450
00555551
00565450
00565551
00545551
00565651
00565753
00555751
00565752
00565751
00575752
00565752
00464743
00464743
00464643
00454644
00464644
00464644
00464644
00454644
00464644
00464644
00454644
00464644
00454543
00464644
00464644
00454644
00464644
00464644
00464644
00464644
00464644
00464644
00464644
00464644
00464644
00464644
00464644
00464644
00454644
00464644
00464644
00464644
00424543
00454543
00474745
00474745
00474745
00474745
00474745
00474745
00474846
00474745
00474745
00474745
00474745
00474745
00474745
00474745
00464745
00494745
00474745
00444746
00444646
00464646
00444545
00434545
00424444
00414443
000d172d
0016193e
0013193c
0012183b
0014183d
0013193c
00161b3b
001d223f
00141535
00111834
00202544
001e2546
0013183f
0012173c
0012173c
0012173c
0011173c
0011173b
0011173b
0010173b
00231b29
00221614
00120d0b
000a0607
00020509
00030306
001f2f33
00101031
00161138
00151038
00140f38
00151037
000b0a17
000c0c11
001b1c21
000d0d0f
000d0b0d
000b0b0d
000e090b
0025101b
00413344
001e0d20
00190d23
00191334
001a0d29
00191134
00191137
00180f39
00171038
00171224
002f2f2c
00170f17
00241a20
00392b1e
004a3c2e
00433326
00453221
0021170f
00110909
00130b0d
000d0508
001f3134
002d4345
00020507
00020306
000a050a
00140a0d
00160a0e
00160b0f
00110809
00110205
000d0106
00140a0c
001c1c20
00212a31
001c2529
000d0c0d
000f0c0d
00161817
00464847
00494947
00423f3f
004a4647
00474849
004c4a4a
004d4b4a
0041403f
004a4a48
004a4a48
004a4949
00181140
001b1345
001e1745
001d1345
001d1441
00120b37
000c0533
0009042f
00130c37
001f173f
002f2544
00312942
0034304a
004a455d
001c1445
001e1849
004a4c4a
004e4d4b
004d4d4b
003a3937
00383937
00221713
00322317
003e2b1a
00422d1c
00472f1f
004c4947
00141325
00181730
003d3a54
00464256
0018152d
004b4854
004f504e
0052514b
004a4d4b
004e4e4c
004f4f4d
004e4f4d
004f4f4d
004f514e
004f514f
0050504e
0050504e
0050504e
0050504e
004d504e
004d504e
004e504e
004e504d
004e504d
004e504d
004f4f4d
004f4f4d
004e4e4c
004e4f4d
004e4f4d
004e4e4c
004e4e4c
00484846
00494947
004a4b49
004b4b49
004b4c4a
004b4c4a
004c4c4a
004c4c4a
004b4c4a
004b4c4a
004c4c4a
004d4d4b
004d4d4b
004e4e4c
004e4e4c
004d4e4c
004e4e4c
004e4e4c
004e4e4c
004e4e4c
004e4e4c
004f4f4c
004f4e4c
004e4f4e
004f4f4c
004f4f4c
004f4f4c
004f514c
0050514d
0050524d
0050524d
0050524d
0050524d
0051534e
0051524f
0053534f
0052544f
00535550
00555450
00565551
00565551
00535550
00565751
00565753
00555652
00555651
00565752
00565752
00565752
00464743
00464744
00464644
00464644
00464644
00464644
00464644
00454543
00454543
00464644
00464644
00454543
00464644
00464644
00464644
00464644
00464644
00454644
00464745
00464644
00464644
00464644
00464644
00464644
00464644
00464644
00464644
00464644
00444644
00444644
00464644
00464644
00444543
00464644
00474745
00474745
00474745
00464745
00474745
00474745
00444745
00454745
00454745
00454746
00474746
00474745
00474745
00474745
00474745
00484744
00474846
00454645
00454645
00434645
00444545
00444545
00424544
00414343
0025323f
0015193f
0013193c
0012183b
0012183c
0013193d
0015183e
0013173a
00161b39
00212542
002f3247
00161f40
0014183e
0011183e
0011173d
0011173c
0011153a
0013173b
00101639
0012153c
001e1a33
00211411
00170f0c
000c090b
0024282a
003a393e
001d2e37
00181437
0019153b
00131136
00160f39
00241d44
00100c25
000f0c14
0004040a
00070609
000d0a0e
000c0b0e
000d080c
001f0b18
00170013
00372339
001d0e24
001a123a
001b1131
00171031
00180f34
00171036
00181035
00150e2d
0007020d
00443d49
00402711
00543f32
004b3523
003f2711
00472b12
001b110f
0013070a
00150f10
00010202
002e444b
00060002
00222f35
00103a3e
00365154
00334d53
0011090d
00495760
0017090e
00010001
00020102
00120a0c
00160d12
00180f13
00040607
0010090a
000f0c0c
000b0c0c
004a4b4a
0049484a
003c3d41
00413b3c
002a1e1f
002b2425
004b4243
003f3f3f
00494a49
004a4a49
004b4a48
001e1547
001c1445
001a1142
00080633
001f1649
00191342
001b1646
001b1547
001a1446
001b1446
001b1447
001c1447
001b1447
001c1347
001b1646
001a1743
004d4d4b
004c4d4b
004d4e4c
00393937
003f3d3c
00231711
00352619
003d2b1d
00432d1f
00453021
004b453e
00505357
003d3b4b
004c4a53
00504f57
00393842
00373548
00595655
004e504a
004b4e4b
004c4e4c
004f4e4c
00504f4d
004e4f4d
004c4f4d
004d504e
004f514e
004e504e
0050504e
0050504e
0050504e
0050504e
0050504e
004f504e
004d504e
004e514e
004e504d
004d4f4d
004e4f4d
004e4e4c
004e4e4c
004a4d4b
004a4d4c
00494b4a
00484a49
004a4b49
004b4b49
00494b49
004a4c49
00494b48
004a4c4a
004a4c4a
004a4c4a
004c4c4a
004d4d4b
004d4d4b
004e4e4c
004d4e4c
004e4e4c
004d4e4c
004e4e4c
004e4e4c
004e4e4c
004e4e4c
004f4f4d
004f4f4d
004f4f4d
004f4f4d
004f4f4c
004e504b
0050504d
0051514e
0050524d
0050524d
0050514d
0050524d
0051524e
0050534e
0051534f
0052544f
00555450
00565450
00555450
00535550
00545552
00555552
00555651
00555652
00555650
00565752
00565752
00565752
00464843
00464744
00464644
00464644
00464644
00464644
00454644
00454644
00454543
00454644
00464644
00454644
00454644
00464644
00464644
00464644
00464644
00464745
00464644
00464644
00464644
00464644
00464644
00464644
00464644
00464644
00464644
00464644
00444644
00444644
00464644
00454644
00454543
00474846
00484846
00484846
00474846
00474846
00464745
00474745
00454744
00454745
00454745
00454744
00464745
00474745
00474745
00474745
00464745
00464744
00444744
00444645
00454645
00454646
00444545
00444545
00434444
00424343
003e484e
0014183d
0014183d
0013183c
0012193b
0013193d
0014183f
0014193e
0012183c
0013173e
0014183b
0012183e
0012183c
0012173c
0012173c
0010173c
0011163b
0011173b
0011173a
0014173d
001e1935
00201411
00180e0c
000d0809
00262c30
00313c3c
0025353a
001f283b
00161f39
0017113b
00150f39
001d1e3f
0015122e
000e0d12
0032373a
00494d51
000d0b0e
000b0b0e
000b090b
00210d12
0030232e
00291623
0027182a
001c1432
00160e2d
00151032
00191033
00181037
00180f35
0016102e
000f0713
00221d37
00363533
00392b1e
00432a10
0043290d
002f1109
001a1311
00100609
00161010
00010204
000b393e
00050a0e
00070606
000e3c43
00100b0d
000c3c3f
0001050b
000a3a41
0008040a
0007181e
000d3941
000e0b0f
00254749
00566263
00070505
0010090a
00100c0d
000a0a0a
00454646
00333233
00363635
003d3a3b
00494948
00494b4a
00494c4c
00404141
00494a49
004a4a49
00484949
001c1645
001a1543
0024254d
0026324d
00282b52
00202349
001e224a
00171e46
00262c56
001d214a
001c1f49
00171843
00171943
001d1946
001c144a
000c0a2f
004d4d4b
004d4d4b
004f4f4d
00383a37
002d2724
00271c14
0039291a
00402c1e
00432e21
00443022
00453a2e
00494a49
002c2343
003d335a
00433d50
00332b4b
0054575a
00483d39
004a4e4a
004c4e4c
004c4e4b
004c4e4b
004d4f4d
004d4f4d
004c4f4d
004d4f4d
004e504d
004e504d
004f504e
004f4f4d
0050504e
0050504e
004f504e
004f4f4d
004e504d
004e504e
004d4f4d
004d4f4d
004e4f4d
004e4e4c
004e4e4c
004c4d4b
004b4c4b
00474847
00484a49
004a4b49
004b4b49
00494b49
00494b49
00494b49
004a4c4a
004a4c4a
004a4c4a
004c4c4a
004d4d4b
004d4d4b
004d4e4c
004c4d4b
004d4d4b
004e4e4c
004d4e4c
004e4e4c
004e4e4c
004e4f4d
004f4f4d
004f4f4d
004f4f4d
004f4f4d
004f4f4c
004f504c
0050504d
0051514e
0051514d
0050524d
0050524d
0050524d
0052534e
0054534f
0054534f
00545450
0053534f
00535450
00525450
00535550
00535550
00555552
00555651
00545551
00555651
00555651
00565752
00565751
00484844
00474744
00474644
00464644
00454644
00464644
00454644
00464644
00454543
00454644
00454644
00454543
00454644
00464644
00464644
00464644
00464644
00464644
00464644
00464644
00464644
00464644
00464644
00464644
00464644
00464644
00464644
00464644
00464644
00464745
00454644
00444543
00464745
00474846
00484846
00484846
00474846
00484846
00484846
00474846
00464745
00454745
00474745
00474746
00464746
00444643
00444644
00464745
00464745
00464643
00444543
00454744
00454744
00454544
00454545
00454545
00434444
00434343
003a4244
00151b40
0014183c
0014183c
0013193b
0012173b
0012183b
0012183b
0013183b
0012183b
0013183b
0014173c
0014183b
0012173b
0013173c
00141737
001e1e29
00121936
0012163b
0014173d
001c1937
001e1511
001a100d
000a0808
002d353a
00030205
001f2a31
0028353e
00243643
0016113d
00171138
00343b4b
00131037
000f0d15
002d3030
002a2e2f
000d0b0d
000b0b0d
000c080b
00260e0c
00281010
0019060b
00210f20
001f0e24
00170e23
0016102d
00170f2e
00180f34
00160f2b
00151028
000c060e
001a1e30
002b2f35
003f270e
003f2714
0032100b
002e110c
001f1615
00150b0d
00120d0d
000d0c0d
002a3e42
000e393e
001e2b31
00133e42
00050b0f
00133b41
002a4548
002c464b
0009141b
000c1418
000c3c43
0006040a
000d3e45
00060f13
00120a0e
00140f0f
000e0c0b
001a1b19
00403e3e
001d1517
00262422
00474847
00464747
00474847
00464545
00494b48
004a4a49
004a4a4a
00474946
001b1348
001b1346
001b1246
001e154a
000f133d
001c1747
001e1849
00161043
001b1846
001a1444
00171541
001c1644
00161341
00181346
001d1549
002a2747
004d4d4b
004c4d4b
004c4d4b
00363937
00241b16
002f251a
003b2b1f
00412e21
00443020
00453123
00443526
004b494d
00534f66
0014112c
0039324e
005c5b6c
00474e4b
002b1c18
004c4d4b
004b4d4b
004b4e4b
004e4f4d
004e4f4d
004e4f4d
004d4f4d
004e4f4d
004f4f4d
004f4f4d
004e4f4d
004e4f4d
004f4f4d
004d4f4d
004e4f4d
004f4f4d
004f4f4d
004f4f4d
004d4f4d
004c4e4c
004c4e4c
004c4e4b
004d4f4c
004d4d4b
00484847
00494949
00494a48
00494a48
004a4b49
00494a4a
004a4b4b
004b4b49
004c4c4a
004b4c4a
004c4c4a
004c4c4a
004d4d4b
004d4e4c
004e4f4d
004d4e4c
004e4e4c
004e4e4c
004e4e4c
004e4e4c
004d4e4c
004e4e4c
004f4f4d
004f4f4d
004f4f4c
004f4f4d
004f4f4d
0050514e
004f504d
0052524e
0052514d
0051524e
004f524d
0051524e
0053534f
0054534f
0054534f
00545450
00545450
00555551
00545550
00545451
00545550
00545651
00545651
0054564f
00555650
00555551
00565651
00555650
00474744
00464643
00474744
00464644
00464644
00464644
00454644
00464644
00454543
00454543
00454644
00464745
00454543
00454644
00464644
00464644
00454543
00454644
00464745
00464644
00464644
00464644
00464644
00464644
00454644
00464644
00464644
00464644
00464644
00464644
00454543
00454644
00474745
00474846
00484846
00484846
00474846
00484846
00484846
00474846
00474946
00464846
00484846
00484846
00464846
00454745
00454745
00474745
00474745
00474744
00464644
00454545
00454545
00454546
00454545
00454545
00434444
00414242
003d423f
0014193c
0014183c
0014183c
0014183b
0014173c
0012183c
0012183b
0013173b
0013183b
0013163c
0013173b
0014173c
0012173c
0011173b
00181934
00555655
00101827
0014173a
0013173c
00181838
001a100c
00190f0b
000b0809
00253236
002e3c40
001d282e
00232f34
00253b41
00202b42
00151239
00121231
00130f35
0013102c
00090910
000a0d11
000d0b0d
000c0a0d
000b090b
00260e0b
0027100a
002c110f
00343237
002d2a41
00110e20
003c3f46
00070317
000c071f
00424348
0027282f
00434447
003d4143
00212322
003c2312
00311915
002e110c
002d110b
00211817
00100608
00120e0e
00182427
000b070e
00000408
002c4a52
00123c44
001b2529
00040309
00193d42
0010282c
002f474e
00101a1e
0023464c
00113338
000f3c44
0009060b
00160f11
00140f10
000c0c0d
00282b2b
00292624
000a0408
00030002
00040100
00110a0a
00252323
00393537
004d4c4b
004a4a49
004a4a4a
004f5252
00191446
001a1444
001a1447
00181544
00222d4a
001d2046
0024284e
0022254b
00242a51
00191d49
001e244f
00232f51
001a1547
001b1447
001d1644
00515458
004c4c4a
004d4e4c
00373735
00363a37
002a211b
0035291c
003c2e1f
00403022
00443123
00463323
00483526
004d4c48
00535457
00555956
00555958
004a4f51
005b5553
002c1b17
004b4d4a
004a4d4b
004b4e4b
004e4e4c
004e4e4c
004e4f4d
004d4f4d
004e4f4d
004f4f4d
004f4f4d
004d4f4d
004d4f4d
004f4f4d
004d4f4d
004e4f4d
004e4e4c
004e4e4c
004e4e4c
004c4e4c
004c4e4b
004b4d4b
004b4d4b
004c4e4b
004d4d4b
00474847
00474949
00474a47
00484a48
00484a48
00494b49
00494b49
004b4b49
004c4c4a
004c4c4a
004c4c4a
004c4c4a
004d4d4b
004d4e4c
004d4e4c
004e4f4d
004e4e4c
004e4e4c
004d4e4c
004e4e4c
004d4e4c
004e4e4c
004f4f4d
004f4f4d
004f4f4c
004f4f4e
004f4f4d
0050504e
004f504d
0052514d
0052514d
0051514d
004f514d
0052524e
0054534f
0052534f
0052534f
0053534f
00555450
00555551
00535550
00545451
00545550
00545651
00545651
00555651
00555551
00555553
00545652
00555751
00474745
00454743
00464644
00464644
00464644
00464644
00464644
00464644
00454543
00454543
00454644
00464644
00454543
00454543
00464644
00454644
00454543
00454644
00464745
00464644
00464644
00464644
00464644
00464644
00464644
00454644
00454644
00464644
00464644
00464644
00444543
00464745
00474745
00484846
00484846
00484846
00484846
00484846
00474846
00464846
00484846
00484846
00484846
00484846
00464747
00454746
00464746
00444745
00454745
00474745
00464745
00454645
00454645
00454544
00444443
00434443
00404141
00414242
003f4142
00101734
0014183c
0014173c
0014173c
0014173c
0014173c
0012183b
0011183a
0012183b
0011183b
0013173a
0013173b
0014173c
0013163b
00161739
00252227
001e212b
0012173a
00121739
0016183a
001d1210
00180f0b
000b0708
002f393b
000a0c0e
002e2e39
00151530
00262b3a
00223040
001c2537
000f1129
000e0a2c
00100b2e
000a0912
0003030a
00020508
000b0a0c
000c090c
00270e09
00280f0c
002d110d
003e4244
001f192c
0048474a
00404342
003f4241
00424444
003e4140
003c3e3e
00363636
00393a3a
001f1e1e
0030130c
002f120a
002f1209
0031120f
001d1314
000e0809
00110a0a
00090c0d
002b3f41
002a393c
000b1318
00123b43
00140c0d
00020506
00030507
0003090c
00133a40
0031464b
000d1920
0026464b
000c393f
0007090b
001b1715
000f0a0c
000d0b0e
003f4140
00484747
00393737
002d2c2c
00464746
00454747
004f504e
00464847
004b4b49
00494949
00484a4a
0055555f
001b1442
001c1444
001a1444
00171245
001a1846
00151841
001a1644
000c0c3c
00171142
001b1546
001c1846
001a1546
001a1548
001a1447
001a1544
004f5353
004c4d4b
004c4d4a
002e2f2d
003a3937
00242019
0035291e
00402f22
00403021
00443224
00463426
00473427
00504d4a
004e4f4e
004e5155
0039424c
004e5657
00422b24
00382d28
004b4d4b
004a4e4b
004c4f4d
004c4e4c
004c4e4c
004d4f4c
004c4e4c
004d4f4c
004f4f4d
004f4f4d
004c4f4d
004d4f4d
004d4f4c
00504f4d
004e4e4c
004e4e4c
004d4e4c
004d4e4c
004e4e4c
004d4d4b
004d4e4c
004d4d4b
004d4d4b
004c4d4b
00484846
00474948
00494948
004a4a48
004a4a48
004c4b49
004b4b4c
004b4b49
004c4c4a
004c4c4a
004c4c4a
004c4d4b
004d4d4b
004d4d4b
004d4d4b
004d4e4c
004e4e4c
004d4e4c
004e4e4c
004e4e4c
004e4e4c
004e4e4c
004e4f4d
004f4f4d
004f4f4d
004f4f4d
004e4f4e
004f504d
0050504c
0050514d
0050514d
0050514d
004f514c
0052524e
0054534f
0052524f
0052524f
0053534f
00555450
00565450
00535550
0052544f
00545551
00545651
00545651
00545551
00545551
00555551
00555551
00565653
00474746
00454644
00454644
00454644
00464644
00464644
00464644
00464644
00454644
00444543
00454644
00464644
00454543
00454644
00464644
00454644
00464644
00464644
00464644
00464644
00464644
00454644
00464644
00464644
00464644
00454644
00444543
00464644
00464644
00454543
00464644
00484846
00484846
00484846
00484846
00484846
00484846
00484846
00474846
00484846
00494846
00484846
00484846
00474846
00464746
00464746
00474847
00474846
00484846
00474846
00474745
00454644
00454644
00444543
00444544
00424443
00414342
003f4241
003e3f3f
000d132d
0015183d
0014183c
0014173c
0014183b
0014173c
0013173c
0013173c
0013163b
0011163a
0013163a
0016183c
0013173b
0012173a
0013193a
00222135
001c2032
000f1739
00121739
0014163a
001d1412
00170d0a
000a0508
00374042
003c4043
001d2330
001a1038
00221f33
000d0d23
00060521
0001011a
00080720
000d0a28
00110c29
00100c2a
0037424c
000e0b0c
000c090d
00240f0b
002a0f0d
0029110d
002e2c2f
00434342
00434545
003e4040
003e4140
003b3e3d
003d3f3f
003b3e3d
003b3b3b
003a3b3a
001e1f26
0023151c
0031120b
002f130c
00281217
001c1616
00100809
00130a0a
00110b0c
000c0607
00070002
00130d10
00030b13
00140c10
00374749
000a070d
00090709
00123a40
002c4850
00000004
00060a10
00113d42
00060708
00130c0d
000d0909
000d0b0c
00484a48
00424242
00343436
00272626
00474647
00474847
00494948
003c3d3c
00494949
004a4949
00494949
003e3c4d
001a1443
001a1445
001b1444
001a1545
001d1b46
0022264a
00292a50
0023264c
00161a41
001e1f48
002c2f57
001c1546
00171347
001a1447
001b1645
00494c48
004c4d4b
004d4d4b
003a3838
00393c39
001d1f18
003b2c22
003e3024
00413324
00433224
00443223
00493628
004f4d48
0043464c
00344049
004c5153
00584b43
0037150e
004d4942
004d4c4c
004a4d4b
004b4d4b
004c4e4b
004c4e4c
004c4e4c
004c4e4b
004c4e4c
004e4e4c
004e4e4c
004d4f4c
004e4e4c
004d4e4c
004e4e4c
004e4e4c
004e4e4c
004d4d4b
004d4d4b
004d4d4b
004c4d4b
004c4c4a
004c4d4b
004b4c4a
004b4c4a
00474745
00474946
00474946
00494a48
004a4a48
004b4b49
004a4b49
004b4b49
004b4c4a
004c4c4a
004c4c4a
004c4d4b
004d4d4b
004d4d4b
004d4e4c
004d4e4c
004d4e4c
004e4e4c
004e4e4c
004d4e4c
004d4e4c
004e4e4c
004e4f4d
004f4f4d
004e4f4d
004f4f4d
004e4f4d
004e4f4d
0050504c
0050514e
0050514d
004f514c
004f504c
0051524e
0053534f
0052524f
0052524f
0053534f
00555450
00545450
00535550
0052544f
00545551
00545551
00535550
00535550
00545551
00555650
00565651
00555552
00474646
00464643
00464742
00464745
00464644
00464644
00464644
00464644
00464644
00444543
00454543
00454644
00454543
00454543
00464644
00444644
00444643
00454644
00464644
00454644
00464644
00464644
00464644
00464644
00464644
00454543
00454543
00464644
00464644
00444543
00474745
00484846
00484846
00484947
00484846
00484846
00484846
00474846
00484846
00474846
00494846
00484846
00484846
00474846
00474745
00464846
00474846
00484846
00484846
00484846
00474745
00464645
00464646
00464646
00454545
00444543
00434443
00404342
003e4140
001b2437
0014183b
0014183b
0013183b
0012183a
0013173b
0013173b
0013163b
0013173b
00121639
0037344f
00444753
00101638
0013163b
0013173a
0032364b
002a3048
00121737
00121639
00141639
001c1411
00150c09
00090609
00394243
001b2026
002a2b35
00161137
00403f54
0031333f
00333640
002b323b
002f343b
00333b44
000d0d28
001a143a
00313b49
000e0b10
000a090c
00220f0d
00311b1b
0026110f
00140608
003e4040
003f4242
00404141
003d3e3e
003c3d3d
003c3d3d
003c3f3e
003b3c3c
003a3b3b
001c1c2a
0020152e
0039292b
002b1511
002c110b
001f1919
00100808
0013090a
00130b0c
000d060a
001f2025
0032383d
002f3840
00343942
00323a3f
00313a3e
0012151b
00000204
00000007
000f0709
000e0a0a
002d4749
00030305
00130c0d
000c0809
00101011
0041443f
00353331
003d3b3a
00494846
004a4946
004a4846
00414244
003d3d3c
00494a4a
004a4948
00494a49
00161032
001b1347
001a1344
002b2d52
00212a4c
001b2046
001b1f48
00161a45
00171643
0013193f
00191b45
00171945
00151442
00171444
001b1547
001d154a
004a4b4a
004c4c4a
004c4b49
00363635
002c2c2a
000f1811
003a2f23
003f3226
00423425
00473127
00200704
0039281d
00534f4a
00515151
00595555
00614742
003c1915
00341911
004b4b46
004d4c4b
00494c4a
004b4c4a
004d4d4b
004c4d4b
004d4d4b
004d4e4c
004d4e4c
004b4d4b
004c4e4c
004d4e4c
004d4e4c
004d4e4c
004e4e4c
004e4e4c
004d4e4c
004d4d4b
004d4d4b
004d4d4b
004b4c4a
004b4c4a
004b4c4a
004b4b4a
00444544
00454746
00474947
00474947
00494a49
00494a49
004b4b49
00494b48
004a4c49
004b4c4a
004b4c4a
004b4c4a
004c4d4b
004d4d4b
004d4d4b
004d4d4b
004d4e4c
004d4d4b
004e4e4c
004d4e4c
004d4d4b
004e4e4c
004e4f4d
004e4f4d
004e4e4c
004f4f4d
004f4f4d
004e4f4d
004f4f4d
0052514d
004f504e
004f514c
004f514c
0050514d
0050524d
0051534e
0051534e
0052534f
0053534f
00555450
00545450
00535450
00535450
00545551
00535550
00535550
00535550
00535550
00545550
00555650
00555551
00464643
00464643
00464644
00464644
00464644
00464644
00464644
00464644
00464644
00444543
00454543
00454543
00454543
00454543
00444543
00434543
00434543
00444543
00454643
00464745
00454644
00464644
00464644
00464644
00464644
00454543
00454543
00464644
00454644
00464745
00484846
00484846
00484846
00484947
00494947
00484846
00484846
00474846
00484846
00484846
00484846
00484846
00484846
00474745
00464745
00474846
00474846
00484846
00484846
00484846
00474745
00464746
00454646
00454646
00454545
00454644
00444544
00414443
00414242
00323946
0015183b
0014183a
0013183a
0013183a
0013163b
0013173b
0012163a
0013173b
0010163a
00231b34
00404445
00060d26
002d3142
001b1d31
00080825
00111030
00171a3d
00121639
00151638
001f1515
00140b08
000a0708
00303539
00000201
000a0a12
0019113a
001a143b
00170f34
000d092a
000c0827
00140e30
00191234
00151133
0018123a
002d3848
000c0c11
000a0a0c
00220d0e
00230e0d
002a100e
0029100f
00373c3d
003f4141
003b3b3b
003c3d3d
003e3f3f
003b3c3c
003b3e3d
00373a3a
003a3b3d
001b1d26
001e1013
002b130b
002a120d
002b1109
001e1818
00100908
00130a0a
00050509
00202d34
001f2b36
001d2c39
001f2b37
001f2b39
001d2a37
001d2a36
001c2935
001d2b34
001e2e38
0011151a
000d0a0f
001e2528
00080709
00150b0e
00080606
00101113
00464a48
002f2e2d
0033302e
002c292b
00454342
00404141
00454544
00414241
00474949
00494948
00494a49
000d062d
001b1445
001b1346
00151243
0011103c
00191743
001a1a44
00161b44
00191b47
00161a44
00161a44
00161843
001a1945
00161441
001a1546
00120e37
004e4d4c
004c4c4a
004e4d4b
00303231
00111310
00122019
00393225
00403329
00433426
00391e16
00280c04
002e0f08
00311710
002c0d0a
002a120c
003d2821
003c211b
002a1611
00494845
004a4948
00474a47
00484a48
004b4c4a
004b4b49
004b4c4a
004c4c4a
004c4c4a
004a4c4a
004a4c4a
004c4c4a
004b4d4a
004c4d4b
004d4d4b
004d4d4b
004d4d4b
004c4c4a
004c4c4a
004b4c4a
004b4b49
004b4b49
004b4b49
004a4b49
00444544
00464746
00474847
00484949
00474948
00484a49
004a4b49
00484b49
00494c49
004b4b49
004b4c4a
004b4c4a
004d4d4b
004d4d4b
004d4d4b
004d4d4b
004c4d4b
004d4d4b
004e4e4c
004d4e4c
004d4d4b
004e4e4c
004e4e4c
004f4f4d
004e4e4c
004e4f4d
004f4f4d
004e4f4d
004f4f4d
0052514d
00504f4f
004f514c
004f514c
0050514d
0050524d
0051534e
0051534e
0052534f
0053534f
00555450
00545450
0052544f
00535450
00535550
00535550
00535550
00535550
00535550
00555551
00555650
0055564f
00454742
00454643
00464644
00454543
00464644
00464644
00464644
00464644
00464644
00454543
00454543
00454543
00454543
00444543
00404240
00414441
00414442
00414442
00444543
00464644
00444644
00444644
00464644
00464644
00444644
00444644
00454543
00454543
00444442
00474846
00484947
00484947
00484947
00494947
00494947
00484947
00484846
00484846
00484846
00484846
00484846
00484846
00484846
00464845
00464846
00464846
00464845
00484846
00474846
00484845
00474744
00464745
00464645
00464645
00454645
00474645
00454545
00434444
003f4243
00384046
0014183c
00131939
0014173a
00131739
0013173b
0013163b
0014173b
0012173b
0012173b
001b1635
003c413b
001f2436
0045474b
00333032
0025282b
003b3e3e
0053545d
00464c57
000f1230
001e1622
00150e0c
00090508
00222326
00080c0e
00283031
00191438
001b133a
00161239
0019173a
00202044
00242244
001e1a3f
00222143
0018133a
002c364b
000a0a10
000b0a0c
001f0e0f
0029100b
00280f0d
0029100d
00303737
00363838
00404342
003e4040
003f4040
003d3d3d
003a3b3b
003a3d3c
00333639
00161112
0029120b
002d120c
002e120c
002e110c
001f1819
00110909
000f0a0a
001e2c34
00192933
001c2934
00182835
00192835
00182635
001a2836
001a2634
00192533
001a2631
001b2933
001c2933
00212c34
000e1218
00100e0f
00140b0c
00070505
000c0e0f
00494c4a
001f2123
0018120f
001c1712
0024231f
003a3c3e
00505050
004b4b4a
00484948
00494a49
00484a49
0016103a
00191344
00191344
001a1444
001a1545
0019183f
0017162b
001b1c46
001a1c48
001b1c47
001b1a49
001d1a47
001c1547
001c1546
001a1546
00100e2d
004b4d48
004c4c4a
004f4f4f
002d2f2e
00161615
0016211a
003e3327
0041352a
00443226
00280b07
002c100a
002d110b
004e382e
00584437
003e2c21
0038201d
00331610
0046372f
00464442
00444644
00464745
00474846
00474746
00484848
00494a48
00484846
00494a48
00494a48
004a4a48
004a4a48
004a4b49
004a4b49
004a4b49
00494b48
00484a48
004a4b49
00494a48
00484947
00484846
00484947
00494a48
00484947
00454646
00444745
00474846
00494947
00464848
00474b48
00484a48
00494b49
004b4b49
004b4c4a
004b4b49
004b4c4a
004c4d4b
004d4d4b
004c4c4a
004d4d4b
004d4d4b
004d4e4c
004d4d4b
004d4d4b
004d4e4c
004d4e4c
004e4e4c
004f4f4d
004e4e4c
004f4f4c
004f4f4c
004f4f4d
004f504c
0050504d
0050504d
0050504d
004f514d
0051514d
0052524f
0052524f
0051534e
0052524e
0053534f
00545450
0052544f
0052544f
00535450
00535550
00525550
00545551
00535550
00535550
00555551
0054554f
00555653
00454643
00454643
00464644
00444543
00464644
00464644
00464644
00464644
00464644
00454543
00454543
00454543
00454543
00454543
00414341
00414442
00414441
00414442
00424441
00464644
00444644
00444644
00464644
00464644
00464644
00464644
00454543
00444442
00454543
00484846
00494947
00494947
00484947
00494947
00494947
00484947
00484846
00484846
00484846
00484846
00484846
00484846
00484846
00474846
00464845
00464846
00464845
00484846
00474846
00474746
00474746
00464645
00464745
00474745
00464645
00464646
00454646
00444545
00414444
003e4345
00131a39
0013183a
0014173c
0013173b
0013173a
0013163b
0013163b
0011163a
0014173b
0019163a
003e3e3e
003e434e
00433f4d
00212121
00252424
00353436
00242123
003c3839
000f1626
001b1525
00160e0b
00070407
000b0a0d
00090c11
00343132
0014162e
00191338
00181339
00151239
00242346
001d193c
001c163b
0015113a
00211d3a
00343a42
00000103
000c0a0c
001d0e0d
00290e0b
002f1825
00281118
00383a3a
003e4140
003e4040
003d3f3f
003e3f3f
003c3e3e
003c3d3d
003b3c3c
00333838
001a0e0b
002d130a
002e1209
002f110c
002f130a
001f1617
0010090a
00090404
001b2c34
001a2b34
001a2a34
00152733
00182835
00172535
00142332
00142030
00101a2b
00151e2d
0016212f
001a2733
001d2935
001d2b37
00161b21
00160b0c
00080809
000f1112
00474847
00343535
004c4b4c
00464847
003f3d3c
00363230
002b2a26
004e4c4b
00494848
00494947
0048494b
001f1849
00191344
001a1443
001a1744
00161746
001d1c2c
00100c10
001a2143
001b2245
001e2140
002f334f
001c1b45
001d1846
001a1445
001a1447
00454556
004c4c4b
004c4c4a
00333333
00303231
00131312
00101a11
00403429
0041362b
00433026
002a0f09
002c100b
002c100b
003b231c
0035241c
0038231d
00452925
00372316
004a4238
00434341
003f423f
0040403e
0040413f
003d3f3c
00444543
00444543
00444543
00444442
00444644
00464644
00454644
00464644
00474745
00474745
00454745
00444644
00474745
00464745
00454644
00454543
00454644
00444543
00454544
00434444
00454845
00484846
00484947
00474948
00474a48
00474a48
004b4b49
004b4b49
004b4c4a
004c4c4a
004b4c4a
004c4d4b
004d4d4b
004c4c4a
004d4e4c
004d4d4b
004d4e4c
004d4d4b
004d4d4b
004d4e4c
004d4e4c
004e4e4c
004e4f4d
004e4e4c
004d4e4b
004f4f4d
004e4f4d
004f504d
0050504d
0050504d
0050504d
004f514c
0051514d
0052524f
0052524f
0051534e
0052524e
0053534f
00545450
0052544f
0052534f
0052534f
0052544f
00525450
00535550
0052544f
00535450
00535550
00565751
0054544f
00464644
00464644
00464644
00454543
00454644
00464644
00454645
00464644
00464644
00454543
00454543
00454543
00454644
00454644
00414341
00414442
00404441
00404340
00414341
00454543
00464644
00464644
00464644
00464644
00454644
00464644
00454543
00434442
00464644
00474846
00494a48
00494947
00494947
00494947
00484947
00484846
00484846
00484846
00484846
00464846
00464846
00464846
00464846
00484846
00474846
00474846
00474846
00474846
00474745
00464645
00454544
00464644
00464644
00464644
00454645
00464646
00444545
00444545
00424544
003e4343
00101830
00121639
0014183b
0013173a
00131639
0013173a
0012163a
0013173b
0014163a
0016163c
00464449
00353c42
00151128
000e0e10
00303233
00282726
00272425
003b3536
00434a59
001f182d
001a0f0c
000a0607
000c070a
002d363b
00080a0e
00242f36
00303d49
00141625
000c1126
000b0d28
0015162c
0015132a
00151231
002e2a35
00191b1c
000a191c
000c0b0e
001b0c0b
0029100a
002f1828
00311d35
002d2d37
00404243
003f4141
003e4040
003e4140
003b3e3d
003c3d3d
003b3c3c
002c3234
001c100e
002c1109
00280f05
00281409
002c1b0d
001d1614
00120b0c
000e090a
0027313a
001c2c33
001d2c34
00192933
00172632
00162533
00152431
00131f2f
00121b2e
0011192b
00172032
0014202e
0015202f
00162332
0018232f
00150a09
00141314
000f1213
00454644
00393735
0039372f
0030332a
00353432
00373536
00434143
00424343
0049484a
00494946
00484947
00191340
00191342
00191543
00191744
001d1b45
00100d16
00121014
0021263e
00252a42
00111119
00171725
00232844
001c1944
001b1545
001a1445
00545758
004c4c48
004c4c4a
00222323
002f2f2f
00242525
001e231a
0041352c
0042372b
00362219
0028110a
002a0f0a
002e110d
002d130b
0030150d
00240803
00381b15
00433729
004a443e
00484846
00464946
00454846
00464948
00474948
00474846
004a4948
00474946
00484a48
00494b49
004a4c4a
004a4c4a
00494b49
004a4b4a
00474948
00464746
00464746
00454744
00424441
00424342
003e3f3e
003b3d3b
00383b38
003b3d3b
00424342
00454746
00484847
00484948
00474948
00484a49
00474a48
004b4b49
004b4b49
004b4b49
004c4c4a
004c4c4a
004d4d4b
004d4d4b
004d4d4b
004d4d4b
004d4d4b
004d4d4b
004d4d4b
004d4d4b
004d4e4c
004e4e4c
004e4e4c
004e4e4c
004e4e4c
004e4f4c
004f4f4d
004f4f4d
004f4f4d
004f514c
004f514c
004f514c
004f514c
0050524d
0050524d
0051524e
0051534e
0052524e
0053534f
00545450
0053544f
0052534f
0052544f
0052544f
0052544f
00535450
0052534f
00535450
00525450
0054554f
0055554e
00464745
00464644
00464644
00464644
00454644
00464644
00464645
00464644
00464644
00454643
00454543
00454543
00454644
00454644
00424441
00404441
00414442
00414441
00424442
00454543
00464745
00464644
00464644
00464644
00464644
00454644
00444543
00454644
00474745
00474846
00484846
00494947
00494947
00494a48
00484947
00484846
00484846
00484846
00484846
00484846
00484846
00474846
00464846
00474846
00484947
00484846
00474846
00474745
00464644
00444544
00454544
00454644
00454644
00454644
00454545
00454545
00444545
00434545
00424545
00404444
0030393c
00111425
00141639
00121638
00131836
00121739
00121739
0012173a
0013163b
0015173b
003d3948
002e3136
00181432
001f201e
0030302f
00292a2a
0029282a
00373134
00434d51
001d1832
001e100d
00150d0c
000d0609
000d0c11
00213539
001d2e32
00232d33
001d2f33
0028383a
002e3e3c
002f3f45
002e3c44
002e4046
00333f43
00313d41
003a4c4d
000c0b0e
0016080b
00260f0e
002b1218
00351d33
001d172a
00414547
003f4140
003d4040
003e4040
003f4040
003d3e3e
003b3c3c
00232b2c
00231d11
003a311d
0045422b
00403724
00281c09
001a1611
000e0809
000f0a11
001d2134
001b2d32
00232f36
001b2a33
0018252f
00162330
00172331
0015212f
00131c2a
00131a29
00111b29
00131b2b
00141d2e
00162233
0019232f
00120a0a
00181717
00131918
00434744
003d3c3a
003a3a38
00444447
00484b4d
0047494a
0041413e
00464747
00474949
004a4849
00454648
00191341
00181441
00181644
001a1942
002a3145
003d464a
000f1220
000f0f1f
000e0c13
001a171d
00131318
00262c39
0017153e
001b1644
00191344
00484a4a
004b4b49
00494948
002e3030
00303030
002f3030
0037332b
003e362c
0042372b
001e0a06
0027110a
00220e0c
0025120e
001f0f09
00271312
002b1510
00332d26
0047433a
004a4743
00494847
00494a48
00494a49
00474a49
00484a49
004a4b49
004a4b49
00494b49
004a4b4a
00494c49
00494c49
00494b4a
00494b49
00484b4a
00494b4a
004a4b4a
00494a49
00484b48
00494a48
00494a4a
00494a4a
00494b4a
00484a49
00464845
00454645
00454645
00474847
00484948
00474948
00484a49
00484a48
004b4b49
004b4b49
004b4b49
004c4c4a
004c4d4b
004d4e4c
004b4c4a
004d4d4b
004d4d4b
004d4d4b
004d4d4b
004d4d4b
004d4e4c
004d4e4c
004e4e4c
004e4e4c
004e4e4c
004e4e4c
004e4f4d
004f4f4d
004f504d
004f504d
0050504c
0050514c
004f504c
004f514c
0050524d
0050524d
0051524e
0052534f
0053534f
0053534f
00545450
0054534f
0053534f
0052544f
0052544f
0052544f
0052534f
00535450
0053544f
00545550
00555650
0055554f
00464644
00464644
00464644
00464644
00454644
00464644
00464644
00464644
00464644
00454644
00454543
00454543
00454543
00454543
00424442
00414441
00424542
00414442
00424442
00444543
00464644
00464644
00464644
00464644
00464644
00444643
00434341
00464745
00474745
00474846
00484846
00484846
00484846
00484947
00474947
00484947
00494947
00494947
00484947
00474846
00474846
00484846
00464846
00484846
00484846
00474846
00474846
00464644
00454543
00454544
00454645
00454645
00454544
00464645
00464646
00474747
00444545
00454646
00434645
00414443
003d4040
003f4143
002a2e2f
0000020b
00131322
0016182f
0011173b
00111738
00121737
00131739
00121030
000f0d24
001a1a3c
003f4140
00313031
00323234
002d2c2c
002f2a2b
003a4143
001c1737
001f110e
00180f0b
000f0b0b
00100e10
00282b30
00203236
0024383c
0025363d
001d2f33
001b2b2f
0013232a
000c1922
00162028
000f1920
00263a3e
001a1f23
000c0b0e
0011060d
002c132a
00280e1f
00291015
00241523
003f4345
003e4140
003f403f
00363737
003c3d3d
003c3d3d
003b3c3c
001d272a
00251e0f
002d2313
0045413e
002a1e0d
002d2008
00161310
00100b0d
00121222
00151431
00131b34
001d2e40
001a2030
001a1e2e
00161a2a
00131527
000e0e20
000c0d1c
00121925
00141c2a
00111d2a
000f1926
00151f30
00100e13
00150b0a
001a1818
00151917
004a4b49
00292423
00272626
000f0d10
003c3e40
003a393b
002d2c2d
00454747
00474949
00494948
00505154
00191342
00181542
001a1842
001a1941
00484e55
00161833
00202643
00181622
00131013
00110f17
000d0b22
001e1d43
001a153e
00161040
001c1746
004a4b4b
004c4b49
004a4949
00303131
00242525
002d2f2e
003b352c
003f382e
00413a2e
00220f09
00261e1c
002d313a
002d353b
0035373a
0039363b
00393f46
0041464a
004a4947
004a4946
00494948
00494a49
00494949
00444646
00494b4a
004a4b4a
004a4c4b
004a4c4b
004a4c4b
004a4c4b
004a4c4b
00494c4c
00494c4c
00494c4c
004a4c4b
004c4b4b
00484b49
00494b49
004b4b4a
004a4b4a
004a4b4a
00494a49
00494b4a
00484a48
00474848
00454545
00464747
00464747
00484948
00494a49
00494b48
004b4b49
004b4b49
004b4b49
004c4c4a
004c4d4b
004c4d4b
004b4c4a
004d4d4b
004d4d4b
004d4d4b
004d4d4b
004d4d4b
004d4d4b
004e4e4c
004e4e4c
004e4e4c
004e4e4c
004e4e4c
004e4e4c
004e4f4d
004f4f4d
004f4f4d
004f504e
0050504f
004f504c
004f514c
0050524d
0050524d
0051524e
0052524e
0052524e
0052524e
0053534f
0053534f
0052544f
0052544f
0052544f
0052544f
0051534e
0052524f
0053544f
0054554f
0054554f
0054554f
00454643
00454643
00454543
00464644
00464644
00454543
00464644
00464644
00464644
00464644
00454644
00444543
00454543
00454543
00434543
00424441
00434542
00414442
00434542
00444442
00454543
00464644
00464644
00464644
00454543
00444442
00464745
00474846
00484846
00484846
00484846
00484846
00464846
00464846
00484846
00484947
00484a47
00494947
00484947
00464846
00464846
00484846
00484846
00494846
00474745
00464746
00454544
00444544
00444644
00464644
00454644
00454645
00464646
00464646
00474746
00464645
00434645
00444646
00444646
00434545
00414244
003f4143
003c3e41
003a3c3f
003c3f3e
003f4645
001e2527
00030611
0015172e
00151836
0014173b
00171839
0019193a
004a4c54
0036383a
00363a3b
002d2f31
002e2c2d
00424845
00171638
001f120f
00190f0c
00141312
00110e0e
00161216
00030306
0041484b
0023353a
0024383e
00253a41
00283a3d
0026373c
00283940
0027373d
002f3a3e
00100c10
000e0a0f
000c050b
002b1634
00291c33
0026142d
002b142c
003b3b40
003e4040
003e4140
003d403f
003b3e3d
003c3e3e
003b3c3c
002c3537
00261e0d
0030210c
00433e36
003e3e2a
00292008
00151410
00110d0f
00131426
00171c2f
000a0f2d
00171336
00131031
00121029
00131128
0013122c
00111025
000f0d1d
00121626
00131e2c
001b2530
00222636
001c1e34
000a070b
00120b0c
000f1010
000f1615
004d4c4b
00261f20
002f2726
00474642
004f4c4a
00494a46
004b4e49
00454746
00474948
00494948
005d5c6a
00181342
00191542
00191744
001b1c45
001f2043
001d2a3d
00263140
00130f1e
00110f1f
001e243f
0041484d
001d1940
001a1644
00181444
00120d39
00494b48
004c4b4a
004d4c4b
002f2f2f
0017171a
003a3939
003d362e
0040392f
00433a2e
00281814
00212d3b
001e313f
00313c48
002c3a46
00263442
00203141
00243340
00424849
00484948
00484949
00484949
004c4b4a
004a4b4b
00494b4b
00494b4b
004a4c4b
004b4c4b
004b4d4a
004b4d4a
004a4c4b
004c4c4b
004b4b4b
004c4c4c
004c4d4c
004a4c4b
00494c49
004a4c4c
004a4c4a
004a4c4a
004a4c4a
004b4c4a
00494b4a
00494b4a
00474a47
00444746
00444746
00454847
00474948
00484948
00484a48
004b4b49
004b4b49
004b4c4a
004c4c4a
004c4c4a
004c4d4b
004d4e4c
004d4d4b
004d4e4c
004d4d4b
004d4d4b
004d4d4b
004d4d4b
004d4e4c
004e4e4c
004e4e4c
004e4e4c
004e4e4b
004e4e4c
004e4f4d
004e4f4c
004e4f4c
0050504e
0050514f
0051514e
0050514d
0051514d
0050524d
0050524d
0050524d
0050524d
0053534f
0053534f
0053524e
0052544f
0052544f
0052534f
0052534f
0051534e
0051534e
0052544f
0054554f
00545550
0054544f
00454742
00454643
00464644
00464644
00454644
00464644
00464644
00464644
00464644
00464644
00454644
00444543
00454543
00454543
00434543
00434542
00424442
00424542
00444543
00454543
00454543
00464644
00464644
00464644
00454543
00434442
00474846
00484846
00484846
00484846
00484846
00484846
00464846
00464846
00484846
00484947
00484947
00484947
00484846
00464846
00474846
00484947
00464745
00474745
00444644
00444544
00444443
00444645
00444643
00454644
00464644
00454646
00464747
00484747
00464746
00464645
00444746
00434646
00444646
00434545
00424445
00404244
003f4045
003e3f44
003e3e45
003d3e43
003b3d40
00393d3d
00393f3d
002c3034
00070b13
00171924
0018192f
001a193b
000f0c23
00231f31
004e4b54
00383b3d
003e4242
00171739
0020130f
001c1412
00202120
000f0c0e
000f0b0f
000f0d11
00120f11
00040104
001e2024
003f4347
00424b4e
0040484d
003a4044
00000003
000f0c10
000c0a0e
000c090f
000a050c
003f2a40
00362835
002b1f2a
00402d44
0032333f
003b3e3d
003b3f3f
003c3e3e
003b3e3d
003a3d3d
003a3b3b
002c3134
00281f0c
0031250f
00261a0f
00322c1c
002b1e06
00181513
00100f0f
0012131f
0018212e
001b2e37
00151b34
00131331
0012122e
0013112d
0012132b
000c0e24
000e0d21
00101025
0011152e
00141932
00121331
00151332
0011101c
00110d10
000e0e0e
00010a09
00434444
00393a3a
00201e1f
00282a2a
00323434
00333230
0040413f
00474946
00474947
00474947
0029273c
00191442
00191442
00181643
001b1a45
001b1d45
002b3145
00252835
00181733
001e1e3f
001c1e44
001b183c
001e194a
001a1544
001a1445
000d092c
004d4c4a
004b4b49
004f4e4e
002f2e2e
001c1d1f
00393836
003d3730
00413a30
00433930
0022100c
00222a3b
00283848
002d3b47
002c3946
00293947
002c3b4a
00273645
003d4443
00464848
00484949
00494a4a
004b4b49
004a4b4a
004a4b4b
004a4c4b
004a4c4a
004b4c4b
004b4c4b
004a4c49
004c4c4a
004c4c4a
004b4c4b
004b4c4c
004b4c4b
00494c4a
00494c49
004a4c4b
004b4c4b
004a4c4a
004a4c4a
004d4c4a
004a4b4a
00494b4b
00494b4a
00474847
00434645
00464948
00474948
00494a49
00484a48
004b4b49
004b4b49
004b4c4a
004c4c4a
004c4c4a
004c4c4a
004c4d4b
004c4d4b
004d4d4b
004d4d4b
004d4d4b
004d4d4b
004d4d4b
004d4e4c
004e4e4c
004e4e4c
004e4e4c
004e4e4b
004e4e4c
004e4f4d
004e504b
004e504b
0050504e
0050504e
0050504d
004f504d
0052524e
0050524d
0050524d
0050524d
0050524d
0053534f
0053534f
0053534f
0052534f
0052534f
0052534f
0051524e
0051524e
0051534e
0052544f
0054544f
0054544f
0053544f
00454843
00454742
00464744
00464643
00464643
00464644
00454644
00464644
00464644
00464644
00454644
00454543
00454543
00454543
00454543
00454543
00464644
00454644
00454543
00454543
00454644
00464644
00464644
00464644
00444543
00464745
00484846
00484846
00484846
00484846
00484846
00484947
00484846
00484846
00484846
00474846
00464846
00474946
00474846
00484846
00484846
00474846
00474745
00444644
00424442
00444544
00464644
00464746
00464746
00474744
00474744
00464746
00464747
00464747
00464746
00454746
00444646
00444646
00444646
00444646
00424444
00414244
00404244
003f4045
003f4044
003e4044
003f4044
003e4044
003f3f44
003d3d43
003c3e43
003a3f3f
00414343
00131a1a
00020308
00121123
00211e37
00171731
00090a25
0014173a
00221514
00292322
002e2d2b
001f2523
000b0c0f
000e0d12
000f0c11
00110d13
00110d11
00100d12
00100d10
000f0c0c
000e0c0c
000e0b0f
00181516
000d0c10
000c090e
000a060b
002a1631
00342934
00342335
002f1837
002b293b
003d3f3f
00413d40
003c3b3c
003d3e3d
003a3b3a
003b3c3b
00262b2e
00261a08
00353424
00221d12
0039301d
00311f09
00191512
000e0d0e
00101113
0016182a
0011172b
00181a32
00141a2d
0014152f
00151529
00101426
00111429
00111427
00151f32
00122336
000d2035
00121f37
0014122b
00141527
000e0d15
000f0d0e
00121817
00464645
00424140
00454242
003d3a37
00484643
00474849
00464847
00484846
00494947
004a4849
000f0a2e
00191441
00181441
001a1542
00191741
001c1a47
001d1c3a
0016173f
001f1d3c
001b1a35
001b1d45
001d1944
001a1744
001a1444
00181444
00353345
004c4b49
004c4c4a
002b2b2c
002d2c2d
001c1d1d
00353630
003c3731
00413a33
00473b33
00351d14
00262933
00263848
002d3a47
00283848
00253848
00293a47
00293443
00454746
00484848
0048494a
00484a4a
004a4b4a
004b4b4a
00494b49
004b4c4a
004c4c4a
004b4c4c
004a4c4c
004a4d4a
004c4d4a
00494c4a
004a4c4a
004a4c4c
00494c4a
004a4d4c
00494c4b
004a4b4b
004b4c4c
004a4c4a
004a4c49
004b4c4a
004c4c4a
004a4a49
00494a49
004a4a49
00444746
00464848
00474949
00484a4a
00494b48
004b4b49
004b4b49
004b4c4a
004d4c4a
004d4c4a
004c4c4a
004c4d4b
004c4d4b
004d4d4b
004d4d4b
004d4d4b
004c4d4b
004d4d4b
004d4e4c
004e4e4c
004e4e4c
004e4e4c
004e4e4c
004e4f4d
004e4f4d
00504f4d
004f504c
0050504e
004f4f4c
004f514d
0050514d
0050524d
0050524d
0050514d
0050524d
0050524d
0051534e
0051534e
0051534e
0051534e
0051534e
0054534f
0053534f
0052524e
0051534e
0052544f
00545550
0053534f
00535351
00464744
00464743
00464744
00464643
00464644
00464644
00464644
00464644
00454644
00464644
00464644
00454543
00454543
00454543
00454543
00454644
00464644
00454644
00464644
00464644
00464644
00464644
00464644
00454644
00444542
00484947
00484947
00494947
00484846
00484846
00484846
00484846
00484846
00484846
00494846
00474846
00464846
00464845
00474846
00484846
00484846
00474745
00474846
00474745
00464644
00454643
00474746
00464646
00464746
00474745
00474745
00464747
00464747
00464747
00464746
00454746
00444646
00444646
00444646
00434545
00434545
00414345
00414247
00404244
003f4145
00404246
00404246
00404145
00414145
00404045
00404145
00404144
003e4042
003c3e3e
00373d3e
003d4240
00373b3e
000f1214
0004080f
0015152a
002f272a
0035302f
00373533
00353633
00313232
00050608
000c0d10
000d0c10
00100c0f
000e0c11
000e0e11
000d0d0f
00100d10
000f0b10
000e0a0d
000e0b0f
000d0a0e
000b070b
002e162a
002c162a
0029182a
002f1b36
001b1127
003c4042
00393939
003b3c3b
003d3d3f
00393b3c
00373a3a
00232e2f
002c200b
002e1f0d
002c281f
002c2517
002e1f0a
00191815
000f0c0c
00101110
000e1119
0017192a
0016192d
00161c33
00111529
00141526
00131524
00141526
00121422
00131422
00090e1d
00142a35
00152b37
0015162a
00121425
000c0b10
000f1010
00202623
00464745
00393b39
003d3f3e
003d3e3d
00454645
00464646
00494747
00474847
00484948
00494948
00120b35
00191441
00181441
001b1440
001b1445
001b1737
002b2936
00151635
003c353d
00362727
00181541
001a1546
001a1443
001a1444
00191347
0056565f
004b4b49
004a4b49
00272627
002c2b2c
001b1c1e
00383732
00372d28
00413a32
00453a33
00361a10
00423531
001e2e3e
002f3d4a
002a3a47
00293a48
002b3948
00323940
00464744
00484847
00484a49
00494b4a
004a4b49
004b4b49
00494b49
004b4b49
004c4b49
004b4c4b
004a4c4c
004a4b4b
004c4c4c
004a4c4c
004b4c4c
004b4b4c
004b4b4a
00494c4b
004a4c4b
004b4c4b
004b4c4b
004a4c4a
004a4c4a
004b4c4a
004b4c4a
004a4b49
00484b4a
00474a49
00464948
00444746
00464948
00484a4a
00484a48
004a4a48
004b4b49
004b4b49
004a4c4a
004a4c4a
004c4c4a
004c4c4a
004c4c4a
004c4d4b
004c4d4b
004d4d4b
004d4d4b
004d4d4b
004e4e4c
004e4e4c
004e4e4c
004e4e4c
004e4e4c
004e4e4c
004e4f4d
004e4f4c
0050504d
0050504d
004f4f4c
004f514c
0050514d
0050524d
0050524d
0050524d
0050524d
0050524d
0051534e
0051534e
0051534e
0051534e
0051524e
0054534e
0052524e
0052524e
0051534e
0052544f
0053544f
0053534f
00535350
00474845
00464843
00464745
00474744
00464644
00464644
00464644
00464644
00464644
00464644
00464644
00454644
00444543
00454543
00454644
00464644
00464745
00464644
00464644
00464644
00464644
00464644
00464644
00454543
00474846
00494947
00494a48
00494947
00494947
00484947
00484947
00484846
00484947
00484846
00484846
00484947
00474946
00464846
00474846
00484846
00484846
00474847
00474847
00474846
00474745
00464646
00474745
00464745
00464744
00474746
00464646
00474747
00474747
00474747
00454747
00444746
00444646
00444646
00444646
00434545
00434545
00424345
00404343
00404246
00404246
003f4145
00414144
00404145
00404145
00404244
00404244
00434244
00414244
00404244
00434243
003e4240
003d4140
003e3d3f
00373a3c
003e4240
003f4040
003a3a38
00393a38
00383937
00383938
00343636
002e3232
00020203
000a0a0b
00110e12
000f0d11
000d0c0f
000b0a0f
000c0a10
000b0b10
000d0e13
000d0d0f
00161315
002a1528
002c1730
00483648
00352537
00251831
0021202c
00201b2d
0017161b
00151616
000f1108
00111107
000f1004
002a1e0b
00281e0e
00423c28
002c2211
0031200c
00272727
00111011
00131517
000d1313
000d1217
0016182b
0015182c
00111323
00111322
00111222
00121221
000f111e
0010111d
0010121f
000a0d1a
001c2730
00151526
0012141e
000f0c0c
00111313
002c3531
00414a46
0049504e
004b4f4e
00494c4a
00494b49
004a4c4a
00444745
00474746
00494848
00464846
001c183e
00181541
0018153f
0021203c
00232342
00352b2e
0016232f
001f3039
0025303a
003a312c
002d2f4f
00211a3a
00151131
00181345
00161642
00484e49
004c4b49
004c4b49
002f2d2d
00282929
00202123
00383733
003d3733
00403c36
00453c35
0035180e
0035180d
003f3c40
002c3845
002a3947
002c3b4a
002a363f
00291e1b
00484845
00484947
00464a48
00494b4a
004b4b4a
004b4b4a
004a4c4a
004c4c4a
004c4c4a
004b4c4a
004a4d4c
004a4d4c
004b4c4c
004b4d4b
004c4d4c
004c4c4c
004c4d4c
004b4d4c
004b4d4b
004c4c4a
004c4c4a
004c4c4a
004c4d4b
004c4c4a
004b4c4a
004c4c4a
004c4c4a
004a4a4a
00484a4a
00454747
00464849
00474949
00484a47
00494a48
004b4b49
004b4c4a
004a4c4a
004a4c4a
004c4c4a
004c4c4a
004c4d4b
004c4d4b
004c4c4a
004c4c4a
004d4d4b
004d4e4c
004e4e4c
004e4e4c
004e4e4c
004e4e4c
004e4e4c
004e4e4c
004e4e4c
004f4f4d
00504f4e
0050504d
0050504d
004f504c
0050514d
0050524d
0050524d
0050524d
0050524d
0050524d
0051534e
0051534e
0051534e
0051534e
0051534e
0054534f
0050524d
0052524e
0052534f
0052544f
0052544f
0052544f
00525350
00484745
00474843
00464746
00474745
00454643
00454644
00464644
00464644
00464644
00464644
00464644
00454644
00444543
00454543
00444543
00464644
00454644
00464644
00464644
00464644
00464644
00464644
00464644
00444543
00494947
00494947
004a4b49
004a4a48
00494947
00494947
00494947
00494947
00484947
00484947
00484947
00484947
00484846
00474946
00484846
00484846
00484846
00464847
00474847
00474846
00474846
00474747
00484848
00474747
00464746
00474745
00464746
00464747
00464747
00454646
00454747
00444746
00444646
00434645
00444646
00434645
00434545
00424345
00414345
00404244
00414244
00414244
00414343
00404245
00404246
00404245
00424343
00414345
00424244
00424344
00414342
00414443
00424343
00424242
00424344
003f4042
003e3e3e
003d3e3c
003c3d3b
003c3c3b
003c3c3b
003d3d3b
003a3a39
00353a39
00363b3a
0034393a
00111215
00020205
00020005
00000104
00030203
001a181a
00323334
002a2c2b
0025121a
002d1631
0050414f
00342d3b
00271423
00241323
00210e0d
0025120e
0029190f
00281c0a
002a1c08
002a1e08
00291e0c
002e2720
003d3224
00332417
002f200a
00312d2c
002e3133
0018252c
00071319
000a1313
000d1519
00141927
00151423
0010111d
0011101a
00100e15
000e1014
00101115
000f0f17
000c0f13
00101316
000d1213
000f1214
00100c0b
001a1d1d
001e342c
00113123
00112f21
00183428
00133429
0017362c
00162e21
0015281e
0015221b
001c2721
00222d24
001a2e37
00172731
00141f2a
00191b1b
00151f23
001f1d1a
001e1c35
00343349
00484e50
002c2e34
0015292f
003c3a3f
00221b2d
000b082e
0008062a
00494949
00484a48
00494b48
00313030
00292929
00252827
00363530
0043403e
003c3936
003a322f
00371a10
00381a0b
0036160c
004c3c3b
00504a4e
00575055
001c0b0a
002b241f
00464846
00474947
00484a48
004b4b49
004a4b4a
004a4b4a
004c4d4b
004c4c4a
004c4c4a
004c4c4a
004a4d4a
004d4d4b
004d4d4b
004c4d4a
004c4c4a
004c4d4b
004d4d4b
004d4d4b
004d4d4b
004d4e4c
004d4e4c
004d4e4c
004d4d4b
004d4e4c
004d4d4b
004c4c4a
004d4d4a
004b4b4b
00494a4a
00474848
00454847
00464a47
00484a48
00494a48
004b4b49
004b4c4a
004a4c4a
004a4c4a
004c4c4a
004c4c4a
004c4c4a
004d4d4b
004c4c4a
004c4d4b
004c4d4b
004d4e4c
004e4e4c
004e4e4b
004e4e4b
004e4e4c
004e4e4c
004e4e4c
004f4f4d
004e504b
0050504c
0050504d
0050504d
004f514c
0050514d
0050514d
0050524d
004f514c
0050524d
0050524d
0051524e
0051524e
0051534e
0051534e
0051524e
0053524e
0050524d
0052514d
0051534e
0052534f
0052544f
0052544f
0052544f
00464644
00474744
00474743
00474744
00464543
00464643
00464644
00464644
00464644
00464644
00464644
00454644
00454543
00454543
00454644
00464644
00464644
00464644
00464644
00464644
00464644
00464644
00444543
00474846
00494a48
004a4a48
004a4a48
004a4a48
00494a48
00494947
00494947
00494947
00494947
00494947
00484846
00484846
00484846
00464846
00464846
00484846
00484846
00484846
00484846
00484845
00464847
00464847
00464746
00474745
00474745
00474745
00464646
00474747
00474747
00464747
00454747
00444747
00444646
00444646
00444646
00434645
00434545
00424444
00424345
00414244
00414345
00414244
00404245
00404244
00404244
00424244
00444245
00424444
00414344
00424444
00444444
00434444
00424343
00404243
00404244
003f4143
003f4040
003f403e
003e3e3c
003e3f3d
003e3f3d
003d3e3c
003c3d3c
003d3e3d
003b3d3d
003c3d3d
003d3d3d
003c3c3c
00393d3c
00363a39
00373939
00383a3a
00383939
00373838
0011060b
002a1528
0029121b
00250e0b
0025100f
0026100e
0026100b
0029100c
002a100c
00280f09
002e1a0b
002e1e08
00332918
00312c21
0032211d
00372719
002d1e0c
00332e2e
00333434
00393e3f
00394344
002c3837
00283838
0026383b
002f3c45
00283137
0013181a
00080b0e
00000106
000a0c11
0011141b
000d1117
000d1215
000e1216
00151415
00202120
00222725
00122e26
000f3022
00113124
00113024
00113126
00113226
00123426
00153228
00254039
00253e36
001f3a31
00233d34
0016362e
0016372d
001d222d
00252836
00222625
00161828
001e2230
00233234
001b2634
000f192d
002a2e38
00394743
002f3f3b
0035423f
003e4745
00434945
004b4b4a
00323031
0029292a
00282b29
00464241
00161213
003e3f3e
00322f2d
0034170d
00391b10
0037190b
0035180f
002a140d
00271510
00271713
003c3f3c
00474946
00484a47
00494b49
00494b49
004a4c49
00494b49
004c4c4a
004b4c4a
004c4c4a
004c4d4b
004d4d4b
004d4d4b
004d4d4b
004d4e4c
004d4e4c
004d4d4b
004d4e4c
004e4e4c
004e4e4c
004a4d4b
004c4d4b
004d4d4b
004d4d4b
004d4d4b
004c4d4b
004d4d4b
004c4d4b
004c4d4b
004c4c4a
004b4b49
00444645
00474948
00484a48
00494a48
004b4b49
004c4c4a
004c4c4a
004c4c4a
004c4c4a
004b4c4a
004c4c4a
004c4c4a
004c4c4a
004c4c4a
004d4d4b
004d4e4c
004e4e4c
004e4e4c
004d4e4c
004d4e4c
004e4e4c
004d4e4d
004f4f4c
004e504b
004f504c
004f514c
004f514c
004f504c
0050514d
0050514d
0050514d
004f514c
0050524d
0050524d
0050524d
0050524d
0051524e
0051524e
0051524e
0050524d
0050524d
0050514d
00535250
0053534d
0053544f
0053544f
0053544f
00464644
00464744
00474743
00474744
00464644
00464644
00454643
00454644
00464644
00464644
00464644
00464644
00454543
00454543
00454644
00464644
00454644
00464644
00464644
00464644
00464745
00464644
00444543
00484947
004a4a48
004a4a48
004a4a48
004a4a48
00494a48
00494a48
004a4a48
00494a48
00494947
00494947
00484846
00484846
00484846
00464846
00464846
00484846
00484846
00484846
00484846
00474745
00474847
00474847
00464747
00474745
00474745
00474745
00474747
00474747
00474747
00484747
00464646
00444545
00444646
00444646
00444646
00434545
00434545
00424445
00424345
00424345
00414345
00414244
00404245
00404245
00404244
00424244
00434345
00414343
00424444
00424444
00444444
00424343
00424343
00404342
00404243
003f4243
00404040
00404040
003f3f3f
00404040
003f3f3f
003f3f3f
003f3f3e
003e3f3e
003f3f3f
00404040
003f3f3f
003f3f3f
003e3e3e
003f3f3f
003f3f3f
003e3e3e
003d3e3e
003e3e3e
00413e41
00474544
00474443
00433f3e
00322827
00241715
00130301
001e0a08
00250c0b
002a140f
0030120d
002b1209
002e1c0f
00444033
0029291e
002c200b
00351f0f
00353232
00373939
003b3e3d
003f4140
00404443
003f4444
003e4344
003d4342
003f4646
003d4949
00394344
002a3637
00263539
00253639
00283038
00171d24
0010161a
002e3232
00323837
00292f2c
00112d24
00102f22
00103023
00113125
00113126
00103226
00263f34
00263c32
002a3f36
0023362f
001f3832
00253830
001b3a31
0015362d
0017232a
0016141d
00202d2e
00152526
0028323b
00242f34
000e141e
001c1b2c
00161b24
002e423e
002f433d
00364441
003d4745
00434945
00414241
00343434
002a2c2c
00353837
00282424
0029272a
000a0809
00414343
002d1815
004e3c39
0035180c
002f150d
0024130e
00271411
00241a17
00444644
00474946
00494a48
00494b49
00494b49
004b4b49
004c4c4a
004c4c4a
004c4d4b
004d4d4b
004d4e4c
004d4e4c
004d4e4c
004d4d4b
004d4e4c
004d4e4c
004d4d4b
004e4e4c
004c4e4c
004c4e4c
004c4f4c
004c4e4b
004e4e4c
004d4e4c
004d4e4c
004e4e4c
004d4d4b
004d4e4c
004d4e4c
004d4d4b
004c4c4a
004a4b4a
00484948
00474947
00494a48
004b4b49
004c4c4a
004c4c4a
004c4c4a
004c4c4a
004b4c4a
004c4d4b
004c4d4b
004c4c4a
004c4c4a
004d4d4b
004d4e4c
004e4e4c
004e4f4d
004d4e4c
004e4e4c
004e4e4c
004d4e4c
004f4f4b
004e504b
004e504b
0050514e
0050504e
0050514d
004f514c
0050524d
0050524d
0050514d
0050524d
0051524d
0051514d
0050524d
0051534e
0051534e
0050524d
0050524d
0050524d
0050524d
0053534f
0053534e
0052534e
0053544f
0053544f
00474745
00464745
00474745
00464843
00454643
00464644
00464744
00464644
00464644
00464644
00464644
00464644
00454543
00454543
00454543
00464644
00464644
00464644
00464644
00464745
00464644
00454644
00474846
00494a48
004a4a48
004a4a48
004a4a48
004a4a48
004a4a48
004a4a48
004a4a48
00494a48
00484947
00484846
00484846
00494947
00484846
00484846
00474846
00484846
00484846
00484846
00484846
00474847
00484846
00474847
00474747
00464746
00464746
00474745
00474747
00464747
00464747
00474646
00464646
00464646
00454646
00444646
00434645
00434645
00434545
00424544
00444344
00444344
00424345
00424345
00414244
00414244
00414345
00424345
00424345
00424345
00414244
00434344
00444343
00434343
00444444
00414343
00414343
00404242
00404141
00414141
00414141
00414141
00404040
00404040
00404040
00404040
003e4140
003f4040
00404040
00404040
00404040
00404040
00404040
00404040
003f3f3f
003f3f3f
00413f3f
00414042
00444141
00414141
0042403e
00413f3f
0041403f
00434241
00444241
00484646
00463f3d
00302a26
00211815
000d0100
0023150a
002b1d0b
002f190f
00353434
003b3e3d
003c4040
003f4141
003f4242
003f4241
00414343
003f4442
00404343
00414342
00404343
00414344
00414443
00414444
003e4543
003c4341
003b4140
003d3f3d
003a3d3b
00343735
00172e2c
00113022
000f2f23
00113226
00123124
000e3224
001a372a
001d362e
002a3d35
00273b35
002e413a
0031413a
002a3d33
0016372b
00143129
00121d22
001f3b32
00192b2b
0011181c
00122522
0019342d
00253834
001a2b28
002b413a
0032433e
00384542
003e4745
00434a46
00393938
0038393a
002c2e2f
003a3d3c
002b2e2d
00140f13
00171618
00434243
00363634
004d4444
0034170d
0027130f
00271613
001a0d0a
004a4946
00454846
00484a47
004a4b49
004b4c4a
004b4b49
004c4c4a
004b4c4a
004c4c4a
004c4c4a
004d4d4b
004c4d4b
004c4d4b
004e4d4b
004e4d4b
004c4e4c
004c4e4c
004c4e4c
004c4e4c
004c4e4c
004c4e4c
004b4e4c
004d4e4c
004e4e4c
004e4e4c
004e4e4c
004e4e4c
004d4e4c
004c4e4b
004b4d4b
004d4d4b
004c4d4b
004b4c4a
00474745
00494947
004a4a48
004b4b49
004b4b49
004c4c4a
004c4c4a
004c4c4a
004b4c4a
004c4c4a
004c4c4a
004c4c4a
004c4d4b
004d4d4b
004e4e4c
004e4e4c
004d4e4c
004d4e4c
004e4e4c
004e4e4c
004d4e4b
004f4f4a
004e504b
004e504b
004f514b
004f514c
004f504c
004f514c
004f514c
004f514c
004f514c
0051524d
0053524e
0052524e
0050524d
0050524d
0050524d
0050524d
0050524d
0050524d
0051524e
0052534e
0052524d
0053534f
00535350
00545451
00454742
00464843
00464843
00464843
00464743
00464644
00464644
00464644
00464644
00464644
00464644
00464644
00454644
00454543
00454543
00454644
00464644
00464644
00464644
00474745
00464644
00444543
00494947
004a4a48
004a4a48
004a4a48
004a4a48
004a4a48
004a4a48
004a4a48
00494a48
00494947
00494947
00494947
00494947
00494947
00484846
00484846
00484846
00484846
00484846
00484846
00484846
00474747
00484846
00484848
00464746
00464746
00464746
00474745
00474747
00454747
00454747
00474747
00464646
00454646
00454646
00444646
00434645
00434645
00434545
00434545
00434545
00424444
00424345
00424345
00424345
00424345
00424345
00414345
00424345
00414244
00424345
00414444
00424544
00424444
00424444
00414443
00424343
00414242
00404242
00414141
00414141
00404040
00414141
00414141
00414141
00414141
00414242
00414141
00424242
00424242
00434242
00424141
00414141
00404040
00404040
00414141
00414042
00434242
00414242
00444343
00424141
00424040
00444240
0043403e
00413f3d
0045403e
0044413d
0049403d
0045403e
00413f3e
0043433e
0040433d
00464541
00404040
003e4040
003e4140
00404241
00404241
00404242
00414343
003f4343
00404343
00404342
00424343
00404342
00414343
00404343
00414443
00404243
003e4140
003d403d
003b3e3c
003b3f3d
003f4744
003d4845
002d3e38
0021342e
002c3d38
00092019
000f2721
0009221b
001d352a
001c352b
001d372a
0018392e
001c3931
0018352e
001b3730
001f3a33
0015342a
00133128
001a342d
0017342d
001b3a33
00203d36
00243d38
002c413d
0032443e
00394542
003f4745
00424945
003c3d3c
003d3e3c
00343634
003e4040
003b3c3c
00444748
00030001
003e4243
00424646
002c2828
00180501
0022120e
00434341
003a3937
003f4441
00484947
00484a48
004b4b49
004c4c4a
004c4c4a
004c4c4a
004d4d4b
004c4d4b
004c4c4a
004d4d4b
004c4d4b
004d4e4c
004b4e4c
004b4e4c
004c4e4c
004c4e4c
004c4e4c
004c4e4c
004e4e4c
004e4e4c
004d4e4c
004f4e4c
004e4e4c
004e4e4c
004e4e4c
004d4e4c
004e4e4c
004c4e4b
004b4d4b
004d4d4b
004d4d4b
004b4c4a
00494a48
00454846
00474a48
004b4b49
004b4b49
004c4c4a
004c4c4a
004c4c4a
004b4c4a
004c4c4a
004c4c4a
004c4c4a
004d4d4b
004d4d4b
004e4e4c
004d4d4b
004e4e4c
004d4e4c
004d4e4c
004e4e4c
004e4e4d
004f4f4c
004e504b
004e504b
004f504c
004f514c
004f514c
0050524d
0051524e
004f514c
0050514d
0051514d
0053524e
0053524e
0050524d
0050524d
0050524d
0050524d
0050514d
0050524d
0051534e
0051524f
0052524d
0053544e
0053544e
00555650
00474843
00464844
00484745
00484845
00464843
00454643
00464644
00474644
00464642
00464643
00454645
00464644
00454644
00454644
00454644
00464644
00464644
00464644
00464644
00464644
00454644
00484846
004a4a48
004a4a48
004a4a48
004a4a48
00494946
00494948
004a4a48
004a4a48
004a4a48
00494947
00484a47
00484a47
00494947
00494947
00484947
00484947
00484846
00484947
00484846
00484846
00484846
00484847
00484848
00474847
00474746
00464646
00474747
00474747
00454747
00454747
00464747
00474747
00474747
00474646
00454646
00444545
00454646
00444545
00424545
00444545
00454444
00424444
00424445
00424444
00424444
00424444
00424445
00424445
00434444
00414344
00424444
00414443
00414443
00424343
00444444
00414343
00414343
00414343
00424242
00414141
00404141
00414141
00414141
00424242
00414141
00424242
00424242
00424242
00424242
00424242
00424242
00414141
00414141
00424242
00424242
00414141
00414141
00434343
00434343
00434343
00434344
00434343
00444442
00454341
00454341
00454341
00444240
0044433f
0044433f
0043423f
0043423f
0042433f
00424341
00434241
00414242
00404342
00404342
00404342
00414443
00404343
00414443
00414443
00404342
00404342
00404342
00404342
003f4241
003f4241
00404242
00404242
003f4241
003e4140
00404141
00414441
00404442
003f4441
00404542
00404542
003e4542
003d4442
003e4543
003e4644
003e4644
003c4543
003c4745
003c4745
003e4846
00384440
00384340
0037413e
00313e39
0034423d
0022322e
00132422
00142321
00192626
002e3837
001a1f1f
00303434
003a3a39
00383b3b
00424443
00424341
003d3e3e
003d403f
00424544
00444645
00414445
003e4043
00333e41
003e4241
00342a29
001c120f
003c3c39
00282121
00474a47
00494b48
00494b49
004a4c4a
004b4c4a
004c4c4a
004c4c4a
004d4d4b
004d4d4b
004d4d4b
004d4d4b
004d4d4b
004d4e4c
004d4e4c
004e4e4c
004e4e4c
004e4e4c
004c4e4c
004c4e4c
004e4e4c
004e4e4c
004c4e4c
004c4e4c
004d4e4c
004d4e4c
004e4e4c
004e4e4c
004e4e4c
004e4e4c
004d4d4b
004d4d4b
004d4d4b
004c4c4b
004b4b4a
00444745
00474a47
004b4b49
004b4b49
004c4c4a
004c4c4a
004b4c4a
004c4c4a
004c4c4a
004c4c4a
004c4c4a
004d4e4c
004d4d4b
004d4d4b
004d4e4c
004d4d4b
004d4d4b
004d4e4c
004e4e4c
004e4f4d
004f4f4d
004f4f4c
004f4f4c
004f504c
004f514d
004f504c
004f514c
004f514c
004f504d
0051504f
0050524d
0050524d
0050524d
0050524d
0050524d
0050524d
0050514d
0050514d
0050524d
0051524e
0051534e
0051524e
0053544f
0054554f
00555550
00474843
00474744
00494846
00464744
00464843
00454643
00464645
00464644
00454643
00464644
00454644
00464644
00454644
00464644
00464745
00464644
00464644
00464644
00464644
00464644
00444543
00494947
004a4a48
004a4a48
00494b46
00494b46
004a4947
00494947
004a4a48
004a4a48
00494a48
00494b48
00484a47
00494947
00484947
00474a47
004b4a48
00484846
00484846
00474846
00484846
00484947
00484846
00484846
00484848
00474847
00474847
00484848
00474747
00464747
00454747
00454747
00464747
00474747
00464747
00454747
00464747
00444545
00454646
00454646
00434545
00434545
00444545
00424444
00424444
00424444
00424444
00424445
00424444
00424444
00434444
00424544
00424443
00424444
00424444
00424343
00424343
00404342
00414343
00414343
00424242
00414141
00414141
00424242
00414141
00414141
00424242
00424242
00434343
00414141
00424242
00424242
00434343
00424242
00434343
00424242
00424242
00424242
00434343
00434343
00434343
00444444
00444445
00444444
00444442
00444442
00444442
00444442
00444442
00444442
00444442
00444441
00444441
00434441
00434442
00434441
00424343
00424444
00424544
00414443
00424444
00424444
00424444
00424444
00414443
00414443
00424444
00424444
00424444
00414443
00414444
00414443
00404342
00404342
00414242
00434643
00434644
00424543
00424543
00434644
00434845
00424643
00434744
00444845
00444845
00444744
00434745
00414645
00414544
00424543
00424543
00424544
00424644
00424543
00414543
00404444
00414645
00424646
00444647
00434646
00454846
00434845
00444846
00434645
00454644
00434544
00383b3b
00434645
00444847
00434546
003e3e40
002d3437
00272123
00191111
00181111
000a0a07
003a3c39
00494b49
004b4b49
004c4c4a
004c4c4a
004b4c4a
004c4d4b
004d4e4c
004d4d4b
004d4d4b
004d4d4b
004d4d4b
004d4d4b
004d4d4b
004c4d4b
004d4e4c
004d4e4c
004d4e4c
004c4e4c
004c4e4c
004e4e4c
004e4e4c
004d4f4c
004d4f4c
004e4e4c
004e4f4d
004e4e4c
004e4e4c
004e4e4c
004e4e4c
004e4e4c
004d4d4b
004d4e4c
004d4d4c
004c4c4b
00474947
00474947
004b4b49
004b4b49
004c4c4a
004a4c4a
004b4c4a
004c4c4a
004c4c4a
004c4c4a
004d4d4b
004d4d4b
004d4d4b
004d4d4b
004d4d4b
004d4d4b
004d4d4b
004d4d4b
004e4e4c
004e4e4c
004f504d
004f4f4b
004f4f4d
004f504d
0050514e
0050514d
004f504c
004f504c
004f504c
0052524f
0051514d
0050524d
0050524d
0050524d
0050524d
0050524d
0050514d
0050514d
0051534e
0051524e
0051534e
0051534e
0052544e
00535550
00545551
00484743
00484844
00494845
00474844
00474743
00464644
00464644
00464644
00464644
00464644
00464644
00464644
00464644
00464644
00464644
00464644
00464644
00464644
00464644
00454644
00474846
004a4a48
004a4a49
00494a48
004a4a46
004a4a46
004a4a48
004a4a48
004a4a48
004a4a48
00484a49
00484948
00444441
00423c3b
00454140
00474846
00494947
00484846
00484846
00484846
00484947
00494947
00484947
00484846
00484848
00484848
00474848
00474747
00464747
00454747
00454747
00464747
00464747
00464747
00454646
00454747
00454747
00444646
00454646
00454646
00454545
00444545
00434545
00424544
00434545
00434545
00424444
00424444
00424444
00434444
00434444
00424444
00424444
00424444
00424444
00434444
00414343
00424343
00424343
00404342
00424242
00414141
00424242
00414242
00414242
00414242
00424242
00424242
00414242
00404141
00424242
00424242
00424242
00424242
00434343
00424242
00424242
00434343
00424242
00444444
00444444
00444444
00444445
00444444
00444543
00454444
00454444
00454543
00454543
00454543
00444543
00444543
00444442
00444543
00444442
00424442
00424443
00434444
00424444
00414443
00434545
00424544
00424544
00424544
00424444
00414443
00424444
00424444
00424444
00424444
00424444
00424544
00444444
00434343
00424444
00424543
00434744
00434743
00444744
00444745
00444845
00444846
00444845
00444946
00434845
00434845
00424745
00424746
00424646
00444646
00434645
00424544
00434545
00434544
00424544
00434544
00444545
00464747
00444746
00444845
00454847
00464948
00464948
00464847
00464746
00464747
00424444
00434645
00434646
00313332
003a3a3a
00404345
000c0709
00141112
00373534
00323332
00464b48
004a4c49
004c4c4a
004b4c4a
004c4c4a
004c4d4b
004c4d4b
004d4d4b
004d4d4b
004d4d4b
004d4e4c
004d4d4b
004d4d4b
004d4e4c
004d4d4b
004d4e4c
004e4e4c
004e4e4c
004e4e4c
004e4e4c
004d4e4c
004d4e4c
004d4e4c
004e4e4c
004e4f4d
004e4f4d
004e4f4d
004e4f4d
004e4f4d
004d4e4c
004e4e4c
004e4e4c
004d4d4b
004d4e4b
004d4e4b
004a4b4a
00474948
00494b48
00494b48
004a4c4a
004a4c49
004c4c4a
004b4c4a
004c4c4a
004c4c4a
004d4d4b
004d4d4b
004d4d4b
004d4d4b
004d4d4b
004d4d4b
004d4d4b
004d4e4c
004d4e4c
004e4e4c
004e504b
004f504b
004f4f4e
004f514b
004f514c
004f514c
004f514c
004f514c
004f514c
0051514d
0051514d
0050514d
0050524d
0050524d
0050524d
0050514d
0050514d
0050524d
0051534e
0051534e
0051534e
0052534f
00545450
00555550
00565651
00494745
00494844
00494945
00474844
00474743
00474744
00474744
00464644
00464644
00464644
00464644
00464644
00464644
00464644
00464644
00464644
00454644
00454644
00464644
00444442
00494a48
004b4b49
004c4c48
004a4a46
004a4a47
004a4a47
004a4a48
00494a48
004a4a48
004a4a48
00494945
00322f2c
00383533
00403f3d
00403c3b
003f3b39
00474947
00484947
00494947
00484846
00474846
00484947
00484947
00484846
00484847
00484848
00464747
00474747
00454646
00464747
00454747
00464747
00464747
00454646
00464646
00474747
00464646
00464646
00464646
00464646
00464545
00454545
00434545
00434444
00444545
00434545
00424445
00424444
00424444
00434444
00434444
00434345
00434345
00424444
00424444
00434444
00414443
00424343
00424343
00414345
00424244
00414141
00424242
00424242
00414141
00424242
00424242
00424242
00414242
00404141
00414141
00424242
00424242
00424242
00434343
00424242
00434343
00414141
00424242
00444444
00444444
00444444
00444445
00444444
00444544
00454544
00444544
00454543
00454543
00444543
00454543
00454543
00454644
00444543
00444442
00424442
00434544
00434444
00434645
00434545
00424544
00434545
00434545
00434545
00424444
00424544
00434645
00424544
00434545
00424444
00424544
00434545
00424544
00434545
00434545
00444746
00434645
00444645
00464847
00454846
00454846
00474846
00464745
00464946
00454846
00464948
00454848
00444747
00444747
00474847
00464747
00444746
00434645
00444646
00434646
00434646
00454646
00454747
00464948
00454847
00474949
00474949
00484948
00464948
00464848
00474848
00484949
00404242
00424544
00424646
00434647
00444646
00020202
00151112
0018181a
00303434
00494b49
004b4d4a
004d4e4c
004d4d4b
004d4d4b
004d4d4b
004c4d4b
004d4d4b
004d4d4b
004d4d4b
004d4e4c
004d4d4b
004e4e4c
004e4e4c
004e4f4d
004e4e4c
004e4e4c
004e4e4c
004e4e4c
004e4e4c
004e4f4d
004f4f4d
004e4f4d
004f504e
004f4f4d
004e4f4d
004f4f4d
004f4f4d
004f4f4d
004e4e4c
004e4e4c
004d4e4c
004d4d4b
004e4d4b
004e4d4b
004c4c4b
00474948
00494a49
00494b48
00494b49
004a4c4a
004c4c4a
004c4d4b
004c4c4a
004c4c4a
004d4d4b
004d4d4b
004d4d4b
004d4d4b
004d4d4b
004d4d4b
004d4d4b
004d4e4c
004d4e4c
004f4e4c
004f4f4c
004f504b
004e4f4e
0050514d
004f514c
004f504c
004f514c
004f514c
004f514c
0051514d
0051514d
0050524d
0050524d
0050524d
0050514d
0050514d
0050514d
0050524d
0051534e
0051534e
0051534e
0052534f
00555551
00565651
00565750
00464843
00474944
00474944
00474944
00464743
00474743
00474745
00464644
00464644
00464644
00464644
00464644
00464644
00464644
00464644
00454644
00454644
00454644
00454543
00464644
00494a48
004a4b49
004b4b49
004a4b4a
004a4b49
004a4a48
004a4a48
004a4b49
00494947
00474947
002f2d2a
00444240
003d3837
00393432
003e3a37
00444341
00474847
004a4947
00494846
00484846
00484846
00484846
00484846
00484846
00474747
00474847
00464747
00454747
00454646
00484747
00464747
00464747
00464747
00454646
00444646
00434645
00454646
00454646
00454646
00454646
00444545
00444545
00434645
00434545
00454545
00434545
00424446
00424445
00414444
00434444
00454444
00434344
00444445
00414444
00414444
00424444
00424444
00424343
00434444
00414343
00424142
00424242
00434343
00444444
00424242
00424242
00434343
00434343
00424343
00404141
00414242
00434343
00414242
00424343
00424242
00424242
00434343
00434343
00434343
00444444
00444444
00454545
00454545
00454545
00444444
00444444
00454545
00454543
00454543
00454543
00454543
00454543
00454543
00454543
00444543
00444542
00434443
00444444
00444545
00434545
00434545
00434645
00424544
00434545
00424544
00434545
00434545
00424544
00424544
00434545
00424544
00434545
00434545
00434545
00434545
00444646
00444746
00454747
00454847
00454846
00464946
00454746
00464847
00464847
00464847
00464848
00464848
00464848
00454747
00454747
00454747
00454747
00454747
00444746
00444747
00444747
00454747
00454747
00464848
00464848
00484948
00494848
00494949
00474949
00474949
00484948
00484948
00474948
003e3f3f
00454847
00484a4a
00494b4b
003c3e3f
00141215
00464949
00404342
004a4e4b
004b4e4b
004d4d4b
004d4d4b
004d4d4b
004c4d4b
004c4c4a
004d4d4b
004d4d4b
004d4d4b
004d4e4c
004d4e4c
004d4e4c
004d4e4c
004e4e4c
004e4e4c
004e4e4c
004e4e4c
004e4e4c
004e4e4c
004e4e4c
004f4f4d
004f4f4d
004e4f4d
004f4f4d
004f4f4d
004f4f4d
004f4f4d
004f4f4d
004d4e4c
004d4e4c
004c4e4b
004b4d4b
004d4d4b
004d4d4b
004a4c4a
00484b4a
00474948
004a4a48
004b4b49
004b4c4a
004b4b49
004b4c4a
004c4c4a
004c4c4a
004d4d4b
004d4d4b
004c4d4b
004c4d4b
004d4d4b
004d4d4b
004d4d4b
004e4e4c
004e4e4c
004e4f4d
004f4f4d
004f4f4c
004f4f4d
004e504b
004f514c
004f504c
004f514c
0050504d
0052504e
0052514d
0051514d
0050524d
0050524d
0050524d
0050514d
0050514d
0050514d
0051524e
0052534e
0053524e
0051534e
0052544f
00555550
00565751
00575852
00474844
00474944
00484945
00474944
00474844
00474845
00464746
00464644
00464644
00454644
00464644
00464644
00464644
00464644
00464644
00454644
00454543
00454544
00434442
004a4b48
004b4c49
004a4b48
004b4b48
004a4b49
004b4b49
004a4a49
004a4a48
004a4b49
00484947
00363231
004e4f4d
00373834
00393a36
00363732
0032312d
003b3b38
00494443
00494946
00474a47
00474846
00494947
00484947
00484846
00484847
00484848
00464846
00474848
00454747
00464747
00464747
00444746
00454747
00454747
00454646
00454646
00444646
00444646
00444646
00434646
00434646
00454646
00454646
00444646
00434645
00454545
00434545
00434546
00424544
00424444
00424444
00424443
00414343
00424444
00434444
00434444
00424444
00424444
00424343
00434444
00414444
00424242
00434343
00434343
00434343
00424242
00424242
00434343
00434343
00424343
00414242
00434343
00434343
00434444
00424343
00444444
00444444
00434444
00424343
00434343
00444444
00444444
00444444
00454545
00454545
00454545
00444444
00454545
00454544
00454543
00454543
00454543
00454543
00454543
00454543
00444442
00444442
00434342
00444443
00434444
00434645
00434545
00434545
00434545
00434545
00434545
00434545
00434545
00434545
00434545
00424544
00434545
00434545
00444545
00444545
00444645
00444645
00454747
00454847
00454847
00464848
00464948
00464847
00444746
00464848
00464848
00464848
00464848
00464948
00464848
00454747
00454747
00454747
00454747
00464747
00464747
00464747
00454747
00454747
00464848
00454847
00474948
00484948
00484949
00474949
00474949
00484947
00494948
00494a4a
004a4b4b
00414443
00464949
00474a49
00474a49
0027292b
00505554
00484b49
004a4d4b
004b4e4b
004c4e4b
004d4e4b
004d4d4b
004d4e4c
004d4d4b
004d4d4b
004d4e4c
004d4d4b
004b4d4b
004e4e4c
004e4e4c
004e4e4c
004e4e4c
004e4e4c
004e4e4c
004e4e4c
004e4e4c
004e4e4c
004e4f4d
004e4f4d
0050504e
004f4f4d
004f4f4d
004f4f4d
004f4f4d
004f4f4d
004e4e4c
004d4e4c
004c4d4b
004b4d4b
004b4d4b
004c4d4c
004c4d4c
004b4d4b
004a4c4b
00454747
00494a49
004b4b49
004b4b49
004b4b49
004b4b49
004c4c4a
004c4c4a
004d4d4b
004d4d4b
004c4c4a
004c4d4b
004d4e4b
004d4d4b
004d4d4b
004e4f4d
004e4f4d
004f504c
004f504e
004f504b
0050504c
004e504b
004f514c
0050514b
004f504c
0050504d
0050514c
0051514d
0051514d
0050514d
0050524d
0050514d
0050514d
004f514c
0052514d
0053524e
0054534f
0053534f
0051534e
0054544f
00555650
00575852
00585953
00494a46
00484945
00484a45
00474944
00474944
00474845
00474846
00474744
00464643
00464644
00464644
00464644
00464644
00464644
00454644
00464644
00454644
00454444
00444442
004a4a46
004a4c47
004a4c47
004b4b48
004a4b48
004b4b48
004a4a49
004a4a48
004a4a48
003e3f3d
0054534f
00343834
00383935
00363431
00353532
00323531
002c2927
00332c2d
00494846
00494847
00484846
00474846
00484947
00484846
00484947
00474846
00464846
00464747
00454747
00474747
00464746
00454746
00454747
00444746
00434645
00464646
00444646
00444646
00444646
00444645
00444646
00454646
00454646
00444545
00424545
00434545
00444545
00434545
00424544
00434545
00434545
00424544
00424544
00424544
00444444
00444444
00434343
00424444
00434444
00434444
00434444
00434343
00434343
00434343
00434343
00424242
00434343
00434343
00434343
00434343
00434444
00444444
00444444
00434343
00444444
00444444
00444444
00444444
00434343
00444444
00444444
00444444
00444444
00454545
00444444
00444444
00454545
00454545
00444544
00444543
00454543
00454543
00444543
00454543
00454543
00444543
00444443
00434443
00444443
00434444
00434545
00434545
00434545
00444545
00444545
00434545
00434545
00434545
00434545
00434645
00434545
00434545
00434545
00444545
00444545
00444644
00454646
00454747
00454847
00464948
00464848
00464848
00454847
00444746
00464848
00464848
00464948
00474949
00464848
00464848
00454848
00454747
00454847
00454747
00454747
00454747
00464747
00454847
00464848
00454747
00464848
00464848
00484949
00464948
00474949
00474949
00494947
00494949
00494949
00494a49
00494d4b
00484c4a
00454847
00464947
0047494a
00484c4a
004a4d4b
004b4e4b
004b4e4c
004b4e4c
004d4d4b
004d4d4b
004d4d4b
004d4d4b
004d4d4b
004c4d4b
004d4d4b
004b4e4c
004e4d4b
004e4e4c
004e4e4c
004e4e4c
004e4e4c
004e4e4c
004e4e4c
004e4e4c
004e4e4c
004f4e4c
004d4f4c
004e4e4c
004f4f4d
004f4f4d
004e4e4c
004f4f4d
004f4f4d
004d4e4c
004c4e4c
004c4e4b
004c4e4b
004b4d4b
004b4d4c
004b4d4c
004a4d4b
004a4d4a
00474a49
00494948
004a4b49
004b4b49
004b4b49
004b4b49
004c4c4a
004c4c4a
004d4d4b
004d4d4b
004c4c4a
004c4d4b
004d4d4b
004d4d4b
004d4d4b
004e4e4c
004e4f4d
004f4f4c
004f4f4c
004f504b
004e4f4c
004f504c
0050514d
0051504d
0050504c
0050504c
004f514c
0051514d
0051514d
004f514c
0050514d
0050514d
004f514c
004f514c
0051514d
0052524e
0053534f
0052534f
0052534f
00545550
00565751
00575852
00595a54
00494c47
00454743
004a4a46
00484a45
00474944
00484944
00484844
00464843
00454742
00454644
00464644
00464644
00464644
00464644
00464644
00464644
00454543
00444543
00494946
004a4b47
004b4b49
004a4b4a
004b4b49
004b4c4a
004b4c48
004a4a49
004c4a49
00484b47
003b3737
004c514b
00353533
00333331
00353330
002b2625
002f2e2c
00272927
00242126
0033252c
00424744
00484746
00464846
00484846
00484846
00484846
00484846
00474745
00464646
00464746
00464746
00474747
00464746
00464746
00464747
00464747
00454545
00454646
00444646
00444646
00444545
00454545
00444545
00454545
00434645
00434545
00454545
00454545
00434545
00434545
00434645
00424544
00434545
00424544
00434645
00444444
00434444
00434444
00424444
00424444
00424444
00424444
00424343
00424343
00434343
00444243
00434242
00434242
00424343
00434444
00434444
00434444
00444444
00444444
00434343
00444444
00444444
00444444
00444444
00444444
00444444
00444444
00444444
00444444
00454545
00444444
00444544
00454545
00464646
00464646
00454545
00444444
00454545
00434543
00434543
00454543
00454543
00434444
00454544
00424343
00434444
00444444
00424544
00434545
00424545
00434545
00434545
00434545
00434545
00434645
00434545
00424544
00434545
00434545
00424544
00424544
00434545
00434545
00454747
00454747
00454847
00454847
00464848
00454847
00454847
00464848
00464848
00464948
00464948
00454847
00464848
00464848
00454747
00454847
00454747
00454747
00454747
00454747
00464848
00464848
00464848
00464848
00464848
00484949
00494949
00494949
00464849
00484947
00494948
004a4a49
004a4a48
004a4b49
004a4c4b
004a4b4c
004b4b4b
00494c4b
004a4b4b
004d4d4b
004d4d4b
004d4d4b
004d4d4b
004d4d4b
004c4d4b
004c4d4b
004d4d4b
004d4d4b
004c4d4b
004b4c4a
004b4d4b
004c4e4b
004c4e4c
004c4e4c
004e4e4c
004e4e4c
004e4e4c
004e4e4c
004d4e4c
004d4e4c
004e4e4c
004e4e4c
004d4f4c
004d4f4d
004d4f4d
004c4e4b
004d4f4d
004e4f4d
004e4f4d
004d4e4c
004d4e4c
004c4e4c
004c4e4b
004b4e4c
004b4d4b
004d4e4c
004d4d4b
004d4d4b
00484846
004a4b49
004b4b49
004a4b49
004b4b49
004c4c4a
004c4c4a
004d4e4c
004d4d4b
004b4c4a
004c4c4a
004d4d4b
004d4d4b
004d4d4b
004d4e4d
004d4e4d
004f4f4c
004f4f4c
004e504b
004f504d
0050504d
0050504d
0052504e
004f504d
0050504c
0050514c
0050514c
0050514c
004f514c
004f514c
004f514c
004f514c
004f514c
004f524d
0050534e
0053524e
0052534e
0051544f
00555550
00585852
00585953
005b5d58
00484b46
00464844
00494945
00484a45
00484945
00474944
00474944
00464843
00474844
00464745
00464644
00464745
00464644
00464644
00464644
00454644
00454543
0041413f
004a4a47
004a4c47
004c4b49
004b4b4a
004b4b49
004b4b49
004a4b47
004a4a48
004a4a49
00393c39
00454442
00272a27
00343432
00323431
001f1f1e
002c2929
002a2c29
00282a28
001b1a20
0021121f
00493c42
00494846
00484846
00484846
00484846
00484846
00474846
00474846
00464746
00474746
00464746
00484748
00474746
00484747
00464747
00454747
00454646
00454646
00464646
00474646
00454646
00444545
00434545
00434545
00434545
00434545
00434545
00434545
00434545
00434545
00424544
00434645
00424544
00434545
00424444
00434444
00434444
00434545
00424544
00424444
00424444
00434444
00444545
00434444
00444444
00424343
00434444
00434444
00434444
00434444
00434444
00444444
00444444
00444444
00454545
00454545
00444444
00444444
00454545
00444444
00444444
00444444
00444444
00434343
00444445
00444444
00444543
00444544
00444544
00444544
00444444
00454545
00454545
00444544
00444544
00424544
00424544
00434544
00444444
00444545
00434444
00424444
00434545
00434545
00434545
00434545
00434545
00434545
00434645
00434645
00434645
00434645
00434545
00434645
00444646
00434645
00434645
00444646
00454747
00454747
00454747
00464848
00454847
00444746
00454847
00464848
00464848
00464948
00474949
00474949
00464848
00464848
00464848
00454847
00454747
00454747
00444746
00454747
00464848
00464848
00464848
00464848
00464948
00494949
00494949
00494949
00474949
00484948
00494947
004a4a48
00494a49
00484b4a
00494b4a
00494b4a
004c4b4a
004b4b48
004c4b49
004b4c4a
004c4d4b
004d4d4b
004d4d4b
004c4d4b
004d4d4b
004d4d4b
004d4d4b
004c4d4b
004b4c4a
004b4d4a
004a4c4a
004b4d4a
004c4e4b
004c4e4c
004d4e4c
004e4e4c
004e4e4c
004e4e4c
004c4e4c
004c4e4c
004e4e4c
004e4e4c
004d4f4c
004c4e4c
004c4e4b
004c4e4c
004c4e4c
004d4f4c
004d4f4c
004b4e4b
004b4e4c
004c4e4b
004c4e4b
004a4d4b
004d4e4c
004e4e4c
004d4e4c
004d4d4b
00474846
004a4a48
004b4b49
004b4b49
004b4b49
004c4c4a
004c4c4a
004d4e4c
004c4d4b
004c4c4a
004c4d4b
004c4c4a
004d4d4b
004d4d4b
004d4e4b
004d4e4b
004f4f4c
004f4f4c
004e504b
004f504c
0051514e
0050504d
004f4f4c
004f514c
0050504b
004f514c
004f514c
004f514c
004f504c
004f514c
004f514c
004f514c
0050514d
0053524e
0054534f
0054534f
0051534e
0052544f
00555651
00585852
00585a54
005c5f5a
00494c47
004a4c47
00494b46
00484945
00484a45
00474944
00474944
00474845
00474845
00474745
00464745
00464745
00464644
00454644
00464644
00464644
00444543
00484946
004a4c47
004a4c47
004c4c4a
004c4c4b
004b4b48
004a4a47
004a4b47
004b4b49
00484b48
00353533
003f403d
0031302e
00393937
001d1a1a
00303031
002b2c2b
001d1d1c
00282a2a
000b1118
00100b1b
002a1926
00454745
00494846
00484846
00484846
00484846
00474745
00474748
00484848
00484847
00474847
00484848
00484848
00484848
00464747
00464747
00444746
00434645
00454646
00464646
00454646
00444646
00434646
00434646
00444545
00424544
00444545
00444545
00434545
00434545
00444545
00434444
00434444
00434444
00444545
00444545
00454545
00444545
00434545
00444545
00434444
00434444
00444444
00424544
00424444
00414343
00434444
00444444
00444444
00444444
00434444
00444444
00454545
00454545
00444545
00454545
00454545
00444444
00444444
00444444
00444444
00444444
00444444
00444444
00444444
00454545
00444544
00444444
00444444
00444542
00454543
00434443
00454544
00444444
00454545
00444444
00454545
00444545
00444545
00454545
00444545
00424343
00434444
00434444
00444545
00444545
00434545
00444545
00434645
00444646
00434645
00444646
00444646
00444646
00444646
00444746
00444646
00434645
00454747
00444746
00454747
00454747
00454747
00444646
00454847
00464848
00464848
00464848
00464948
00464848
00464848
00464848
00464848
00474848
00454646
00454646
00464747
00464747
00454847
00464848
00474848
00474848
00474848
00494949
00484949
00484949
00484949
00494949
004a4a49
004a4a49
004a4b4a
004a4b4a
00494a49
004a4b49
004a4b49
00494a49
004a4b49
004c4b49
004d4c4a
004d4e4c
004d4d4b
004c4d4b
004d4e4c
004d4d4b
004d4d4b
004d4d4b
004c4d4b
004c4d4b
004c4d4b
004d4d4b
004d4d4b
004d4d4b
004d4e4c
004e4e4c
004d4d4b
004e4e4c
004c4e4b
004c4e4c
004c4e4c
004c4e4c
004e4e4c
004e4e4c
004e4f4d
004d4e4c
004d4e4c
004e4e4c
004e4e4c
004d4e4c
004d4e4c
004c4d4b
004c4c4a
004d4d4b
004e4e4c
004e4e4c
004f4f4d
004e4e4c
004c4d4b
00494947
004a4a48
004b4b49
004b4b49
004c4c4a
004c4d4b
004d4d4b
004c4c4a
004b4c4a
004c4c4a
004c4c4a
004d4d4b
004d4e4c
004e4e4c
004e4e4c
004e4f4d
004f4f4c
004e4f4c
004f504c
0050504d
0050504d
004f4f4e
0051514e
0050514d
004e504c
004e514c
004f504c
004f514c
004f504c
004f514c
004f514c
0050514d
0051524e
0052524e
0054534f
0053534f
00555550
00565751
00595954
005b5c56
005e625b
004b4d48
004b4d48
004a4b47
00494a46
00484a45
00484a45
00474944
00484846
00474745
00474745
00464745
00474745
00474745
00474745
00464644
00454543
00434341
004a4b47
004a4c47
004b4b48
004c4c4a
004c4c4a
004b4b48
004b4b48
004a4b47
004a4b49
00454a47
00393735
00292927
00353533
002f2f2d
002e2f2e
002f3030
004a4b4a
00292725
00292d2d
00040511
000f0a1d
001a0e20
004e4949
00484846
00484846
00484846
00484846
00474846
00464746
00474746
00474747
00474846
00484848
00474747
00464747
00464747
00474747
00454747
00444746
00454646
00464646
00454646
00444646
00444646
00464646
00454646
00424545
00454545
00444444
00424444
00404342
00414342
00414242
00424343
00424343
00434444
00434444
00444444
00454545
00444545
00444545
00434444
00434444
00434343
00434444
00434444
00424444
00434444
00444545
00444545
00444444
00434444
00444545
00454545
00454545
00444545
00444444
00444444
00444444
00444444
00434343
00444444
00444444
00444444
00454545
00454545
00454545
00444444
00434343
00424242
00444442
00454543
00434443
00434443
00444444
00454545
00444444
00444444
00434444
00434444
00434444
00444545
00434444
00444444
00454545
00444545
00434545
00434545
00454545
00444646
00434645
00444646
00444646
00444646
00444646
00444646
00444746
00444646
00434645
00454747
00454847
00454747
00454747
00454747
00454747
00454847
00464848
00464848
00464848
00464949
00474949
00464848
00464848
00464848
00474848
00464747
00464747
00464747
00474848
00464848
00464848
00474848
00474848
00484848
00494949
00484949
00484949
004a4a4a
00494949
00494949
004a4a4a
00494948
00484a49
004a4b4b
004b4b4b
004a4a49
004a4a4a
004a4b49
004a4b49
004b4c4a
004c4c4a
004c4d4b
004c4d4b
004d4d4b
004d4d4b
004d4d4b
004d4d4b
004d4d4b
004b4b49
004c4c4a
004c4d4b
004d4d4b
004d4d4b
004c4c4a
004d4d4b
004d4d4b
004d4d4b
004c4e4b
004c4e4b
004c4e4b
004b4d4b
004c4d4b
004d4e4c
004d4e4c
004d4d4b
004b4c4a
004c4d4b
004d4d4b
004d4d4b
004d4e4c
004d4d4b
004c4c4a
004b4b49
004c4c4a
004d4e4c
004e4f4d
004e4e4c
004d4d4b
00474745
00494a48
004a4a48
004b4b49
004b4c4a
004c4c4a
004d4d4b
004b4c4a
004c4c4a
004c4c4a
004c4c4a
004d4d4b
004d4e4c
004e4e4c
004e4e4c
004e4f4e
004f4f4c
004f4f4d
004f4f4c
0050504d
0050504d
004e4f4d
0051514e
0052514d
0051514d
0051514d
004f504c
004f514c
004f514c
004f514c
004f514c
0050524d
0050534e
0053534f
0054534f
0054534f
0056554e
00575751
005a5954
005c5e57
0062665e
004c4e49
004c4e49
004b4c48
004a4b47
00484a45
00494945
00494947
00484847
00474746
00464745
00474745
00464645
00474744
00474745
00464644
00464544
00484744
004a4c47
004b4c48
004a4b47
004c4c48
004c4c4a
004b4b49
004b4b49
004c4b47
00474b47
00373936
00303130
002c2929
00333432
00323532
002d2e2c
004f534f
0021211f
002d2f2f
002b2f2f
00090917
000e0a1d
00120b20
004c3d46
00484747
00464846
00464846
00464846
00464845
00484747
00474746
00454746
00454746
00454747
00474747
00464747
00464747
00474747
00464747
00444746
00454646
00464646
00444746
00464646
00444646
00444646
00464646
00444545
00464545
00444545
00424444
00414443
00414343
00414343
00424343
00424343
00424444
00434343
00434343
00434444
00444444
00444444
00444444
00444444
00434343
00424443
00424242
00424443
00424444
00434544
00434444
00424343
00444444
00444444
00454545
00444444
00444444
00444444
00444444
00434343
00444444
00444444
00454545
00454545
00454545
00454545
00454545
00454545
00454545
00434343
00444444
00434444
00444444
00444444
00434343
00454545
00454545
00454545
00444444
00454444
00434444
00464545
00454444
00454545
00454545
00454545
00434545
00434545
00434545
00424544
00434545
00434545
00434645
00434545
00424544
00434545
00434645
00444646
00434646
00444646
00464646
00454545
00464646
00464747
00464747
00454646
00464747
00464848
00464848
00464848
00464848
00464848
00464848
00464848
00464848
00464848
00464848
00464948
00464848
00464948
00454847
00454848
00464848
00464848
00474848
00484949
00474949
00474949
00494949
00494949
00494949
00494949
004a4a49
004a4a4a
004a494a
00494a49
00494a49
00494a49
00494a49
004b4c49
004b4b49
004c4c4a
004c4c4a
004c4c4a
004c4d4b
004c4c4a
004c4d4b
004c4d4b
004c4c4a
004b4b4b
004b4b4a
004b4b49
004c4d4b
004c4c4a
004b4b49
004b4b49
004c4c4a
004c4d4b
004c4d4b
004c4c4a
004c4c4a
004d4e4c
004c4d4b
004d4d4b
004d4d4b
004d4d4b
004b4d4a
004b4d4b
004d4f4c
004d4e4c
004d4d4b
004d4d4b
004c4d4b
00494947
004a4a48
004d4d4b
004e4e4c
004e4e4c
004d4e4c
00494b49
00474946
004a4a48
004b4b49
004c4c4a
004c4c4a
004d4e4c
004c4c4a
004c4c4a
004c4c4a
004c4d4b
004d4d4b
004e4e4c
004e4e4c
004e4f4d
004f4f4d
004e4f4d
004f4f4d
004f504e
004e504b
004e504b
0051514d
0051514d
0051514d
0050514d
004f514c
004f514c
004f514c
004e514c
004e504c
004f514c
0050524d
0052524e
0053534f
0052524e
0054544f
00555650
00575852
00585a54
005f615a
00666960
004e4f4b
004d4e4a
004b4d48
004b4c48
00494b46
00494a46
00494946
00484946
00474845
00474745
00474745
00464746
00474744
00464644
00464644
00454543
004b4b47
004b4c48
004b4d48
004a4c47
004c4c49
004b4b49
004b4b49
004b4b49
004a4b48
00474a48
00222423
00292728
00312e2f
00303130
00323331
004a4a48
002c2d2c
002f3231
002d302f
001f2227
000e0a1c
000e0a1e
00100b20
0034212e
00464845
00464846
00464846
00454745
00454745
00484745
00464747
00464747
00464747
00464747
00474747
00464747
00464747
00464747
00464747
00454646
00454747
00474747
00454747
00474747
00444746
00444646
00464646
00444545
00454545
00434444
00434545
00424444
00434444
00434444
00434343
00434444
00424444
00424343
00434444
00424343
00424343
00434343
00424242
00434343
00434343
00424343
00434343
00434444
00434444
00434343
00444444
00444444
00434343
00444444
00444444
00444444
00444444
00434343
00434343
00434343
00444444
00444444
00454545
00454545
00454545
00454545
00454545
00454545
00454545
00444444
00444444
00434444
00444444
00444444
00444444
00444444
00454545
00454545
00454545
00454545
00444545
00444545
00444545
00444545
00444545
00444545
00434545
00434545
00434545
00424544
00434545
00434545
00434645
00434545
00424544
00434545
00434645
00444646
00434646
00444746
00444545
00444545
00444545
00464747
00464747
00454646
00454646
00454847
00454747
00454847
00454847
00454747
00454747
00454646
00464747
00474747
00464646
00464747
00464747
00464646
00464747
00454646
00464747
00464747
00474848
00464747
00474848
00474848
00484848
00484848
00494949
00484848
00494948
00494949
00494949
00484948
00484948
00484948
00484948
004a4a48
004a4a48
004a4b49
004a4b49
004a4b49
004b4b49
004b4b49
004b4b49
004a4a48
004a4b49
00494948
00484948
00494947
004b4b49
004b4c4a
004b4b49
00494a48
004c4c4a
004c4c4a
004c4d4b
004c4d4b
004d4d4b
004d4e4c
004d4d4b
004e4e4c
004d4e4c
004e4e4c
004c4e4b
004c4e4b
004d4f4d
004e4f4d
004e4e4c
004d4e4c
004c4d4b
00494947
00484846
004c4c4a
004e4e4c
004e4e4c
004e4e4c
004b4d4a
00454745
00494a48
004b4b49
004c4c4a
004c4d4b
004d4e4c
004c4c4a
004c4c4a
004c4c4a
004c4d4b
004d4d4b
004e4e4c
004e4e4c
004e4f4d
004f4f4d
004e4f4d
004f504e
004f4f4d
004e504b
004e504b
0050504c
0051514d
0051514d
004f514c
004f514c
004f514c
004f514c
004f514c
004f504c
0050514d
0050524d
0053534f
0053534f
0052524e
0055554f
00555650
00575852
005a5c56
0062645d
006c6f66
004f504b
004f4f4b
004d4d4a
004b4c48
004a4b47
00494a46
004a4a46
00484a45
00474944
00474845
00464745
00474745
00484745
00464745
00454643
00444542
004b4b47
004b4d48
004b4d48
004b4c48
004b4b48
004b4b47
004a4b49
004b4b49
004c4a48
004a4c49
00212422
00262221
00302e2d
0030312e
00221f1f
002c2a2a
002e312f
002f3231
002f3232
000d0e19
00110c20
000d0b21
000e0b1f
002a1828
00484645
00474847
00474746
00474745
00474745
00464746
00454747
00454847
00454747
00464747
00474747
00474747
00464747
00454646
00464747
00464747
00464747
00464747
00464747
00474747
00454747
00454646
00464646
00454646
00444645
00434545
00434545
00444545
00444545
00454545
00464545
00444444
00424444
00424444
00424444
00424444
00424343
00414242
00434343
00434343
00434343
00414242
00424242
00434343
00434343
00444444
00444444
00434343
00444444
00444444
00444444
00444444
00444444
00434343
00434343
00434343
00444444
00444444
00454545
00454545
00454545
00454545
00454545
00454545
00454545
00454545
00454545
00434443
00444544
00444444
00454545
00454545
00444444
00444444
00434444
00434444
00434444
00444545
00444545
00434545
00434545
00434545
00444545
00444545
00434545
00434545
00434645
00434645
00444646
00434645
00434545
00434645
00444646
00444646
00434646
00444646
00444646
00444646
00444646
00454747
00454747
00454747
00454747
00454747
00454747
00454847
00464747
00464848
00474848
00484848
00474747
00454747
00454746
00464646
00474747
00484747
00464646
00474747
00454646
00474646
00474747
00474747
00484848
00474747
00474747
00464746
00474847
00474746
00474847
00484949
00484949
00484948
00484947
00494947
00494947
00494948
00494a48
00494a48
004b4a48
004a4b49
004b4c4a
004b4b49
004c4c4a
004b4c4a
004b4c4a
004a4b4a
004b4b49
004b4b49
004b4c4a
004c4c4a
004c4d4b
004c4c4a
004c4c4a
004d4e4c
004e4e4c
004e4e4c
004c4e4b
004c4e4c
004e4e4c
004e4e4c
004e4f4d
004e4f4d
004e4e4c
004e4e4c
004e4f4d
004f4f4d
004e4e4c
004e4e4c
004d4e4c
004a4b49
00484947
004b4c4a
004e4f4d
004e4f4d
004e4f4d
004d4e4c
004a4b49
00494947
004b4c4a
004c4c4a
004c4d4b
004d4d4b
004b4c4a
004c4c4a
004c4c4a
004d4d4b
004d4e4c
004e4e4c
004e4f4b
004e4f4c
004e4f4c
004f4f4d
004f504e
004f4f4d
004e4f4b
004e504b
004f514c
004f504c
004f514c
004f504c
004f514c
004f514c
0050514d
004f514d
004f514c
0051524d
0051524e
0051534e
0051534e
0052524f
00555550
00565751
00585953
005d5e57
0065675f
0072766c
0050514b
0050504c
004e4e4c
004b4d48
004a4c47
004a4b47
00494a46
00494947
00484947
00494846
00484845
00474845
00484745
00464745
00464644
004a4b47
004a4c47
004b4d48
004b4d48
004c4d4a
004b4b4a
004b4b4a
004a4b49
004b4b49
004a4a48
00454a49
001e2120
00252120
002e2c2c
00343533
00333332
00313332
002f3230
00333333
0021272a
000f0c1e
00100d23
00100d25
000e0b1f
00211428
00494648
00464746
00464645
00474745
00474745
00464747
00474746
00454747
00444746
00474747
00474747
00484747
00464747
00464747
00464747
00454747
00464747
00464747
00464747
00464747
00464646
00464646
00464646
00464646
00444646
00444746
00434545
00444545
00454545
00454545
00464545
00454545
00424544
00424444
00424544
00424444
00424444
00424343
00434242
00414141
00424242
00434343
00424242
00424242
00434343
00434343
00434343
00434343
00434343
00444444
00444444
00444444
00444444
00444444
00444444
00444444
00434343
00444444
00444444
00454545
00454545
00454545
00454545
00454545
00454545
00454545
00454545
00444544
00444544
00454545
00454545
00454545
00444444
00464545
00434444
00424544
00434444
00444545
00434545
00434545
00434545
00434645
00444545
00444545
00444646
00434645
00444646
00434645
00444646
00444646
00434545
00444646
00434645
00444646
00444646
00444646
00444746
00444746
00444746
00454747
00454747
00454747
00454747
00454847
00464848
00464848
00474747
00474848
00474848
00484848
00484848
00464747
00464747
00454847
00464747
00474747
00454747
00464747
00464747
00484747
00464848
00464848
00484848
00484848
00484848
00484847
00484847
00484948
00484949
00484949
00484949
00484948
00494a48
004a4a48
004a4a48
004a4a49
004a4a4a
004a4b49
004b4b49
004b4b49
004c4c4a
004c4c4a
004d4d4b
004d4d4b
004c4d4b
004d4d4b
004c4c4a
004c4c4a
004c4d4b
004d4e4c
004d4d4b
004d4e4c
004c4d4b
004d4e4c
004e4e4c
004e4e4c
004c4e4b
004c4e4c
004f4f4d
004e4f4d
004e4f4d
004f4f4d
004f4f4d
004f4f4d
004f504e
004f4f4d
004e4f4d
004f4f4d
004f4f4d
004c4c4a
00494a48
004c4c4a
004f4f4d
004e4f4d
004f4f4d
004f4f4d
004d4e4c
00494947
004b4c4a
004b4c4a
004d4d4b
004d4d4b
004c4c4a
004c4c4a
004c4c4a
004d4d4b
004d4e4c
004e4e4c
004e4e4a
004f4f4b
004e504b
004f4f4d
004f4f4d
004f504e
004e4f4b
004e504b
004f514c
004f504c
004f504c
004f514c
004f514c
004f514c
004f504c
0051504c
0051514d
0052524e
0052524e
0051534e
0051534e
00525350
00565550
00575852
00595a54
00606059
00686a61
00787c72
0050524d
004f514c
004d4f4a
0041423d
004a4b47
004a4c47
004a4b47
004a4b46
00494947
00484947
00474845
00474744
00474644
00464644
00434341
004b4d48
004b4c48
004c4c49
004c4c4a
004b4b4b
004b4b49
004a4b49
004b4b49
004b4b49
004b4a48
00474a48
001a1e1d
00262121
00373634
00373838
00333434
00323333
00353233
00343936
0011101f
000f0d22
00100d26
00120e29
000f0d23
001a1328
0041363b
00484747
00474746
00474745
00464646
00474747
00474747
00454847
00454747
00484747
00464747
00444747
00454747
00464747
00454747
00454747
00454646
00464747
00474747
00474747
00464646
00464646
00464646
00464646
00464646
00454646
00444646
00454646
00454545
00454545
00474646
00434545
00424544
00424544
00424544
00434444
00444444
00444444
00434343
00434343
00424242
00434242
00424343
00424242
00404141
00404342
00434444
00434242
00434343
00444444
00434444
00434444
00434444
00434444
00444444
00434343
00434343
00444444
00444444
00444444
00454545
00454545
00444444
00444444
00454546
00454545
00454543
00444643
00444545
00434545
00444444
00444444
00454545
00444545
00444545
00434545
00434545
00424544
00444545
00444545
00434545
00434545
00444446
00464545
003f4141
00434444
00434646
00434545
00444746
00434544
00444544
00535050
004b4547
004b494a
00444746
00454746
00464747
00464747
00464747
00454847
00454847
00454847
00464747
00454747
00464848
00454847
00454847
00454847
00484848
00494848
00484848
00464848
00454847
00454847
00464747
00484848
00464848
00464847
00474747
00474848
00474848
00464848
00464848
00474848
00484949
00484949
00494949
00494949
00494949
00474948
00494a4a
004a4a48
004a4a48
004a4a48
004a4a48
004a4b4a
004b4b4c
004b4b4b
004b4b4c
004b4b4b
004c4c4b
004c4c4c
004d4d4c
004c4d4b
004d4d4b
004d4e4c
004c4d4b
004d4d4b
004d4e4c
004d4e4c
004e4e4c
004e4e4c
004d4e4c
004e4e4c
004e4e4c
004e4f4d
004c4e4c
004d4f4c
004d4f4d
004d4f4d
004e4f4d
004f4f4d
004d4f4c
004d4f4d
004d4f4d
004e504d
004e504d
004f504e
004f504e
004d4d4b
004a4a48
004c4e4b
004d4f4d
004f4f4d
004f4f4d
004f4f4d
004e4e4c
004a4a48
004a4b49
004c4d4b
004d4d4b
004d4d4b
004c4d4b
004c4c4a
004c4c4a
004d4e4c
004e4e4c
004e4e4c
004f4f4a
004f4f4c
004e4f4d
004f4f4d
004f4f4c
004f504e
004e504b
004f504c
0050504d
0050504d
004f4f4d
00504f4d
0050504c
004f504c
004e504b
0051504c
0051514d
0052524e
0053534f
0050524d
0051534e
00545450
00545650
00585952
005a5b55
0063645e
006b6e63
007a7e76
0052534e
0051524d
0050504b
004e4f4b
004a4c47
004b4d48
004a4c47
004a4c47
004a4a47
004a4a47
00484845
00474743
00474744
00464644
004a4b48
004d4d49
004c4e49
004c4c49
004c4c49
004a4b49
004c4d4a
004a4b4a
004b4b49
004a4a48
004b4a48
00474946
001b2120
00251e1f
00353434
00353635
00353635
00333533
00343734
00202226
00120e20
00110d27
00120d2a
0014102e
0016132a
0018132a
00302231
00464544
00444746
00464646
00474647
00474747
00474747
00464646
00474747
00484747
00464747
00464747
00464646
00474747
00464747
00464747
00464747
00464747
00474747
00474747
00454646
00454646
00454646
00464646
00464646
00454646
00434545
00434444
00444545
00464646
00464646
00434645
00434545
00434444
00424544
00434444
00444444
00444444
00444444
00434343
00434343
00454545
00434444
00454545
00434444
00434444
00444444
00434343
00424242
00444444
00434444
00424444
00424343
00424343
00434343
00434343
00434343
00434343
00444444
00444444
00454545
00454545
00444444
00444544
00454545
00454545
00454544
00434544
00444545
00444545
00444444
00444444
00454545
00444545
00444545
00434545
00434545
00444444
00444545
00434545
00434545
00434444
00434541
003a3944
006b6c6c
00404142
00424343
00444443
00434345
00434245
003f4143
0009060b
00151015
004d4d4f
003e4241
00434545
00444545
00444547
00454646
00444746
00454747
00444646
00444646
00464646
00474747
00464747
00464948
00464948
00474848
00464848
00464848
00464848
00444746
00454747
00464747
00484848
00464848
00464847
00474848
00474848
00474848
00464848
00474848
00474949
00474949
00484949
00494949
00494949
0049494a
00494a4a
00494a4a
004a4a48
004a4a48
004a4a48
004b4b49
004a4b4a
004b4b4b
004b4b49
004c4c4a
004c4c4a
004c4d4c
004d4e4d
004d4d4b
004d4e4c
004e4e4c
004e4e4c
004e4e4c
004d4e4c
004d4d4b
004d4e4c
004d4e4c
004e4e4c
004e4e4c
004d4e4c
004e4e4c
004f4f4d
004d4f4d
004d4f4d
004f4f4d
004f4f4d
004f504e
0050504e
004e504d
004e504e
004d504d
004f514e
004e504e
0050504e
004f504e
004f4f4d
004d4e4b
004d4f4c
004e504e
0050504e
0050504e
0050504e
004f4f4d
004d4e4c
004a4a48
004b4c4a
004d4e4b
004d4d4b
004c4d4b
004c4c4a
004d4d4b
004d4e4c
004d4e4c
004e4e4c
004e4f4c
004e4f4d
004e4f4d
004f4f4d
004f4f4d
004e4f4c
0050504c
0051504c
0050514c
004f504b
004f4f4b
004e4f4c
004f504c
004e504b
004e504b
004f514c
004f514c
0052524e
0052524e
0050524d
0051534e
00545351
00555651
00585953
005c5d57
0064665e
0071746b
007c7f7a
00535450
0051534e
004f514c
004e4f4b
004c4e49
004c4d49
004b4d48
004b4c48
004a4a47
004a4a47
00494946
00484844
00464744
00454643
004c4c49
004d4d4a
004c4e49
004d4d4a
004c4c49
004b4b48
004a4b48
004b4c49
004b4b49
004a4a48
00494a48
00494947
003a423e
001b1615
00333332
00343636
00343535
00343535
00282b2b
000b0914
00130e26
00130e2c
00140e2c
0014102f
0015112a
00161129
00281c30
00484546
00454647
00464646
00474747
00464746
00464645
00474747
00474747
00484747
00464747
00464747
00474747
00484747
00474747
00474747
00464646
00474747
00464747
00464747
00464747
00454747
00454747
00464646
00464646
00454646
00454646
00444545
00444545
00464646
00464646
00444545
00444545
00444545
00444545
00454545
00454545
00454545
00444444
00444444
00444444
00434545
00444545
00444444
00444444
00444444
00454545
00444444
00444444
00434343
00434444
00434444
00434343
00444444
00444444
00444444
00434444
00424343
00434343
00444444
00444444
00444444
00444444
00444544
00444444
00444444
00454545
00444544
00434443
00454545
00444444
00454545
00454545
00454545
00454545
00444545
00444545
00454545
00434444
00434444
00444444
00434343
0041424b
00272456
004a4a50
003b3c41
003f4046
003f3b52
00352e55
00454259
003b3c46
00050413
00110d13
0044434b
003d3e43
003f4145
00424446
00414346
00414246
00434546
00424445
00444646
00424446
00464546
00454546
00464747
00464948
00494a4a
00464747
00454847
00484848
00464848
00464848
00454747
00474848
00474848
00464848
00464848
00474848
00484949
00464948
00474949
00494949
00464948
00474949
004a4a4a
00494949
004a4a4a
0049494a
004a4a49
00494a48
004a4a48
004a4b49
004b4b49
004b4b49
004b4b49
004b4b4a
004c4c4a
004c4c4a
004c4c4a
004c4d4a
004d4d4b
004d4d4b
004d4d4b
004d4e4c
004d4d4b
004d4d4b
004d4d4b
004d4d4b
004d4d4b
004d4e4c
004e4e4c
004e4e4c
004e4e4c
004e4e4c
004f504e
004f4f4d
004f4f4d
004f4f4d
0050514f
0050504e
0050504e
0050504e
0050504e
0050504e
0050504e
0050504e
0050504e
0050514f
004f504e
0050504c
004f504e
0050504e
0050504e
0050504e
0050504e
004f4f4d
004e4f4d
00494a48
004b4c4a
004c4d4b
004d4d4b
004c4c4a
004c4c4a
004d4d4b
004d4e4c
004e4e4c
004e4e4c
004e4f4d
004f4f4d
004f4f4d
004f4f4d
004f4f4c
004e504b
0050504d
0051504d
00504f4b
004f4f4b
004f4f4b
004e504b
004f504c
004f504c
004e504b
004f504c
0050514d
0050524d
0053524e
0050524d
0052534f
00545451
00565752
00595954
005e5f59
00676961
00777a71
007c7e7c
00565650
0054544e
0051524d
004f504c
004d4e4a
004d4e4a
004c4d49
004b4c48
004b4b47
004a4a47
004a4a47
00484944
00464744
00434540
004e4e4b
004d4d4a
004c4e49
004d4d4a
004c4c49
004b4b48
004b4b48
004b4b47
004b4b48
004a4a47
00494a48
00484947
00414845
00211f1f
00343432
00343636
00373939
00272728
00100d16
000d091b
001b1937
00151134
00130f2d
00161330
0015112a
0017142a
0021172d
00423d40
00474647
00454545
00454545
00464646
00464646
00464646
00474747
00474747
00464747
00444746
00454646
00464646
00464646
00474747
00474747
00464646
00454747
00454747
00464747
00444746
00444747
00454646
00464646
00454646
00454646
00444545
00444545
00454545
00464646
00454646
00454545
00444545
00464545
00454545
00454545
00454545
00454545
00454545
00454545
00434545
00444545
00454545
00454545
00444444
00454545
00454545
00444444
00454545
00434545
00454545
00444444
00444444
00444444
00454545
00444545
00444545
00454545
00454545
00454545
00444444
00444544
00434442
00454544
00444444
00444444
00434443
00434443
00444444
00444444
00454545
00454545
00454545
00454545
00444545
00444545
00444545
00434444
00424443
00404342
003f4142
00261f41
0031305a
001c1644
0036373f
00312c4b
001a1852
0016184d
0018184d
0019144e
001a1648
00171444
002b2651
003d3953
003c3a4e
003f3e52
00444252
00494852
0047464f
00474650
0046464d
0043444a
00404047
00414247
00444446
00464648
00474849
00464747
00454847
00464747
00464747
00454747
00454646
00474848
00474848
00464848
00464848
00464747
00474848
00464848
00474848
00484949
00464948
00474949
00494949
004a4a49
004a4a49
004a4a49
00494a48
004a4a48
004a4b49
004a4b49
004b4c4a
004b4b49
004b4b49
004b4b49
004b4c4a
004c4c4a
004c4c4a
004c4c4a
004d4d4b
004d4d4b
004d4e4c
004d4d4b
004d4d4b
004d4d4b
004d4d4b
004d4d4b
004e4e4c
004d4e4c
004e4e4c
004e4e4c
004e4e4c
004e4e4c
004d4e4c
004e4f4d
004e4e4c
004f4f4d
004f4f4d
0050504e
0050504e
0050504e
004f504e
004f504e
0050504e
0050504e
0050504e
0050514f
0050504e
0050504d
0050504e
0050504e
0050504e
0050504e
0050514f
0050504e
004f4f4d
004d4d4b
004b4b49
004c4d4b
004d4d4b
004c4c4a
004c4c4a
004d4d4b
004d4e4c
004e4e4c
004e4e4c
004f4f4c
004f4f4b
004f4f4d
004f4f4d
004f4f4d
004e4f4b
0050514e
0051504d
00514f4d
00504f4d
004f4f4c
004e504b
004f504c
004e504b
004e504b
004f514c
0050514d
0050524d
0052524e
0051524e
0052534f
0054554f
00565852
005a5b56
0061625c
006a6d64
007d7f78
007e807f
00565750
00545550
0052534f
0050514d
004e504b
004d4f4a
004c4e49
004c4d49
004b4d48
004a4c47
00494b46
00484945
00454644
004e4f4b
004d4e4a
004d4f4a
004d4e4a
004c4e49
004c4c49
004c4c4a
004a4b49
00494a48
00494b46
004a4a48
004a4a48
00494947
00454946
002e2f31
00302b2a
00272222
001e1a1a
000f0b11
000c0815
00100c1f
00201a42
0016123b
0013102f
0014102b
00150f27
0016132c
001f182e
00342a33
00434444
00454545
00454545
00454545
00454545
00444545
00444545
00454646
00454646
00454646
00464646
00474646
00454646
00454646
00444747
00454646
00454747
00444746
00444746
00444746
00454847
00444746
00464646
00454646
00454646
00434545
00434645
00434645
00454646
00434545
00444646
00454646
00454545
00454646
00444545
00454545
00444444
00444545
00434545
00464646
00444646
00444545
00444545
00444545
00444545
00434645
00434545
00434645
00444545
00454545
00454545
00454545
00444444
00454545
00454545
00454545
00464646
00454545
00454545
00454545
00454545
00454545
00454545
00434343
00434343
00434444
00424343
00434545
00444444
00444545
00444545
00434545
00444444
00434444
00444545
00444444
00444444
00414242
003f4043
00343241
001a174d
0017154d
00111142
00202046
00171748
0013174e
0012174e
0013164f
0012154d
0012154d
0014154c
0016154f
00181851
00191952
00171951
00191951
001a1751
00191850
001a184f
001c1952
0019174f
0019154b
00171345
0017114b
001c164b
001f1b3b
00454648
00464747
00464747
00484848
00464747
00444746
00454847
00464948
00464848
00464848
00464848
00454847
00484949
00474848
00484949
00484949
00494949
00494949
004a4a4a
004a4a4a
004b4b49
00494a49
00494a49
004b4b49
004b4b48
004b4b49
004b4b49
004a4a4a
004b4c4a
004c4c4a
004c4c4a
004c4c4a
004d4d4b
004d4d4b
004d4d4b
004d4d4b
004d4d4b
004d4d4b
004d4e4c
004d4e4c
004d4d4b
004c4d4b
004c4d4b
004d4e4c
004e4e4c
004e4e4c
004e4f4d
004d4d4b
004e4e4c
004e4e4c
004e4f4d
004f4f4d
0050504e
0050504e
0050504e
0050504e
0050504e
0050504e
0050504e
0050504e
0050504e
0050504e
0050504e
0050504e
0050504e
0050504e
0050514f
0050504e
0050504e
0050504e
004e4f4d
004a4a48
004c4d4b
004c4d4b
004c4c4a
004d4d4b
004d4d4b
004e4f4d
004d4e4c
004e4e4c
004e504b
004e504c
004f4f4c
004f4f4e
004e4f4e
004f4f4c
0051504e
00514f4d
004f4f4c
004f4f4d
004f504e
004e4f4c
0050504c
004e504c
004f4f4a
004f514c
0050514d
0050524d
0051524d
0051524e
00535450
00565552
00595853
005c5c57
0063655d
006f7267
007c7e7b
007d807d
00575951
00565651
00535450
0051524e
004f514c
004e504b
004d4e4a
004c4e49
004c4d49
004b4c48
004a4b47
00484a45
00444542
004e504b
004e504b
004d4f4a
004d4e4a
004c4d4a
004c4c49
004c4d4a
004b4c4a
004b4b4a
00494a47
004a4a48
004a4a48
00494947
00454646
00404048
000b0508
000a050b
000d080e
000d0613
000e0a1c
00110c23
001c133c
001d1c48
00191633
00131027
000f0b1e
0019152a
001d182e
002b2231
00454444
00454545
00444444
00454545
00454545
00434444
00444545
00454646
00454545
00464646
00454545
00474747
00454646
00454646
00444646
00444646
00444646
00444746
00454646
00464747
00464646
00454646
00444646
00444646
00454646
00434646
00434646
00444646
00454646
00444646
00444646
00454646
00464646
00454545
00464646
00454545
00454545
00444545
00444545
00474646
00464646
00464646
00454646
00464646
00454646
00434645
00434646
00434645
00434645
00454545
00454545
00454545
00444444
00454545
00454545
00464646
00464646
00454545
00464646
00464646
00464646
00454444
00454545
00444444
00444444
00434444
00434444
00434545
00424544
00434545
00434545
00434545
00434444
00434444
00434444
00414242
003f4241
003e4040
003d3c3f
001f213e
00171a4b
00171c4c
0015194d
0018194c
0013184a
00121747
00141848
00111649
00121648
0012164a
0015164e
0013154e
0013154d
0014164d
0013164d
0014164f
00151751
00161650
0016174f
00171951
00171950
00151952
00181953
00171a55
001e1e59
001c1e3e
00444543
00454646
00454646
00454646
00464848
00454747
00454747
00464747
00464848
00454847
00474848
00464747
00474848
00484949
00484949
00484949
00494949
00484848
00474949
00484a4a
004a4a48
004a4a49
00494a4a
00494a48
004b4b49
004b4b49
004b4b49
004a4b4a
004b4b49
004b4c4a
004b4c4a
004b4d4a
004c4c4a
004c4c4a
004c4d4b
004d4d4b
004d4d4b
004d4d4b
004d4d4b
004d4d4b
004d4d4b
004a4b49
004d4e4c
004e4e4c
004d4d4b
004e4e4c
004f4f4d
004d4e4c
004e4e4c
004e4f4d
004f4f4d
004f504e
0050504e
0050514e
0050504e
0050504e
0050504e
0050504e
0050504e
0050504e
0050504e
0050514f
0051524f
0050504e
0050514f
0050504e
0050514f
0050504e
0050504e
004f504e
004f4f4d
00494947
004b4b49
004c4c4a
004d4d4b
004d4d4b
004d4d4b
004e4f4d
004e4e4c
004e4f4d
004f504e
004f504d
004f4f4c
004e4f4d
004e4f4d
0050504d
0050504d
004f4f4c
004e4e4d
004f4f4c
0050504c
004f504d
0050504c
004f504c
0051514c
004f514c
0050524d
0052524e
0053524e
0051534e
00535450
00585752
00595953
005d5f57
0066685f
0075786f
007d7f7d
007d7e7e
005a5b55
00575852
00535550
0052534f
0050514d
0050514d
004f504c
004d4e4a
004c4e49
004c4d49
004b4c48
00484a45
004c4d49
004f504c
004e504b
004e4f4b
004d4e4a
004d4d4b
004c4c49
004b4d48
004b4b49
004a4a49
004a4b48
004a4a48
00484947
00494947
00474746
0040424d
000a0913
000d0812
000c0810
000c0815
000d0a1c
00100b21
00160e31
0027234e
00151232
00121025
000e0d1d
00120e21
001b192e
00221d30
00464345
00454545
00454545
00454545
00454545
00434444
00434444
00424545
00444545
00454545
00454545
00464646
00454646
00454646
00444646
00434646
00454646
00454646
00464646
00474747
00474646
00454646
00454646
00464646
00464646
00454646
00444646
00434645
00444646
00454646
00454646
00454646
00444545
00444545
00454646
00474646
00474646
00444545
00464545
00454545
00454545
00454545
00444545
00444545
00444545
00444545
00444646
00444646
00444646
00444646
00454545
00444444
00444545
00444545
00454545
00464646
00454545
00464646
00464646
00464646
00464646
00444444
00444545
00454545
00454545
00444545
00434444
00454645
00454645
00444545
00444545
00444545
00444545
00444545
00434444
00434343
00414242
003e3f40
003d3b40
001b2040
0016264b
00344167
0030405f
001b2e4e
00152548
000c173d
0010183d
00151c42
00151b47
00151b4c
0013194c
00171b4e
00161a4c
00161b4e
00151c4e
00151b4e
00161b4e
0015194c
00141849
00141949
0015194c
0014184c
0014184e
0013184c
0016184f
002a2e4c
00444543
00444746
00454747
00474848
00464848
00454847
00464747
00474747
00464747
00464747
00484848
00474848
00464848
00474949
00474949
00464948
00494949
00494949
00484949
00494a4a
00494a49
00494948
00494a49
00494a49
004a4a49
004b4b49
004b4b49
004b4b49
004a4b49
004a4c49
004a4c4a
004b4d4a
004b4c4a
004b4c4a
004d4d4b
004d4d4b
004d4e4c
004d4e4c
004d4e4c
004d4e4c
004d4e4c
004e4e4c
004e4e4c
004e4f4d
004e4e4c
004e4f4d
004f4f4d
004f4f4d
004d4e4c
004f4f4d
004f4f4d
0050504e
0050504e
0050504e
0050504e
0050504e
0050504e
00515250
0050504e
0050504e
0051514f
0051514f
0051514d
004f504e
0050504e
0050514f
0050504e
0050504e
004f504e
0050504e
0050514f
004c4e4b
00494b49
004b4d4a
004d4d4b
004d4d4b
004d4d4b
004e4e4c
004e4e4c
004f4f4d
004f4f4e
004f4f4c
004f4f4d
004f4f4d
004f4f4d
0050504d
0050514e
004f4f4d
004e4e4d
004f4f4d
004f4f4c
004f4f4c
004f4f4c
004f504d
0050504c
0050514d
0050524d
0050524d
0052524e
0053534f
00555551
00575852
00595b55
0062625a
006a6d63
007c7f79
007f7f7e
007f7f7f
005b5d57
00585953
00565651
00535450
0051524e
004d4e4a
004d4f4a
004d4f4a
004d4e4a
004c4e49
004c4d48
00484944
0050524d
0050524d
004f514c
004e504b
004d4e4a
004d4e4b
004c4c49
004b4c48
004c4b49
004a4a49
004a4c47
004a4a46
00494a48
00484947
00444744
003b424d
000d0b17
000c0a14
000b0813
000b0715
000d0818
000f0a1e
00110b23
00191131
00110e29
000f0e22
000d0c20
00100d1e
001b172c
001f1b31
00393037
00424444
00444444
00444444
00444444
00434444
00444545
00444444
00454444
00424545
00434545
00454546
00444545
00444545
00434545
00444646
00464646
00464646
00454646
00464646
00474646
00454646
00444646
00454646
00454646
00454646
00444646
00444646
00444646
00444646
00454646
00444545
00444645
00444646
00444646
00434545
00444646
00424545
00434545
00434545
00424544
00444444
00434444
00434545
00444545
00454545
00454545
00454646
00454545
00464545
00454545
00454545
00454444
00454545
00454545
00454646
00454545
00454646
00454646
00464646
00464545
00454646
00454646
00464646
00454545
00444545
00444545
00434645
00444646
00464646
00454545
00434545
00444545
00434545
00434545
00424444
00404242
003f4041
003e3c42
001e2144
00232b56
001a1e4d
001c1e53
001e2051
000e1633
001c323d
00031520
00121e34
002b3347
002c3556
00283558
00212d52
00172549
00101b44
00101b44
000e1942
00101a43
00141c49
00171d4a
00181b4a
00171b49
0015194b
00151a49
00181b4e
00181b4f
00171940
00434346
00444646
00454847
00464848
00464848
00474948
00464747
00474747
00464747
00474848
00464848
00464848
00484848
00484848
00484949
00484948
00494949
00494949
00484949
00484948
004a4a49
004a4a48
00494a48
00494a48
004a4b49
004b4c4a
004b4b49
004b4c49
004c4c4a
004a4c4a
004b4c4a
004c4c4a
004b4d4a
004c4d4b
004d4d4b
004d4e4c
004e4e4c
004e4e4c
004e4e4c
004e4e4c
004e4f4d
004f4f4d
004f504e
004f4f4d
004e4f4d
004f4f4d
004f4f4d
004f504e
004e4f4d
004f4f4d
0050504e
004f504e
0050504e
0050504e
0050504e
0050504e
0050504e
0051514f
0051514f
0050514f
0050514f
0051514f
0051514f
0050504e
0050504e
0050514f
0050514f
0050514f
0050514f
0050514f
004f504e
004f514e
00484947
004c4d4b
004d4d4b
004d4d4b
004d4d4b
004e4e4c
004e4e4c
004f4f4d
004f4f4d
004f4f4d
004f4f4d
004f504e
004f4f4d
0050504c
004f504d
004e4f4d
004e4e4c
004e4f4c
004f504c
004f4f4c
004f504c
0050504e
0050514d
0050524d
0050524d
0051524d
0053524e
00545350
00555551
00595953
005c5d56
0064655d
006e7068
007d7f7c
007e7f7e
007f7f7f
005f6059
005a5b55
00585853
00555550
0053534f
0052544f
0050514d
004f504c
004e4f4b
004d4f4a
004b4d48
004b4945
0051534e
0051524e
0050524d
004e504b
004d4f4a
004d4d4a
004c4c49
004c4c49
004b4b48
004b4b49
004a4c48
004a4a48
004a4a48
00484947
00444744
00373d47
000c0a19
000c0914
000b0814
000b0715
000a0817
000f091e
00100c22
00150d25
00110e25
00100e22
000e0d22
00100e21
00171227
001b182e
002e2231
00434141
00434343
00434343
00434343
00444444
00444444
00434443
00434443
00444544
00444444
00454544
00434544
00454545
00424544
00424544
00454545
00454646
00454646
00454646
00464646
00464646
00444646
00444646
00444646
00444646
00454646
00444646
00434646
00434544
00414444
00434545
00444646
00454645
00444646
00434545
00434545
00434545
00434545
00434645
00434545
00434444
00444545
00434545
00434545
00434545
00444545
00444545
00454545
00444444
00444545
00444545
00444444
00454545
00454646
00454646
00454646
00454646
00454746
00454646
00454646
00454646
00454646
00464646
00464646
00464646
00464646
00454646
00444646
00454646
00444545
00444646
00444646
00434545
00434545
00424443
00404242
003f4042
003c3a41
001b1e3f
0027315a
001c1d4d
001a1f4f
001a1e4d
00161a38
0027383c
000f1823
00171837
000e1017
000f102e
00191a48
00181c48
000f102d
0012183e
00141a46
00121743
00101741
0015233b
0026374b
00141b42
00191c3f
00171a3c
00171c40
00171a4d
00181b50
00161845
00444346
00454647
00474747
00474848
00474848
00474848
00474848
00484848
00474848
00474848
00464948
00474848
00494848
004a4949
00484a49
00484a49
004a4a48
004a4a4a
00494a49
004a4a49
004a4b4a
004a4b49
004b4b49
004b4b49
004c4c4a
004c4c4a
004c4d4b
004a4c49
004c4d4b
004d4d4c
004d4d4c
004c4d4b
004d4d4b
004d4d4b
004d4d4b
004e4e4c
004e4e4c
004e4e4c
004d4e4c
004e4f4d
004e4f4d
004f4f4d
004f4f4d
004f4f4d
004e4f4d
004e4f4d
004f4f4d
004f4f4d
0050504e
004f4f4d
004f504e
0050504e
0050504e
0050504e
0050514f
0050504e
0050504e
0050514f
0051514f
0051514f
0051514f
0051514f
0051514f
0050514f
0051514f
0051514f
0051514f
0051514f
00515250
0051514f
0050514f
0051514f
004d4d4b
00494a48
004c4d4b
004d4d4b
004d4e4c
004e4e4c
004e4e4c
004f4f4d
004f4f4d
004f4f4d
004f4f4d
004f4f4d
0050504e
0050504d
004f504c
004f4f4d
004f4f4d
004f4f4d
0050504e
004f4f4c
004f504c
004f514c
0050514d
0050514d
0050524d
0050524d
0052534e
00565451
00565751
005a5954
005e5f58
00676961
00787a70
007f7f7d
007f7f7e
007f7f7f
0063645c
005c5d57
00585954
00565751
00545550
0051534e
0051524e
004f514c
004e504b
004e4f4b
004b4b47
00555450
00535450
0052534f
0051524e
0050514d
004d4f4a
004d4d4b
004c4c4a
004c4c49
004b4b47
004b4b47
004b4b49
004a4b49
004a4a48
00494947
00454846
00343a41
000b0a1a
000c0a17
000c0814
000c0815
000d0817
00262346
00100b22
00100b1f
00110d23
00100d21
000f0d23
000f0d24
00120f24
0019182f
00241c2f
003e3d3e
00414040
00404040
00434343
00434343
00434343
00434243
00444443
00424343
00434346
00424443
00424444
00424444
00424544
00444545
00444444
00454545
00464545
00474646
00464646
00454646
00444646
00444646
00444646
00444646
00454646
00444545
00444545
00404343
00424445
00444545
00474447
00424343
00454747
00434545
00434545
00424544
00434645
00434545
00434545
00454545
00444545
00434545
00434545
00434545
00434645
00444545
00444545
00444545
00454545
00444545
00464545
00464545
00464646
00454646
00444646
00454646
00454646
00444746
00454646
00454646
00454646
00454646
00454646
00454646
00454545
00464646
00454646
00454646
00454646
00444646
00444646
00444646
00424544
00424544
00404143
003f4042
003a3a41
00191b3d
002b3862
001c204c
001b204d
001c204c
00161a33
0009141d
003b4e54
00141a35
001f242b
0010112d
001a1944
001a1a47
00191739
001b1f4d
001c1b4b
001c1e4d
001b1f4d
001d1d38
001d2c3a
000a1938
0040434b
002d3039
0031303b
00171a4b
00191b4e
001a1a4b
00454544
00474647
00494848
00484949
00484949
00484949
00484949
00494949
00484949
00464948
00474949
00484949
00474949
00474a49
004a4a4a
004a4b4a
00484a47
00484949
004b4b4b
004b4b4b
004b4c4c
004c4c4c
004b4c4a
004b4b49
004b4c4a
004c4c4a
004d4d4b
004b4d4b
004d4d4b
004d4d4b
004d4d4b
004d4d4b
004d4d4b
004d4d4b
004d4e4c
004e4e4c
004e4e4c
004f4f4d
004f4f4d
004f4f4d
004d4e4c
004e4f4d
004f4f4d
004e4f4d
004f4f4d
004f4f4d
004f4f4d
004f4f4d
004f504e
004f4f4d
004e4f4d
0050514f
0050504e
0050504e
0050514f
0050504e
0050504e
0051514f
0050514f
0051514f
0050514f
0051514f
0051514f
0051514f
0051514f
00525250
00515250
0051514f
0051514f
0051514f
0051514f
00525250
0050504e
00494a48
004d4d4b
004d4d4b
004d4e4c
004e4e4c
004e4f4d
00504f4d
004f4f4d
004e4f4c
004f4f4d
004e4f4c
004f504d
0051504e
004f514b
004f504c
004e504b
004e504b
004e4f4c
0050504c
0050514d
004f514d
0050514c
0050524d
0050524d
0050524d
0052544f
00575552
00575752
005b5a55
0060625a
006c6e66
007f8078
007e7f7f
007e7f7e
00807e7e
00676961
005e6058
005a5b55
00575852
00555651
00535450
0052534f
0050524d
004f514c
004e504b
004d4c48
00565551
00545551
00535450
0051534e
0050514d
004e4f4b
004d4e4c
004c4d4b
004c4c4a
004a4b48
004a4c47
004a4b49
004a4a48
00494a48
00494947
00454846
003f4547
000c0d1c
000b0916
000d0914
000d0815
000e0a17
00171431
00100b20
0014102c
000e0c23
000f0d22
00100d24
000e0d23
00110f25
0019162e
00201a2f
00393239
003f4141
00414141
00414141
00424242
00424242
00424341
003c403f
00252135
00484647
00454242
00434444
00414444
00434444
00444444
00454545
00444444
00434444
00434444
00434444
00444444
00444444
00444545
00454646
00454646
00444646
00444545
00444444
0012131b
00141019
004c494b
004c4b4c
00464446
00434545
00464747
00444545
00434645
00434645
00434545
00434545
00444545
00444545
00434545
00434545
00434645
00434545
00434545
00434545
00434545
00444545
00444545
00444444
00454545
00464646
00444646
00444646
00454646
00484747
00454646
00454646
00454646
00454646
00454646
00454646
00444646
00454545
00454646
00454646
00454646
00454646
00444646
00444646
00444646
00424544
00414344
00404143
003e3f43
003b3b41
001a1b42
0027335f
001b214c
001c214c
001c214b
001b1d32
0022353a
00445759
00182137
00171a21
00111025
00181a43
001b1c48
0013103a
001c1d4c
001a1e4b
001b1f4c
00191e4b
00151836
00152433
001b3145
0042424a
002a272d
0018191d
00201f4d
00181a4c
001a1b4e
00424347
00454648
00474848
00494949
00494a4a
00494a4a
00494949
00494a4a
00494a4a
00494a4a
00484949
00484949
00494a4a
00494a4a
004b4b4b
004b4b49
00494b49
004a4b4b
004a4b4a
004b4b4a
004b4c4c
004b4c4b
004b4c4a
004c4d4b
004c4c4a
004c4c4a
004d4d4b
004d4d4b
004d4d4b
004d4d4b
004d4d4b
004d4d4b
004d4d4b
004d4d4b
004d4e4c
004d4e4c
004e4e4c
004d4d4b
004d4d4b
004d4e4c
004d4e4c
004e4e4c
004f4f4d
004e4f4d
004f4f4d
004f4f4d
004e4f4d
004f4f4d
004f504e
0050504e
0050504e
004f504e
0050504e
0050504e
0050504e
0050504e
0050514f
0051514f
0050514f
0051514f
0051514f
0051514f
0051514f
0051514f
0051514f
0051514f
00525250
0052524f
00515150
0051514f
0051514f
00515250
0050514f
00494a48
004b4c4a
004d4d4b
004d4e4c
004e4e4c
004d4f4d
00504f4d
0050504d
004f4f4b
00504f4d
0050504c
0050504d
0052504e
004f504d
004f504d
004f504d
004f504d
004e4f4c
004f504b
0050504e
004f504d
0051514d
0050524d
0050524d
0051524e
0053544f
00575553
00585853
005c5c57
0062645c
006f7169
007f7f7b
007e7f7d
007d7f7f
0058494c
006b6d64
0061625a
005b5d58
00595a54
00565751
00555550
00535450
0052534f
0051514d
004f514c
004f504b
00565752
00565653
00535550
0052534f
0051524e
004f504c
004e4f4b
004c4d4a
004b4c49
004a4b4a
004a4b4a
00494a48
004a4a48
00494947
00494a48
00474846
00414745
000c0d19
000a0b15
000b0916
000c0715
000d0815
000d0918
00110c24
00141134
000f0d22
000f0d23
000f0d25
000e0d24
000e0d23
00130f24
001d162e
002c2330
003f3f3f
00414040
00414040
00404040
00414040
00424142
00262b3a
001c1b37
001e1c3b
0018142f
00474049
00414344
00404346
00424441
00444443
00434444
00444546
00444545
00434444
00454544
00464545
00464545
00454646
00444545
00414545
00424444
003c4242
00131d2d
00131c2c
00141b29
00161824
00120c1a
00393036
00514e51
00444647
00464646
00444545
00434545
00454545
00424545
00434544
00434545
00424545
00444545
00434545
00424544
00424544
00434545
00454545
00464646
00454545
00464646
00454646
00454646
00454646
00464646
00464646
00454646
00444645
00454646
00464646
00474646
00474646
00444646
00454445
00464646
00474647
00454547
00454646
00434645
00434646
00444646
00424544
00434444
00404243
003e3f43
00393a40
0015183e
00242d5a
001a204b
001b214c
001c214c
001e1e3c
00030a1b
00091020
00121529
0020282e
000f0f1d
00181844
001b1c47
0012103c
001a1a48
001b1e4c
001a1e4b
001a1e4b
00191938
000d121e
00273950
001b1930
00454246
00181a1c
00211f4a
0018194d
00171b4e
00454548
00454648
00464848
00474948
00484a4a
00494b4a
00494a4a
004a4a4a
004a4a4a
004a4a4a
00494a4a
00484949
004b4b4b
004b4b4b
004b4b4b
004b4b4b
004b4b4b
004a4a4a
004b4b4b
004b4b4a
004b4c4b
004b4c4b
004b4c4b
004b4c4b
004c4c4a
004c4c4a
004d4c4b
004c4c4b
004b4d4c
004d4d4b
004c4d4b
004d4e4c
004d4d4b
004e4e4c
004e4e4c
004d4e4c
004e4e4c
004e4e4c
004e4f4d
004e4e4c
004e4e4c
004e4e4c
004e4e4c
004f4f4d
004e4f4d
004f4f4d
004f4f4d
004f504e
004f504e
0050504e
0050514f
004f504e
0051514f
004f504e
004f504e
0050504e
0051514f
0051514f
0050504e
0050504e
0050514f
0051514f
0051514f
0050514f
0050514f
0051514f
00525250
00525250
00515250
00515250
00525250
0050514f
0051514f
004f4f4d
004a4b49
004d4d4b
004d4e4c
004e4e4c
004e4f4d
004f4f4d
00504f4d
004e4f4b
004e4f4b
004f504b
0051504d
0052504e
004f4f4e
0050504d
004f504c
004f504d
00504f4d
004f514c
004f514c
004f514c
0050524d
0050524d
0051524e
0051534f
00545450
00585752
00595954
005e5f59
0064665e
00767970
007f7f7d
007e7f7f
007f7f7e
005c4246
006f7367
0065665e
005f5f59
005b5c56
00585953
00565752
00545551
00535450
0052524e
0050504c
00595955
00585953
00575752
00545551
0052544f
0050524d
004f514c
004e504b
004d4e4a
004c4d49
004a4b48
004a4b48
00494a48
004a4a48
00494947
00494947
00484846
00444746
00222d34
000e0815
000c0914
000b0713
000c0713
000e0917
00160f2c
00161236
00100d26
00110e28
00100d27
000e0d24
000e0d22
00110d23
00140f26
00241d2d
00423f41
003f4040
003f4040
00403f40
003f4040
003d3f3d
00151c34
001f1c2d
00181c2e
001d1e34
0022213d
001e1a2e
003c3742
00464446
00434344
00424344
00434445
00444544
00424445
00444545
00454545
00454545
00434444
00444545
00444443
00434343
00151b24
00101b2a
00101a29
00111a28
00131928
00121927
00161928
001b1927
001a121d
003f363b
004a4b4c
00434444
00454444
00444445
00424545
00434545
00444545
00434545
00434545
00434645
00444746
00434545
00444545
00444545
00434444
00454646
00454646
00454646
00474646
00474646
00454646
00454646
00454646
00454646
00454646
00444646
00454646
00464545
00464645
00464646
00454646
00464646
00464545
00454545
00454646
00434645
00434545
00434443
00404243
003c3f42
00383b41
0012183f
001d2551
001b204c
001b224d
001c214c
001a1e3a
00283940
000c1322
00191c34
00273037
00161320
00191a42
00181b46
0015113b
00181846
00191d4b
001a1e4b
001b1f4c
00181833
00282c35
001c2f48
001c1a30
00363032
002a262d
001e1c4a
0016174d
00161a50
00424249
00444648
00464848
00484949
00494949
00494a4a
004a4a4a
004b4a4a
004a4a4a
004a4a4a
00484949
00494949
004a4a4a
004a4a4a
004b4b4b
004b4b4b
004b4b4b
004b4b4b
004b4b4b
004b4b4a
004b4c4b
004b4c4b
004b4c4b
004b4c4b
004c4d4c
004d4d4b
004d4d4b
004c4d4c
004c4d4c
004d4d4b
004d4d4b
004d4e4c
004e4e4c
004e4e4c
004e4e4c
004d4d4b
004d4e4c
004e4e4c
004e4e4c
004e4e4c
004e4e4c
004e4e4c
004e4e4c
004f4f4d
004f504e
004f4f4d
004f4f4d
004f4f4d
004f4f4d
004f504e
004f4f4d
004f4f4d
004e4f4d
004f4f4d
004f504e
0050504e
0051514f
0051514f
00505150
0050514f
0051514f
0051514f
0051514f
0051514f
0051514f
0051514f
00525250
00525250
00525250
00525351
00525250
0051514f
0051514f
0050504e
004a4b49
004c4c4a
004d4e4c
004e4e4c
004e4e4c
004e4f4d
00504f4d
004e4f4b
004e504b
004f504c
0051504d
0051504d
0050504d
004f504e
004f504d
004e4f4c
00504f4d
0050514d
004f514c
0051524e
0050524d
0050524d
0050524d
0054534f
00575551
00595853
005a5b55
0060615a
006c6e65
007d807a
007d7f7e
007f7f7f
00807e7f
00473637
00767b6e
00696b63
00606159
005c5d56
005a5b55
00585953
00555752
00545551
0053534f
004f4e4a
005b5a55
00585a55
00575854
00555652
00535450
0051534e
0050514d
004e4f4b
004e4f4b
004c4e49
004b4d48
004a4c47
004a4b49
00494a48
00494947
00484846
00484846
00484846
00384342
00111523
000a0813
000b0712
000e0813
000d0915
0018102e
00181438
00100c2a
00100e27
00100d2a
000f0d26
000e0c23
00100e24
00120f23
0021182d
003a353b
003d403f
003e4040
00403f40
003e3f3f
00363d40
00151b36
0018181f
001d1d35
001e1d35
001f1d27
00191b24
001d213f
0017122b
003c3343
00444345
00424444
00444343
00424544
00444444
00464545
00464545
00424545
00424444
00434342
00373e45
000f1828
00121c2c
000f1a2a
000d1929
000d1826
00111927
00101926
00101926
00121925
00151823
0017151d
001a1116
004e494b
00474647
003f4341
00424544
00444444
00434545
00434545
00444646
00444646
00434645
00434645
00444646
00434646
00444646
00464646
00444746
00454646
00444646
00454646
00464646
00454545
00444545
00444646
00454646
00464646
00464647
00424345
00525258
00312238
00433446
004b4d51
00464846
00444648
00434545
00424544
00434444
003f4143
003c3f41
00373a3e
00121640
0019214e
001b214c
001b224d
001b204c
001e2142
0031414b
00192237
00161734
001f2831
00191524
00191b47
001c1a44
00120f37
00171542
00191d49
001a1e4b
001b1f4c
00161636
000d1829
00163041
002a2b41
0037343c
0017151d
00121430
0013184c
00171b4f
00464855
00444648
00464848
00464948
00484a4a
00484a4a
00484a4a
00494a4a
00494a4a
004a4b4b
00484b4a
00494a4a
00494949
004a4a4a
004b4b4b
004b4b4b
004a4b4b
004a4b4b
004b4b4b
004b4c4b
004c4c4b
004c4c4b
004c4c4b
004c4c4b
004d4d4d
004d4d4b
004d4d4b
004c4d4c
004b4d4c
004d4d4b
004d4d4b
004d4d4c
004d4d4b
004e4e4c
004e4e4c
004d4e4c
004e4f4d
004d4e4c
004e4e4c
004e4e4c
004d4e4c
004e4e4c
004e4e4c
004e4e4c
004e4f4d
004f4f4d
004f4f4d
004e4e4c
004d4e4c
004e4e4c
004e4e4c
004f4f4d
004e4e4c
004e4e4c
004e4f4e
0050504e
0050504d
0050514f
0050514f
0050504e
00505150
0051514f
0051514f
00515250
0052524f
0051514f
00525250
00525250
00525250
00525250
00525250
0051524f
00515250
0051514f
004d4d4b
004c4c4a
004d4d4b
004e4e4c
004d4e4b
004d4e4c
004f4f4c
004f4f4c
004f4f4b
0050504d
0050504e
0050504d
0050504c
004f504e
004f504f
004f504d
0050504d
004f504c
004f514c
0051514e
0051514e
0050524d
0051534e
00545450
00565550
00595854
005c5c57
0063645d
00707268
007d7f7a
007d7f7d
007d7e7f
00624d51
00484a44
00797e75
006d7267
0062645d
005e5f58
005c5d57
00595a54
00575953
00555652
0052524e
00565551
005c5c57
005a5b56
00595954
00555752
00545551
0052534f
0050524d
004f514c
004e4f4b
004d4e4a
004c4d4a
004a4b48
004a4b49
00494a48
00494947
00484846
00484846
00484846
00434846
001e2433
000c0d1b
000d0815
000e0813
000d0913
00130e25
00191339
00121030
000f0b23
000e0f2a
000f0e27
000e0c23
00100e23
00130f24
00171025
002b232c
003e3e3e
003e3e3e
003d3f3f
003f3e40
00162530
00151c3b
001f1c35
001b1a24
00191a2b
00231f30
00212034
00191f38
00161d35
002b3146
000d0821
002e273b
00424144
00454346
00444444
00434444
00434444
00434444
00434343
00434243
001c272f
0011121a
00171d25
00141e27
00151c28
00101b28
00101a27
00101926
00101826
00101926
00101825
00111723
00141a23
001c1923
00160e15
004c4a4d
00545456
00434444
00444544
00434545
00444646
00444646
00434645
00444646
00444646
00434646
00454646
00454646
00454646
00474646
00444545
00454646
00464646
00474646
00454646
00434545
00434444
00454545
00454444
00312a3d
001a0b39
00190d42
001b1042
001d113d
004d4753
00434645
00434545
00424544
00424344
003e4142
003b3e40
0035393d
00131442
0019214e
001b214c
001b224d
001b204c
001d1c44
00061228
003c5357
00141832
000c131c
00161423
001e224a
001c1e46
00151435
0018173f
001a1f4a
001b1f4b
001c214c
001a1b3e
00272f40
00041921
00131235
00393a47
0006020b
00201c3c
0013184e
00161a4e
00414557
00444648
00464749
00474949
00484a4a
00494b4a
00494a4a
004a4b4b
004a4b4b
004a4b4b
004a4b4b
00494949
004a4a4a
004b4b4b
004a4b4a
004b4b4a
004b4c4c
004b4c4c
004b4c4b
004b4c4b
004b4c4b
004b4b4a
004b4b4a
004b4c4b
004c4c4b
004d4d4b
004e4e4b
004c4d4c
004c4d4c
004d4d4c
004d4d4c
004d4d4d
004d4d4b
004d4e4c
004e4e4c
004d4e4c
004d4d4b
004d4d4b
004e4e4c
004e4e4c
004e4e4c
004e4e4c
004e4e4c
004d4e4c
004e4e4c
004e4f4d
004e4e4c
004e4e4c
004e4e4c
004c4c4a
004e4e4c
004e4f4d
004f4f4d
004d4d4b
004e4e4d
0050504d
0051514f
0052514f
0051514e
0051514f
00505150
00515250
00525250
00525250
0052524e
0051514f
00515250
00525250
00525250
00525250
00525250
00515250
00515250
0050514f
004f4f4d
004c4d4b
004d4e4c
004e4e4c
004f4f4d
004f4f4c
004f4f4c
004f4f4c
0050504d
0050504d
004f504f
004f504d
0050504c
0050504e
004f504f
004f504d
0050504c
0050514d
004f514c
0052524f
0051514e
0050524d
0052534f
00545450
00585752
005a5a56
005f605a
00676961
00777870
007f7f7d
007f7f7f
00767776
004e3e40
00797d7c
007d7f7c
0073776b
00666860
0062635d
005d5d59
005a5b55
00595a54
00575753
00565451
00605f5a
005d5e58
005b5c56
00595a54
00565853
00545651
0052544f
0051534e
0051514d
004e504c
004e4e4b
004c4d4a
004b4c4b
004a4b49
004a4a48
00484947
00484846
00474846
00474745
00454847
002a3235
0018192a
000e0a18
000e0817
000d0814
000f0c1d
001d143b
0018163a
00110e2a
00110f28
00110f28
000e0d21
000f0e23
00120f24
00130e23
00251c2c
003e3d3d
003e3c40
003c3d3e
00383e3d
00121e36
00191f3e
001a2538
0018203b
001c223a
00211b2a
0014141c
00131f3b
00192840
00101b33
00102138
00233143
0014142d
00261e39
0038323e
00444342
00414444
00414443
00414244
00404140
0016262d
0007040a
00101012
00100c12
00212126
000b0b0e
0017171e
00151a23
00161c25
00141a27
00101823
00111926
00121826
00121924
001c252c
00181b23
0017141d
00191316
004f4d4f
00464647
00434646
00434645
00444647
00444646
00444646
00474646
00454646
00444646
00454747
00454545
00464646
00464646
00464646
00454545
00444545
00444545
00434444
00434343
00404244
00130c35
00120c38
00130d3d
00170f3d
00160f3d
001c123b
00464345
00444544
00424443
00424244
003d4142
003c3e3f
00363a3d
00141642
001a254c
001a1f4c
0019224c
001d2145
00232241
002d444a
000e1c22
001e2144
001b2530
0014121f
001b2148
001b2045
00161331
00191845
001b1f4d
001c214d
001c224e
001a1c44
00182434
000e2535
001c1c42
0028262f
00312e33
0013112b
00171a4a
00151b4e
0029284c
00444648
00454849
0049484a
00494a4a
004a4a4a
004a4a4a
004b4b4b
004a4b4b
004a4b4b
004a4b4b
004a4a4a
004b4b4b
004b4b4b
004a4b4a
004a4b4a
004b4c4a
004b4b4b
004c4c4a
004c4c4a
004b4c4a
004c4c4a
004c4c4a
004c4c4a
004c4d4b
004c4d4b
004d4d4b
004d4d4b
004d4d4b
004d4d4b
004d4d4b
004c4d4c
004c4d4c
004d4d4b
004e4e4c
004d4e4c
004d4d4b
004d4d4c
004f4f4d
004e4e4b
004e4e4c
004e4e4c
004e4e4c
004e4e4c
004e4e4c
004d4e4c
004e4e4c
004e4e4c
004d4e4c
004e4e4c
004d4e4d
004f4f4c
0050504d
00494b49
004a4d4c
004f4f4d
0052504e
0051514f
0052514f
0051514f
00505150
0053534f
0052524e
00525250
0051514f
0051514f
0051514f
00525250
00525250
00525250
00515250
00515250
00525250
00515250
00515150
004a4b4a
004d4d4b
004e4e4c
004e4e4c
004f4f4d
004f4f4b
004f4f4c
0050504e
0050504d
004f514c
004f514c
004f514b
0050514e
004f504f
0050504e
0050504c
0050524d
0050514d
0050514d
0050524d
0051524e
00525350
00555451
00585852
005b5a56
0062645c
006d6f65
007e7f7a
007e7f7f
007e7e7e
00807e7f
00413538
007c7e7c
007e7f7c
007a7d75
006b6f64
0064655d
005f605a
005c5d57
005b5c56
00585953
0052514c
0060605a
005e5f59
005b5c56
00595a54
00575854
00545651
00535450
0051534e
0051514d
004f504c
004e4e4b
004d4e4a
004c4d4a
004b4b49
004a4a48
00484947
00484846
00474745
00474745
00454746
003c4243
00202033
00110e21
000f0b1a
000c0a18
00141024
001a1834
00181538
0013102e
000e0c28
00110f28
000e0e24
000f0e24
00131024
00120e23
001b1527
00363138
003d3d3e
003a3d3d
00343c3f
00161f38
001b2b38
00161518
002b3740
00253441
001d2a3f
0020223b
00101633
000a182f
00132037
00132740
00112038
00182c46
001d344e
000d1029
00261e2a
00434343
00414342
003f4142
00394042
00252e32
002f3135
001a1a1d
0009070f
00141216
000d090d
001a171b
00272527
001b171a
002d2e32
000c0c11
00191f26
000e1521
000f1823
00121520
00131921
000d141b
00141a22
0015131c
0021191f
002c2628
004a4749
00434343
00444645
00444545
00464646
00454646
00444646
00444646
00444746
00434646
00454646
00454545
00454545
00434444
00424343
00414242
00404141
002c293c
00110c39
00120c3a
00140d3e
00150d3f
00150f3f
00160e40
003a3546
00414243
00414343
00414143
003c3f41
003b3d3f
00363a3d
00171a47
00232d54
00181f4b
001e204d
00354752
00081525
0037414a
00161c2b
000a1322
0019222e
00141322
0020204c
001c1e48
0013112e
00161741
001c204c
001b214d
001c224e
00181c41
00191e3c
001b3141
00090b25
00444345
00454145
0019192c
00191c4b
00181c4f
000f0e38
00434549
00454749
0048484a
00484a4a
00494a4a
004b4b4b
004a4a4a
004a4b4b
004b4b4b
004a4b4b
004a4a4a
004b4b4b
004b4b4b
004a4b4a
004a4b4a
004b4c4a
004b4c4b
004c4c4a
004b4c4a
004b4c4b
004c4c4a
004c4c4a
004c4c4a
004c4d4b
004c4d4a
004d4e4b
004d4d4b
004d4d4b
004d4d4b
004d4d4b
004c4d4c
004c4d4c
004d4d4b
004d4d4b
004d4e4c
004d4d4b
004c4d4b
004e4e4c
004f4f4c
004e4e4c
004e4e4c
004e4e4c
004e4e4c
004d4e4c
004d4e4c
004e4e4c
004e4f4d
004e4e4c
004e4f4d
004e4e4d
004f4f4c
0050504c
004d4d4b
00474948
004e4f4d
0051514e
0050514f
0052524f
0051514f
00505150
00515150
00505150
0051514f
0051514f
0051514f
00515250
00525250
00525250
00515250
00525250
00525351
00525250
00525250
00515250
004f504e
004d4d4b
004d4e4c
004e4e4c
004f4f4d
004e504c
004e504c
0050504c
0051514d
0050504e
0050504e
004f504c
0050504e
0050504e
004f504d
0050504c
0050524d
0050514d
0050514d
0051534e
0051534e
0053534f
00565652
00595a54
005e5d59
00656660
0071736a
007e7e7c
007f7f7f
007c7f7f
004f4243
0041403f
007f7d7c
007f7f7d
007e807c
0071756b
0065685f
0061625b
005e5f59
005c5d57
005a5a54
005a5853
0061615b
00605f59
005c5d57
00585a55
00585853
00565652
00535550
0052544f
0051524e
004f514c
004e4f4b
004d4f4a
004c4d49
004c4b49
00494a49
00484947
00474846
00474745
00474745
00454745
00424645
00252932
0016152f
00100b1f
00100b1d
00140b1e
001e1933
00232734
00141232
000e0c25
00111027
000f0f25
000f0e26
00130f25
000e0e20
00161224
00241b28
00383a3b
00393d3c
00172030
0016203b
0020232a
00262628
00323235
002e3134
00151b21
00142340
00101931
00101d32
00121f34
000a172e
00122641
00112b43
00112f4a
000f1734
00170b1c
00404342
00424242
00404141
002c383b
0018282d
0020252d
001c2029
00151926
00202227
00060609
00040407
0008090c
00090609
00070306
00353233
0022262b
000f141d
000e151f
000d1421
00191c23
00090709
0021282a
001d252c
00161c22
00181c26
001c1a21
001a1218
004e4a4c
00434645
00464747
00444746
00434645
00444545
00464545
00464545
00464646
00454545
00444545
00434444
00424343
00424141
003e3f3f
00171332
00120d39
00120d3b
00130c3f
00140e3e
00140e3f
00150e3f
00140a33
003f3f41
003f3f41
003e3f42
003b3e40
00393c3e
0033383c
00171a47
0019234a
001a1f4c
001c1d49
0011202d
0031414a
000f1929
00304c4e
00161b2b
00161e28
00111120
001b1e46
001c1e4a
000e0d2b
0015153a
001b1f4c
001b224d
001c224e
0017173c
00060f26
0018343b
00090c2b
001f1924
003c3837
000c0a19
001a1b49
001a1d51
00111140
00434448
00454749
0047484a
00484a4a
00494a4a
004a4b4b
004a4b4b
00494a4a
004b4b4b
004b4b4b
004b4b4b
004b4b4b
004a4a4a
004b4b4b
004b4b4a
004b4c4a
004c4c4b
004c4c4a
004b4c4b
004b4c4b
004b4c4a
004c4c4a
004c4c4a
004d4d4b
004d4d4b
004d4d4b
004d4d4b
004d4d4b
004d4d4b
004d4d4b
004c4d4c
004c4d4c
004d4d4b
004d4d4b
004b4d4b
004b4d4b
004c4d4b
004e4e4c
004e4e4c
004e4e4c
004e4e4c
004e4e4c
004d4d4b
004d4d4b
004e4e4c
004e4f4d
004f4f4d
004e4e4c
004f4f4d
004f4f4d
004f504e
0050504c
004f4f4d
004d4e4c
004e4e4c
0050504e
0050504e
0051524d
0051514f
0051514f
0051514f
00515250
0051514f
00525250
0050514f
00515250
00525250
00525250
00525250
00525351
00515251
00535351
00535350
00525251
00515150
004c4c4a
004d4e4c
004e4f4d
004e4f4d
004f4f4d
0050504e
0051504e
0051504e
0050504e
0050504e
0050504e
0050504e
0050514d
004f514c
0051514e
0050524d
0050524d
0050524d
0051524e
00545450
00555550
00565953
005c5b55
0060625a
00686a62
007a7c74
007f7f7e
007d807f
007e7e7e
004f3f40
007f7f7f
007e807e
00807f7f
007f807d
00757970
006a6d64
0064655f
0060615b
005d5e58
005a5b55
0064655f
0061635d
005f605a
005c5d57
00595a56
00585954
00565653
00545551
0052544f
0051534e
0050514d
004e504b
004d4f4a
004c4e49
004c4c4a
004a4b4a
00494947
00484846
00474745
00474745
00474745
00434544
00333a39
00242733
0013141f
000e0b1c
000d0a1f
001c1132
00211d30
00111524
00100d27
00120f2b
000f0f27
000e0d26
000f0d22
000e0e23
00130f23
001c1523
0037393b
00363a3a
00121c36
00151f3b
00282b2f
002a2a2d
00353636
00222424
00060c15
00132440
000f1c2f
00121f34
000c1930
00111f35
00102b45
0006182e
0012253d
001a1d3a
00160b22
00423e40
00404141
003f403f
0018292d
001a2229
00212125
00171b20
00191d24
001a1d22
00181f26
00161c25
001b1f24
001a1c23
00070a0f
000a0809
00101920
00111d28
000e1620
000f1421
0027262c
0026292a
00242623
00171b1e
001e2222
001d2025
0011171f
00161721
001b1a23
00140b10
00352e31
00555252
00454847
00454545
00444545
00444545
00444444
00454545
00444444
00424343
00414242
003f4040
003c3f3e
00161135
00120d39
00120c39
00130c37
00140d3c
00140d40
00140e40
0018103d
003b3c3e
003b3c3e
003c3d40
00393c3e
00383b3d
0033393a
00161a46
00131d44
001b1f4c
001b214c
002d3a45
000e1827
000e2028
0001101b
001f223b
000f121c
00130f20
001b2147
001e1c47
0017173b
0018163a
001a204b
001b234e
001d224d
00010921
000e1725
000b1f2b
001a2049
00434247
00302c31
00191924
001b1c49
001a1d4e
00191e4d
00424448
00444648
0047484a
00484a4a
00494a4a
00494b4b
00494b4b
00494a4a
004a4a4a
004b4b4b
004b4b4b
004b4b4b
004b4b4b
004c4b4c
004b4c4b
004b4c4a
004c4c4a
004c4c4a
004b4b4b
004c4c4c
004b4c4b
004b4c4a
004c4c4a
004c4d4b
004b4b4b
004c4c4c
004c4d4b
004c4c4a
004c4d4b
004d4d4b
004c4d4c
004c4d4c
004d4d4b
004d4d4b
004b4d4b
004c4e4b
004d4d4b
004e4e4c
004e4e4c
004e4e4c
004e4e4c
004e4e4c
004d4d4b
004d4e4c
004e4e4c
004e4f4d
004f4f4d
004e4f4d
004f4f4d
004f4f4d
0050504e
0050504d
0050504d
004e4f4d
004c4d4b
004f4f4d
004f4f4d
0051514b
0050514f
0050514f
00505150
00515150
00515250
00525250
00525250
00515250
00515250
00535351
00535351
00535452
00525251
00535351
0053534f
0053534f
0052524f
004c4d4b
004d4e4c
004e4e4c
004f4f4d
004f4f4d
0050504e
0050504c
0050504c
0050504e
0050504e
0050504e
0050504e
004f514c
0050524e
0052514f
0051524e
0050524d
0051534e
0051534e
00555450
00575752
00585954
005d5e57
0062635d
006e7068
007f7f7a
007f7f7f
007f7f7f
007f7e7e
003a2f30
007d7e7e
007d807e
007f7f7f
00807f7e
007c7e7a
006f7268
00666860
0063645d
005e5f5a
005d5954
00646660
0063635d
0060605a
005e5d58
005b5c56
00585954
00575752
00545551
0052544f
0051534e
0050524d
004f514c
004d4f4a
004c4e49
004c4d4b
004b4b49
004a4a48
00484947
00474846
00474745
00474745
00464644
00404544
002a2b2f
00262828
000e0d1a
000e0b20
001e1a28
00211a2b
00252a30
000f0b29
00110d2a
00100e28
000f0e25
000d0c22
00110d23
00121023
00151020
00322e33
002d3539
00101c39
0016203d
001c181d
00302f31
00373838
00343637
00253043
000f1732
00111f35
000e2137
00112840
00182f4a
00051730
00142239
0018243b
0010102d
00120b26
00393134
00383738
0036383a
0018272d
00171b22
0016171e
00110f13
00181419
001c1a1a
001d2127
00162129
00141f28
00121b27
00131725
00121620
00101521
00121d2b
000e1826
00111522
002d2f31
00242121
00252322
002b2b2b
00282727
002b2a2c
00222929
001d2328
000e161d
0013171e
0014171d
0015141a
00160e13
00231a1e
004b4949
00484a4a
00434343
00434543
00444544
00434343
00424242
003e3f3f
003a3c3d
00140f36
000c0625
0010092d
000f092f
0011092b
000d0728
00140e38
00120c3a
00383b3d
003a3c3e
003b3d3f
003a3c40
00363b3e
0033363a
00191a4b
000e1f45
001b1f4d
0019214b
00181f3c
00344c4f
00082028
0033494f
00030819
00101221
00191a3f
00191f4b
001b1e47
00191740
0018183f
001d1f4b
001b214e
0011163b
001a2b30
001f2f38
00193040
001b2245
00393333
00363330
002b2c33
00191c4f
00191e4c
001b1d51
00424347
00454747
0046484a
00494a4b
004a4949
004a4a4a
00484b4a
004a4b4b
004b4b4b
004b4b4b
004a4a4b
004b4b4b
004b4b4a
004b4b4b
004c4c4c
004b4b4b
004a4b49
004b4c4b
004b4c4b
004c4c4b
004b4c4b
004b4c4a
004a4c4b
004b4c4d
004c4d4c
004c4d4c
004d4d4b
004d4d4b
004d4d4b
004d4d4b
004d4d4b
004d4d4b
004d4d4b
004d4d4b
004c4d4b
004d4e4c
004d4d4b
004d4e4c
004d4e4c
004e4e4c
004e4e4c
004e4e4c
004e4e4c
004d4e4c
004e4f4d
004f4f4d
004f4f4d
004f4f4d
004f4f4d
004f4f4d
0050504e
0050504e
004f504e
004e4f4d
004e4e4c
004e4f4d
004f4f4d
0050504e
0050504e
0050514f
0051514f
00515250
0051514f
00515250
00525250
00525250
00525250
00535351
00535351
00535351
00535350
00535350
00545451
00535350
00545451
0050514f
004e4e4c
004e4e4c
004f4f4e
004f4f4e
0050504d
0050504d
0050504c
004f514c
004f514c
0050504e
0050504e
0051514e
0051514e
0051514f
0050514d
0051524e
0052534f
0054534f
00565652
00575852
005a5a56
00605f5a
0065665f
0072746c
007e7f7d
007e7f7e
007f7e7e
00604d4f
00474646
007f7e7e
007b7f7e
007e7e7e
007d7f7e
007f7f7e
0074786d
006a6c63
0065665f
0060605b
00615e59
00656761
0064645e
0061615b
005e5e58
005b5c56
00595a55
00575753
00545651
0052544f
0051534e
0050514d
004f504c
004e504b
004d4e4b
004d4d4b
004b4c4a
004a4a48
00494a48
00484846
00474846
00474745
00464644
00434645
002f3232
0028252b
00131225
00140c21
002c252d
001f1732
002c2a39
000e0e29
00110d27
000f0e26
000f0d24
000d0c21
000f0c20
00110f21
00120e1e
00211b25
00141d2b
00101b3b
0015203d
00262531
002b2d30
002c2f38
0026292f
00172940
0010182f
00101b2f
00121f34
00102135
000b1f37
00122c47
00182e46
00061128
000c0927
000f0a24
0019121f
00313033
00293032
0018292e
0018242e
00131b27
00161b27
001c1d23
000f0b0f
00150d10
00191416
00161717
00101113
00192028
00101726
000d1422
000e1623
000e1826
001b2029
001c1a1b
00130b0b
00130809
00393738
00312c2c
00333434
001e1e1f
002a2e2d
00292d2e
001c2528
000d161a
0010171d
0012161f
0013161f
001a1a22
00171319
00211b21
00413f41
00464445
00434343
00414141
003f3f3f
003a3c3e
000c0727
000f0722
000f072a
00110a35
00100935
0010092e
0010082c
00130c38
00393a3d
00383b3d
00393b3d
00393b3f
0036383d
002f323b
00181a49
0006143f
001b1f4c
001a204d
001b204d
000a162b
0029454b
000b1329
00192044
00171d4b
0019204c
001a1e4d
00191d4e
00191944
00161844
001c1e4b
001c214f
001c214a
00192937
00233440
000b1020
001a233f
00100a10
003b373a
003b3c41
001d2048
00191d4f
00191c4f
00424548
00444648
00464749
00474949
004a4a4a
004a4a4a
00494a4a
004a4b4b
00494a4a
004a4b4a
004a4a4a
004a4a4a
004a4b4a
004b4b4b
004b4b4b
004b4b4b
004c4c4c
004b4c4b
004b4c4b
004b4c4a
004c4c4b
004c4d4b
004b4d4c
004c4d4c
004c4d4c
004c4d4c
004d4d4b
004d4d4b
004d4d4b
004d4d4b
004d4d4b
004d4d4b
004d4d4b
004d4d4b
004d4d4b
004d4d4b
004d4d4b
004d4e4c
004d4e4c
004e4e4c
004e4e4c
004e4e4c
004e4e4c
004d4e4c
004e4e4c
004f4f4d
004f4f4d
004f4f4d
004f4f4d
004f4f4d
004f4f4d
004f504e
004f504e
004e4f4d
004e4f4d
004f4f4d
004f4f4d
0050504e
0051504e
0050504e
0051514f
0051514f
0051514f
00525250
00525250
00525250
00515250
00525250
00525351
00525350
00525351
00545451
0052534f
00535350
00535350
00515250
004c4c4a
004e4e4c
004f4f4d
004f504e
0050504d
0050504d
0050504e
0050514c
0050514d
0050504e
0051514f
0050514e
0050514e
0051524e
0050524d
0051534e
0052524e
00555450
00575753
00595954
005a5b55
0062625b
006a6d65
007c7e77
007f807d
007e7f7e
007e7f7f
004e3d3f
007e7e7e
007f7f7e
00757270
007e7e80
00807e7e
007c807e
007b7e76
006e7267
00686962
0063645e
00696863
00676862
0064655f
0060615b
005e5e58
005b5c55
00595954
00585854
00545651
00535450
0051534e
0050524d
004f514c
004e4f4c
004e4e4c
004d4d4b
004c4c4a
004a4b49
004a4a48
00484947
00484846
00464745
00464644
00464645
003b403f
002f2f35
001c1c2b
00222029
00231f20
001c1929
002b2639
0012112e
000f0c23
000f0c25
000f0e25
000e0d24
00100d21
000f0d1f
000e0c1d
00191321
00111932
000f1831
00121d3e
00242538
00272931
001b2c3e
001a283e
0013233f
00111e35
00101b31
00122036
000a182e
00112238
0012273e
000c223a
00101b36
00100a27
00100b22
00181224
002e2f34
00232c30
0018262e
00121b2c
00131b2b
00121a28
00131a25
00131922
00191d23
001a1b1d
001c1c1e
001a1818
00192127
0010212d
000f1b26
000c1623
000f1a27
0027272a
00060101
001d1111
003c302f
00464646
00434442
00383937
001e1f20
00232123
000d0606
001c191a
002c3131
001e2528
000c1419
0012181f
0011181f
00111820
00111820
00161b22
00282428
00424041
00404140
003f3f3f
00383b3e
000e0828
000b0726
00171332
000f0f28
00181834
000d0a30
00110a30
000d0626
003b383d
00393a3e
003b3a3f
00393b3f
0036393d
0030333b
00181c4a
00101b48
00191f4c
001a1f4d
00181e4b
001c1e49
00091427
002a484d
00191a40
001b204d
0019204d
001b204c
00191f4f
00171945
00161642
00191c4a
001a1f4c
001a204c
0012202f
0003141c
00162c39
00111c3e
0028252b
002c2d2f
0049444a
0021204a
00181e4f
001a1d50
00424548
00444549
00464749
00474949
00484949
00484949
004a4b4b
004a4b4b
00484b4a
004a4b4a
004a4a4a
004a4b4b
004a4b4b
004c4b4c
004c4b4c
004c4c4c
004b4b4b
004c4c4c
004c4c4c
004c4c4b
004c4c4a
004c4c4b
004c4c4a
004c4d4b
004d4d4b
004c4d4c
004c4c4a
004d4d4a
004d4d4b
004d4d4b
004d4d4b
004d4d4b
004d4d4b
004d4e4c
004d4e4c
004d4d4b
004c4d4b
004e4e4c
004e4e4c
004e4e4c
004e4e4c
004e4e4c
004e4e4c
004e4e4c
004d4e4c
004f4f4d
004f4f4d
004f4f4d
004f4f4d
004f4f4d
004f4f4d
004f4f4d
004f4f4d
004f504e
004f504e
004f4f4d
004e4f4d
004f504e
0050504e
004f514f
0051514f
0051514f
00515250
00525250
00515251
0052524f
00525250
00525351
00525350
0052544f
00535452
00545451
00535450
00535550
00535450
00525350
004c4c4a
004d4e4c
004f4f4c
0050504d
0050514c
0050514d
0050504e
0050504c
0050514e
0050524c
0050524d
0051524e
0051524e
0051534e
0051534e
0052534f
00535450
00565551
00575753
005b5a55
005f5f58
0064655d
006f726a
007e7f7b
007f807e
007d7d7d
0080797a
003b3233
007e7f7f
007e7f7c
00766f6b
00735e66
00797f7e
007f7f7d
007e7f7c
0072776c
006c6d66
0065655f
006a6b64
00686862
00656660
0060615b
005d5e58
005c5d57
00585954
00585854
00555652
00535550
0052534f
0051524e
004f514c
004e4f4c
004e4e4c
004d4d4b
004c4c4a
004b4b49
004a4a48
00494947
00484947
00474745
00464644
00444643
00434745
00232424
002b272e
00282529
00231c20
001b1a23
00292438
00171433
000f0c23
00100b25
000f0d24
000f0d26
00121024
000f0c1f
000e0b1d
00120f1f
00121733
00131831
000a0d25
00161c35
0018273f
00122440
00122443
00111b37
000c1d33
00101d31
000e233d
00142f49
0013273e
000d1a2f
00162137
00151937
00100a24
000f0921
00181228
00302d33
001f292c
00192430
00141830
000f1b2d
000d1a29
000e1927
00111926
00141b28
0017212b
001b242c
001a252b
0013212a
0012242e
0012242f
000f1f2b
00101f2b
002e2e2d
003b403f
00383d3c
001a1e1e
00000100
00040100
00070001
00090002
00100607
000f0a0a
00100809
002c2423
00232020
00292a2c
00232c32
00121a23
00121922
00101921
00141c23
002f2d31
00403e3f
003f4040
003e3e40
0036383d
000d0727
000f0c25
00212131
00201e2e
00282431
0027263a
000f0a26
000e0920
003a383c
0037393d
003a393e
00393a3e
0035373d
0032313b
00171b4b
00151e4a
00191e4a
001a204c
001d214c
001f234e
001a1e4b
000a0f2f
00181941
0019214c
00191f49
001a214b
001b214e
00161a47
0017143e
00181b49
001c204d
001b214e
001c1f48
002f4753
000d222e
00121d42
00121028
0011111a
00332d3c
00202050
00181d50
001a1c50
004c4d5c
00444549
0046484a
0047494a
00484a4a
00484b4a
004a4a4a
004b4b4b
00494a4a
004a4b4a
004a4b4a
004b4b4b
004b4b4b
004b4b49
004b4c4a
004c4c4c
004c4c4a
004c4c4c
004c4c4c
004c4c4a
004b4c4a
004b4c4a
004b4c4a
004c4d4b
004d4e4b
004c4d4c
004c4c4a
004d4d4a
004d4d4b
004d4d4b
004d4d4b
004d4d4b
004d4d4b
004d4d4b
004e4f4d
004e4e4c
004e4e4c
004e4e4c
004e4e4c
004e4e4c
004e4e4c
004e4e4c
004e4f4d
004e4e4c
004e4e4c
004d4e4c
004e4e4c
004f4f4d
004f4f4d
004f4f4d
004f4f4d
0050504e
0050504e
0050504e
004f504e
004f504e
004f504e
0050514f
004e504e
004f524f
0051514f
0051514f
0051514f
0050514f
00515150
0052524e
00525250
00535452
0051544f
0052544f
00545452
00545451
00535550
00535550
00535450
0053534f
0051514f
004d4d4b
004f4f4c
0050514c
0050514c
0050514d
0050514e
0050514e
0050514f
0050524d
0051534e
0051534e
0051534e
0051534e
0052534f
00535450
00545450
00575551
00575954
005c5b56
0061615b
00686860
0074776f
007f7f7e
007f807e
007f7f7f
00504042
005e5f5e
007f7f7f
007f7d79
006c635d
00754246
007c7f7f
007f7f7f
007f807e
00797d75
006e7167
0065645d
006e7067
00686861
0065655f
0062625c
005e5e58
005b5b57
005a5a56
00585854
00575753
00555551
0052544f
0051534e
004f514c
004e504b
004d4f4a
004d4e4a
004c4d4b
004b4c4a
004a4a48
00494a48
00494947
00484846
00474745
00464745
00424542
00333635
002c292d
002b282a
002d2c2f
001d1733
002a2439
00141331
000e0c25
000f0c24
000f0d21
00131226
00131424
000c0b1d
000d0a1a
000c0d1f
000f1635
00121835
00070d28
00141931
000a132e
0016203e
00142143
000e1a35
000f2136
00111f36
000d2139
00051c34
00162d47
00143048
000f1b32
000a0a28
000c0b24
00100d25
00171227
0025242d
0019242a
0018212c
0014182a
000f182b
000e1d2a
00101a28
000e1926
00131c29
00131f2a
0014232e
0013222d
00111d2a
000f1c2a
0011202c
000f202c
0013212e
00333536
00322b2c
00221b1a
00151515
00080707
00080705
002f312e
00303734
00303734
00313736
00313836
003d4644
001f2122
001e1c1c
000e1419
00162832
00131c24
00111922
0014191f
00333333
003e3e3e
00414141
003d3f41
0036393d
0005071c
00191428
0027272f
002a2b34
0035353c
001c1e28
00040318
000e071f
00333339
0038373c
00393a3e
0038393d
0035373c
0031323c
00161b4a
000b133f
000a0e3a
00101039
00151435
00181c2d
00120f31
00181943
00171844
001b1e4a
001c204c
001b204b
001a1f4b
00191945
00131437
00171c46
0019204c
00171f4e
001a1f4e
001a2044
00283e4e
00132744
00151537
00151236
000f0c29
00171c49
00181d50
00191d4e
003c4056
00424549
00454749
00474949
004a4949
004a4a4a
00494a4a
004b4b4b
004b4b4b
004a4b4b
004b4b4b
004a4b4a
004a4b4a
004b4b49
004c4c4a
004b4b49
004c4c4a
004c4c4c
004c4c4b
004b4c4a
004c4d4b
004c4c4a
004c4c4a
004d4d4b
004d4d4b
004d4e4c
004d4d4b
004b4c4a
004d4d4b
004d4d4b
004d4d4b
004d4d4b
004d4e4c
004e4f4d
004e4e4c
004d4e4c
004d4d4b
004e4e4c
004e4e4c
004e4e4c
004e4e4c
004e4f4d
004e4e4c
004e4e4c
004e4e4c
004e4e4c
004e4f4d
004f4f4d
004e4f4d
004f4f4d
004f4f4d
0050504e
0050504e
0050504e
0050514f
0050514f
0050504e
0050514f
004f514e
004f514f
0051514f
0051514f
0051514f
00515250
00525151
0052524f
00525251
00535350
00535452
00535451
00545451
00535550
00555550
00545551
00555552
00535550
00545450
004c4c4a
004e504b
004f514c
004f514d
0050514d
0050514d
0051514f
0051514e
0050514d
0051524e
0052534f
0052534f
0052544f
0052534f
0053534f
00555551
004d4c48
005a5a55
005f5e59
0064645d
006d6f67
007e7f7a
007e7f7f
007d807f
007b7d7c
004d4041
007f807e
007e807e
00797570
0069635e
00442928
007d7d7d
007e7e7e
007e7f7f
007d7f7b
0072766a
007e7e75
006f7167
00686861
0065645e
0062625c
005e5f59
005b5b57
005a5a56
00585854
00565652
00555551
00535450
0051534e
0050514d
004e504b
004d4e4a
004d4e4b
004d4d4b
004b4c4a
004a4b49
004a4a48
00494a48
00484846
00474846
00474745
00454644
00404240
002a2b2b
002b292c
001c1735
001b153f
002e2a3d
00161333
00100d28
00100c24
00100b20
001b1a27
00141623
000f0e21
000a0717
0012152f
000f1630
00070d28
00141934
00101936
000a132c
000f1734
000c1634
0013223b
000f2037
00102138
000f2138
00132a44
00132e47
00112d48
00020d2a
000c0924
000f1025
000e0c25
00110e23
0015131e
00171b25
0017222e
00141e2c
0010192c
000f1b29
00101a29
00111b27
000e1122
00131821
00142226
0012232d
0012212e
00121f2c
0014222e
0012202c
00131a27
00131215
000e0b0e
00120d11
00121110
00211c1c
002c2426
0033322e
00353532
00363432
002f2f2f
001c1817
0012070a
00100909
00313434
00050e16
0014303a
0011242d
000f1b26
00222328
00333434
003c3c3c
003f4040
003e3e3f
003a3b3d
002f3439
002b2933
002c2c31
00242729
002f2f33
00302f36
000e0c1c
001a1a2b
0035353a
00383a3e
00393b3e
0038393d
0036373c
0030333c
00171d4b
000c1542
001a1d4c
00181d4c
00181f4a
000c132c
001c2535
00283748
000d1430
00151741
00181a47
00191d49
001d204c
00191a46
00151539
00171b49
001a1b49
00131339
00181b40
001e204a
00191c3f
001f2e4f
0015193d
00171837
0014122d
00151a48
00161c4d
00181c4b
001d213f
00424548
00454749
00464948
00494949
00494a4a
00484a49
00484b4a
00494b4b
004a4b4b
004a4b4b
004b4b4a
004b4c4b
004c4c4a
004c4c4a
004c4c4a
004c4c4a
004c4c4b
004b4c4a
004c4c49
004d4d4b
004c4c4b
004c4c4a
004d4d4b
004d4d4b
004c4d4b
004c4d4b
004c4d4b
004c4d4b
004d4d4b
004d4d4b
004d4d4b
004e4e4c
004d4e4c
004e4e4c
004d4d4b
004e4e4c
004e4e4c
004e4e4c
004e4e4c
004e4e4c
004d4e4c
004e4e4c
004e4e4c
004e4f4d
004e4e4c
004e4e4c
004f4f4d
004e4f4d
004f4f4d
004f4f4d
0050504e
004f4f4d
0050504e
0050504e
004f504e
0050514f
0051514f
0050514f
0050514f
0051514f
0051514f
0051524f
00525250
00515250
00525350
00525351
00535351
00545451
00545451
00555552
00535550
00555551
00545651
00565653
00555652
00565652
004f504e
004f4f4c
0050514e
0050514f
0051524e
0050524d
0050524d
0051524f
0051524e
0052534f
0052544f
00535450
00535550
00535550
00545450
00555652
005a5b57
005c5c55
0061615a
0066665f
0072746c
007d7e7b
007e7f7e
007f7e7e
006d6465
00383434
007e7f7e
007d7f7c
00746c68
0062605a
004c3a33
00704d4f
007d7d7d
007e7f7f
007d807d
00777971
007c7c75
00707269
00686760
0065645d
0062615c
005e5f59
005b5c58
005b5a56
00585854
00565652
00555551
00545450
0052524e
0051514d
004e504b
004d4f4a
004e4e4c
004c4d4b
004b4c4a
004b4b49
004a4a48
00494a48
00494947
00484846
00474846
00464745
00444644
002e3031
0025262e
001b1838
001b163c
002d2b3a
00161234
00120e2b
000e0a24
00120c22
001c1b27
00171925
000f0e20
00090814
000e1732
000f132a
000d132b
0011142e
000d1632
0016203d
000f1d42
00111d3c
00102037
00111f37
000f2339
00132339
000d2037
00112740
00122c45
0018203d
00242431
000f1220
000c0b21
000e0a21
000c0814
0011101a
0016212d
00111d2b
00111b2c
000f202b
000e1a28
00131a28
00131522
0010181a
000c1a19
00131f29
0013232f
0010202b
00111f2b
00111c2a
001f2026
001a1a18
00181615
000b0d0c
00191919
00262729
00343032
003a3636
00403b3b
00403e3d
00373737
001f2122
0029292b
00070203
001e2227
000c1720
001b3238
00324a51
00101c25
0028292a
00343535
003b3c3c
003e3f3f
003e3f40
003c3c3d
0036363b
0028292e
002a2a2e
003d3e40
00404444
00434646
00454a4c
00363a3b
003d3f40
003e4040
003f4241
00383a3c
0037383d
002f323a
00161b48
000b1440
001a1d4b
001b1f4c
001b214e
001d2145
00030c17
00010c1e
00294451
0021344d
00233451
00213454
001d2e4e
00162346
000b0e30
00191744
00151239
0015153d
000e142a
00161329
00111129
002d3a5a
00161b48
00181b3f
001d1b39
001a1c45
00161c4c
00191c4d
000c0f35
0043454a
00464849
00464948
00484949
00494a4a
004b4b4b
004a4a4a
004a4b4b
004b4c4b
004b4c4b
004b4b4a
004c4c4b
004b4c4b
004b4c4b
004c4c4a
004c4c4a
004c4c4b
004b4b49
004d4d49
004d4d4b
004d4d4c
004d4e4c
004d4e4c
004d4d4b
004d4d4b
004b4d4b
004b4d4b
004d4d4b
004d4d4b
004d4e4c
004e4e4c
004e4e4c
004d4e4c
004e4e4c
004d4d4b
004d4e4c
004e4e4c
004d4e4c
004e4e4c
004e4e4c
004e4e4c
004e4e4c
004e4e4c
004f4f4d
004e4f4d
004e4e4c
004e4e4c
004e4e4c
004e4f4d
004f4f4d
004f504e
0050504e
0050504e
0050504e
0050504e
0050514f
0050514f
0051514f
0051514f
0050514e
00525250
0052534e
00525250
00525250
00535351
00525351
00535351
00535350
00545451
00535550
00545551
00545651
00555652
00555752
00555752
00565652
00555553
004f4f4d
0050504d
0050504f
0051514f
0050524d
0050524d
0050514d
0051534e
0052534f
00535450
00545551
00535550
00535550
00565652
00585851
005b5b54
005d5c57
0062635d
006a6b64
007c7d77
007f7f7d
007e7e7e
007b7e7e
00554243
00797979
007f807f
00807d78
006c6460
00615b59
007e7f79
005d3534
007c7f7f
007d7e7e
007f7f7f
007e7f7b
007e7e79
0072746a
00696861
0064645c
0062625b
005d5f5a
005a5c58
00585a55
00595854
00545752
00535550
0053544f
0051534e
0050514d
0050514d
004f4f4d
004d4e4c
004c4c4a
004c4c4a
004b4b49
004a4b49
004a4a48
004a4a48
00484947
00484846
00464745
00444544
00313538
00221f2f
001c183a
001c173a
001d1d28
00191334
00120f2d
000e0b26
00100c25
00171322
00161726
000d0d1d
00090a1e
000c1434
000f1836
000a122e
00101835
000c1732
000c1532
00111f42
000c1934
00101f32
000d192e
00122239
00102237
000f2239
000e233a
001d3047
00151a38
00313136
00292f37
000e0d1f
000e0a1e
000b0714
00171621
0013202c
000e1d2b
000d1d2a
000a2631
00121e2d
00101829
0011191d
000f1917
00121b21
000f1826
000c1524
0016222f
0010202c
00121f2c
002d2f2f
00313231
002f3330
00303432
00313333
00313434
00343735
00383838
003e3d3d
00353232
00433e3e
002b2929
00080807
002a2c2f
00101922
000a161e
00132b31
0032474d
001c2326
002b2b2c
00333333
00383a39
003c3d3d
003e3f3f
003b3d3b
003a3e3c
003c403f
00343636
003d403e
00414141
00414241
003c403c
003b3e3f
003c3d3c
003e413f
003f4240
003f4241
0034353b
002d2f39
00161b4a
00161c46
001a1e4b
001c2050
00131c44
00192946
001e2e4d
000c173e
00101744
00141a49
00151b49
00151d4a
00161d4d
00111846
000f1a42
002a385c
000d1b3b
0010173c
00152139
00131628
0013121f
0036495f
00161b4a
00151a47
00151735
001f2049
00171d4e
00191d4e
00181845
0043434b
00454648
0047494a
00484a49
004a4a4a
00494a4a
004a4a4a
004b4b4b
004a4b4a
004a4b4b
004c4c4c
004b4b4c
004b4c4a
004c4c4a
004c4c4c
004c4c4b
004d4c4c
004c4c4b
004c4d4a
004d4d4b
004c4c4b
004c4c4a
004c4c4a
004d4d4b
004d4d4b
004c4d4b
004c4d4b
004c4d4c
004c4d4c
004d4d4d
004d4d4d
004c4d4c
004d4d4d
004c4d4b
004e4e4c
004d4d4b
004e4e4c
004d4e4c
004e4f4d
004e4e4c
004e4e4c
004d4e4c
004f4f4c
004f4f4c
004e4e4c
004e4e4c
004d4e4c
004e4f4d
004f4f4d
004f4f4d
004e4f4d
004f4f4d
0050504e
0050504e
0050504e
0050504e
0051514f
0051514f
0051514f
0051514f
00515250
0052524f
00525250
00525250
00535452
00535351
00535351
00535450
00535450
00535450
00545651
00555652
00545651
00555652
00565753
00565753
00565653
004b4b4a
004f4f4d
0051514f
0050514f
00525250
0051534e
0051534e
0052534f
00535550
00545551
00545651
00555652
00555652
00575753
00595954
005c5b56
0061605a
0065655e
00707169
007e7f7a
007f7f7e
007d7e7f
007f7e7e
00433a39
007f7f7f
007f7f7d
0078716c
0066605b
005f5955
00747f7e
003a2922
007f7e7e
007e7f7f
007d7f7f
007f7f7e
007d7f7a
0073756b
00696760
0065655d
0062625b
005f5f5b
005c5c58
00595955
00575854
00585753
00565551
0052544f
0052524e
0050524d
004f514c
004f4f4c
004e4e4c
004c4c4a
004c4c4a
004b4c4a
004a4b49
004a4b49
00494a48
00494947
00484947
00474846
00454743
003f4544
00202035
00201938
002c293a
00141227
00171332
00131030
00100c2a
00100d26
00110b1c
001b1a29
00181b27
0013172e
00101531
000b1634
00111b41
000e1b3d
00101e3e
00111e40
00111f42
00141f37
00101d30
0009162c
00112035
000a1a2e
000f2238
000e223a
000e1d37
00141633
002e3032
00282d32
00161626
000e0819
000a0913
0013191f
0014232d
0012212e
00182833
000b2430
000f1a2c
000e1929
000f1a25
0010191f
00101724
000e1826
00111928
000f1825
000f1c29
00151f2c
002d2929
000d0b08
00262424
00292728
00323030
00353534
00363635
00353433
00323231
00323232
003c3d3c
002e3030
000c0708
00242a2d
000e1921
000d171f
00273f43
0017262c
00202424
00292a2b
002f2f2f
003e3f3e
00404241
003e403e
003e3e3c
003c3f3c
003b3b3a
00383939
003e403f
00414342
00404240
00414140
003c3f3e
003e403d
003f4140
003f4141
003f4240
00393c3c
00252734
00181e4a
00131743
00141c46
00223454
0018244e
00141d49
00171d4b
00161c49
00151b48
00141b47
00151c48
00171c4a
00191e4d
00181c4d
00161a4b
00171c4c
000e1748
00283b5c
00111d44
00171c40
000a1624
002e465b
00161b4a
00141a49
00151942
00161a48
00181d4f
00181e4e
00191d4e
0045444a
00454749
0047494a
00494a4a
00494a4a
004a4b4b
004a4b4b
004a4b4b
004a4b4b
004a4b4b
004b4c4b
004b4c4b
004c4c4a
004b4c4a
004b4c4b
004b4c4b
004c4c4c
004c4c4b
004c4c4a
004c4c4a
004b4c4a
004c4c4a
004c4c4a
004c4c4a
004d4d4b
004d4d4b
004d4d4b
004c4d4c
004c4d4c
004c4d4c
004c4d4c
004c4c4b
004c4d4c
004d4e4c
004e4e4c
004e4e4c
004e4e4c
004d4e4c
004e4e4c
004e4e4c
004e4e4c
004d4e4c
004d4e4e
004d4e4e
004d4e4c
004f4f4d
004e4f4d
004f4f4d
004f4f4d
004f4f4d
0050504e
004f504e
0050504e
004f504e
0050504e
0050514f
0051514f
0051514f
00515250
00525351
00525250
0052524f
00515251
00525250
00515250
0052524f
00535350
0052544f
00535451
00545551
00545651
00555552
00575754
00565653
00565753
00575954
00565754
004f4f4e
004f504e
0051514f
00525151
0052524e
0051534e
0051534e
00535450
00545551
00545651
00555652
00555752
00565652
00585854
005b5a55
005d5d57
0063635d
00696962
00767870
007e7f7d
007f807e
007c7f7f
004e4141
00433e3d
007e7f7f
007f7f7d
00736c66
00615c58
00575551
00756f6e
00494a41
00724b4e
007f7e7e
007e7f7f
007f7f7f
007f7f7b
00717369
0067675f
0066655f
0064635e
005f5e59
005d5b57
005b5955
00565854
00575652
00555551
0052534f
0053534f
0050514d
004f514c
004f4f4c
004d4e4b
004c4d4b
004b4c4a
004b4c4a
004b4b49
004a4b49
00494a48
00494a48
00484947
00484846
00484745
00444643
00272a35
002b2738
001e1a2f
001a152c
001b1436
00151234
00100c2b
000f0b2a
00130d28
001b1828
00161d24
000f1836
000c142c
0011193d
000e1b43
00101939
00101937
00111c3e
00132041
00131d33
00101e30
000c1d33
00102034
00101e32
00101f33
00102339
000b1731
0008081f
002d2e30
001d2125
00060a17
00090613
000f0e19
001b2226
0013252c
0011212c
0014232e
00122530
000e1b2c
000f1a2a
00101929
000e1825
000d1625
000e1725
000d1926
00111e2a
00111f2c
00172027
002f2e2e
00333231
002d302d
002e302e
00332f2d
00353533
00383735
00393937
003a3a38
003a3939
00393939
00373735
00343534
00353b3d
00101921
0007191f
0011272f
000d151a
00242626
002c2d2d
00383838
003f413e
00414442
0041403f
00454846
00463737
00424141
00383a39
00424240
00414341
0040423f
003f4041
00403f3d
00434242
004f4b4d
00574c53
00524d50
003e4041
001f2131
00171d4a
00172d45
00152151
00141a4c
00161b4e
00181c4c
00181c4a
00161b48
00151b48
00141a44
00131a48
00171b4a
00171c4a
00151b4c
00161b4d
00151b4d
00181c4f
00171d52
00141e4d
00182545
0001071a
001c3a46
00171d4a
00151a48
00131a49
00161a4e
00181c50
00191e50
001b1f50
00474648
0045474a
00474949
00494a4a
00494a4a
004b4b4b
004a4b4b
00494b4b
004a4b4b
004b4b4b
004a4b4a
004a4b4a
004a4b49
004b4b4a
004b4c4b
004b4c4a
004d4c4c
004c4b4b
004c4c4a
004c4c4a
004b4c4a
004b4c4b
004c4c4a
004c4d4b
004d4d4b
004c4e4c
004c4d4c
004c4c4a
004c4d4c
004d4e4c
004d4d4b
004d4d4c
004d4d4b
004e4e4c
004e4e4c
004e4e4c
004e4e4c
004e4e4c
004e4e4c
004e4e4c
004e4e4c
004e4e4c
004b4e4c
004c4f4c
004f4f4d
004f4f4d
004f4f4d
004f4f4d
004f4f4d
004f4f4d
004e4f4d
0050504e
0050504e
0051514f
0050514f
0051514f
0051514f
00525250
0051514f
00525250
00525250
00525250
0051514f
00515250
00515250
00525350
0052524f
0052544f
00545552
00545651
00555652
00565653
00565652
00565653
00565753
00575954
00575854
00565754
004f504d
0050514e
0052524f
0052524f
0052534f
0052544f
00535550
00555652
00575753
00575753
00565652
00585854
005a5955
005d5c57
005f5f59
0063645e
006d7068
007d7f78
00807f7f
007f807e
007b7e7d
004f4040
007c7d7c
007d807f
007e7b77
0067615b
005d5955
00585551
00675d59
007c8079
00553130
007d7d7c
00807f7f
007f7f7f
007e7f79
00707268
00676760
0066655f
0064635e
005f5f59
005c5c58
005a5955
00575854
00575753
00555551
0052544f
0054534f
0050514d
0050514d
004e4f4b
004d4f4b
004c4d4b
004c4d4b
004c4c4a
004c4c4a
004b4b49
004a4a48
004a4a48
00494a48
00484947
00474846
00454643
00383e3f
00211e35
001a172a
001c1634
001a1438
00171436
000f0d28
000d0a25
000f0b24
00130d1d
00101620
00111938
000c142c
000b1532
000f1c41
000e1834
000b172f
00111d3c
000d1a35
00111d34
000e1e30
00102037
00102033
00101f31
00111f31
00122137
00131f3a
000f0e24
002d2d30
002e3334
00192129
000b0812
00110f18
0015191f
0014262d
0013252e
00152730
00132630
00101c2a
00121a28
00141a27
000e1a27
000f1b28
000f1b28
000d1c28
0010212d
0013202d
0023282c
002a2a2a
001b1816
00161210
0024221f
0035312e
003b3735
003b3a38
003a3937
00393836
00373634
00373634
00383737
00312e2f
00313838
000c1720
0018333b
0031464d
001c1c21
00232526
002b2c2d
00383939
00424441
003f413f
00372a2a
001e171b
002c3338
001a1a1d
002d2d32
0039363b
00414341
0040423f
003d3e3d
003a363f
0010071e
003e3a49
001d1433
001b102f
00130a21
0016162b
00151c4b
0010194a
00171b4f
00181b4f
00151d4e
00171c4c
00171b4b
00151b49
00141a49
00151b48
0014173b
00161a47
00161a4b
00151b4c
00151a4c
00161b4d
00161b50
00161d51
00171b51
00131b4a
0020394b
00233b4a
00181d4d
00161b4a
00151b47
00151b4c
00181c50
00171c4f
00191c50
00434449
00434548
0046484a
00474a4a
00494a4a
004b4b4b
004a4b4b
00494b4b
00494b4b
004b4b4b
004a4b4a
004a4b4a
004a4b4a
004b4a4b
004b4b4b
004b4b49
004a4b4a
004b4c4b
004c4c4a
004c4c4a
004b4c4b
004b4c4b
004c4c4a
004c4c4a
004c4d4b
004b4d4b
004c4d4d
004d4d4b
004d4d4b
004c4d4b
004c4c4a
004d4d4d
004c4d4b
004e4e4c
004e4e4c
004e4e4c
004e4e4c
004e4e4c
004e4e4c
004e4e4c
004e4e4c
004e4e4c
004f4f4d
004e4e4c
004f4f4d
004f4f4d
004f4f4d
004f4f4d
004f4f4d
004e4f4d
0050504e
0050504e
0050504e
0051514f
0051514f
0051514f
0051514f
00515250
0051514f
0051514f
00515250
00515250
0051514f
0051514f
00515250
00525250
0052534f
00545450
00555452
00545651
00545651
00555552
00565652
00555552
00555752
00575954
00575854
00585854
004d4d4b
0051514d
0052524e
00535350
0052544f
00535450
00545651
00555652
00585854
00585854
00575753
00595955
005c5b57
005e5d58
0062615c
00676761
0073766d
007d7e7a
00807f7e
007f7f7f
006f6567
003f3837
007e7f7f
007d7f7d
00796f69
0064615a
005a5753
00555450
005e5550
007e7a77
00332b24
007c7271
007d7f7c
007d807f
007f7e78
006f7168
00686762
0067655f
0063635d
005f5f59
005d5c58
005b5955
00595854
00555752
00565652
00555551
0053534f
0051524e
0050524d
004f504c
004d4f4a
004d4f4b
004d4d4b
004c4c4b
004c4c4a
004c4c4a
004b4b49
004a4b49
004a4a48
00484947
00484846
00474745
00414545
00232730
001d1834
00191636
001b1539
00171333
00110e29
000b0a1d
000c0919
000d0714
000e182c
00121c3f
00101e3f
00101c3d
000e1b40
000c1531
000f1834
00132142
00111d36
00102337
000a1c30
00102337
00121e34
000f1b30
00101f34
0019253c
00101937
000e1026
0027282c
002a2e33
001b1f23
000a0812
00111218
00212c2f
0015262e
0012262f
0010262e
0013262f
0018222d
000a0918
000f0a19
0010212a
0012212e
0011222d
0010232a
0013232d
000f232d
002a2d2e
002f292a
002a2827
00282424
002e2a29
00353432
003c3634
00373432
00393737
003a3a38
003b3a38
003a3a38
003a3b3a
00333131
00283031
001a2c30
00475d63
001c2d32
00212324
0027292b
002b2d2e
00414544
00404240
00392c2e
002a3638
000f252c
00182833
001d212e
001b1f2b
003c3f44
003e403d
003d3e3e
003d3c3b
002f2d3d
00211a30
00303037
0018112b
00110925
00160d33
00161232
00141c49
00161c4d
00181c50
00181c50
00171c4f
00171b4c
00141a49
00161a49
00141a46
00161b40
00110b17
00151531
00131b4b
0013194c
00171b4c
00181b4e
00161c50
00171c51
00181c52
00181b4f
00141a49
001b2b51
00151b4c
00151b4a
00151b47
00161b4b
00171c4f
00171c4f
00181d50
003e4247
00414447
00464749
00474949
00474a49
00484a4a
00484a4a
00484b4a
00484b4b
00484b4a
00484b4b
00494b4b
004b4b4b
004b4b4b
004b4b4b
004a4b4a
004a4b4b
004a4b4b
004c4c4d
004b4b4c
004b4b4c
004b4b4c
004b4b4c
004c4c4a
004c4d4b
004b4c4b
004b4c4d
004b4b4b
004c4d4b
004c4c4a
004c4d4b
004c4c4b
004d4d4b
004d4d4b
004e4e4c
004c4e4c
004c4e4c
004e4e4c
004e4e4c
004e4e4c
004e4e4c
004e4e4c
004e4f4d
004e4f4d
004f4f4d
004f4f4d
004f4f4d
004f4f4d
004f4f4d
004f4f4d
0050504e
0050504e
0050504e
0050504e
00515250
0051514f
0051514f
0051514f
0050504e
0050504e
0050504e
0050504e
0050514f
00525250
0051534f
0052534f
0052544f
00555453
00545451
00545651
00545651
00545651
00555652
00535450
00545551
00575854
00585955
00585a55
0051514e
0050504f
00535350
0053544f
00545551
00545551
00555752
00565753
00575854
00575854
00585955
00585752
005f5e59
00615f5a
0065645e
006b6c65
007b7d78
007d7f7d
00807f7f
007c7f7f
00493d3d
0070706f
00807f7d
007f7f7b
00706762
00605d57
00585652
0055534f
005a4f4b
00706562
0072756f
006f3f42
007f7f7f
00807e7e
007a7c75
006f7168
00676661
00676560
0063635d
0060605a
005d5c58
005a5955
00595854
00575753
00565652
0054534f
0053534f
0051534e
0050524d
004f514c
004e504b
004e4f4b
004d4e4a
004e4d4c
004c4c4a
004c4c4a
004b4b49
004a4b49
004a4b49
00494a48
00484947
00484846
00444645
002e3838
001d1d2e
001b1735
00191535
00171333
0014102f
000b0b1c
000b0918
000b0611
00151b38
00171f37
00111e3e
00101a3d
00131e3f
000c1433
000d1b39
00121f3e
000f1d35
0013233a
000c2137
000d2338
00162a40
000e1e33
0014253c
00091732
000d1736
000d1028
002b2831
00292d31
001f2327
000c1017
000e1219
0017242c
0014252d
0013252d
0012262f
0014262e
0018181f
0015141c
00141721
0010252d
00112730
00112730
00172d35
0013252e
0013232e
002a2c2d
002d2c2c
002d2c29
002b2d29
002a2c29
00282725
001a0f10
001e1415
00302e2c
003c3a38
00363533
0032302d
00373936
00353333
00272c2b
000e1820
000f2427
000d1b21
00242626
00292b2d
002c2e2e
00494a47
003c3a3a
00302a2f
000d1520
002a3245
00283042
00161c2e
002e3245
00363840
00414240
003a3c3c
00373a3a
000e0e1b
0022152d
0017151d
00211635
00100c20
001c1734
000b062a
00151b48
00171c4d
00181c50
00181c50
00171c4f
00161a4c
00141a49
00151b49
00151a47
000c0a1f
00161c24
000c0c14
00181b43
00161b48
0012194a
00171b4d
00161b4e
00171a54
00181c52
00181b50
00171b4c
00171c4d
00151c4c
00161b4a
00151b47
00151a4a
00171c4e
00171c4f
00181b4e
00484b55
00424547
00464749
00474949
00484a4a
00484a4a
00484a4a
00494b4b
00494b4b
004a4b4b
004a4b4b
004a4b4b
004b4b4b
004b4b4b
004b4b4b
004a4b4a
004a4b4b
004a4b4b
004b4b4b
004b4b4b
004a4b4b
004a4b4b
004a4b4b
004b4c49
004b4c49
004b4c4b
004b4c4c
004c4c4c
004c4d4b
004c4d4b
004c4d4b
004d4e4c
004d4d4b
004d4d4b
004e4e4c
004c4e4c
004c4e4c
004e4e4c
004e4e4c
004e4e4c
004e4e4c
004e4e4c
004e4e4c
004e4e4c
004e4f4d
004f4f4d
004f4f4d
004f4f4d
004f4f4d
004f4f4d
004f4f4d
0050504e
0050504e
0050514f
0050514f
0051514f
0050504e
0050514f
004f504e
0050514f
0050504e
0050504e
0051514f
0051514f
0051534e
0052544f
0052544f
00535350
00545451
00545651
00545651
00555652
00545651
0052544f
00535550
00575854
00595a56
00595a56
005a5a57
0050504f
00535351
00555551
00555652
00555752
00565753
00575854
00585955
00575954
00585a55
004f504c
005d5e59
0063625d
00666761
0072736b
007d7e7a
007e7f7d
007f7f7f
007f7f7f
00524142
007d7e7d
007f7f7d
007d7570
0069635e
005f5a55
00575550
0054514e
00594c49
00675956
007e7f7e
00412821
007f7d7c
007e7f7f
00787870
006e6f67
00686761
00666560
0063625d
005f5f59
005d5c57
00595955
00595854
00585753
00555552
00545451
00535350
0051524f
0051524e
0050524d
004f504c
004f504d
004d4e4c
004e4e4a
004d4d4b
004c4c4a
004b4b49
004b4b49
004a4b49
004a4a48
00494947
00484947
00484845
003c4443
001e212f
001c1735
00191534
00171331
00171130
000c0b1e
000a0818
000b0817
001e1c33
00271f23
00171824
000f192c
00121e40
000f1f43
00112045
00131e39
000f1c30
0013243a
000b2035
0013243b
000e2439
0012263d
0013253b
00131d38
000f1734
000c1127
001e1a2d
0022282b
00191f21
000e1318
000d141e
0012232f
0013232b
00102129
0012232c
0013252f
000d0f1d
00110c19
00171721
00121e2a
0010212e
0011232e
0012242e
0013242d
0012222d
002d2e2e
002e302f
002a2a27
001e1a18
00201716
002e2e2c
00313432
002f312d
00323230
00353130
003a3937
00393a38
00353131
00312929
002a3337
000f1920
001d2c34
001a2427
00292a2b
002c2d2f
00353737
00313234
003f424b
00080a1c
00050e1c
00121729
000c1321
00161c31
001b232c
003d4342
00393a39
00383b3a
00393a39
00343a39
00363a3e
0019141c
00140f1a
000d0512
000b0823
0009072d
00151a4e
00171d4e
00181c50
00181d50
00171b4f
00141a4b
00141a4a
00141a48
00141944
00100a19
0018343b
000d0913
001e1c35
0009030e
000d0516
001e1d46
0015194d
00151c51
00171c52
00171b50
00151b4d
00171b4c
00161c4c
00151b4a
00151a47
00141a49
00171d4e
00181d4e
00181e4e
00454860
00434548
00464749
00474949
00474a49
00484a4a
00484949
00484a4a
00484b4a
00474a4a
00484b4a
00484a4a
00484949
00494a4a
004a4a4a
004b4b4a
004b4b4a
004a4b4b
004a4b4c
004a4b4b
004a4b4b
00494a4b
00494a4b
004b4c4c
004b4c4c
004b4c4c
004a4c4b
004c4c4b
004c4e4c
004c4e4b
004c4d4b
004c4d4b
004d4d4b
004d4e4c
004e4e4c
004e4e4c
004c4e4c
004d4e4c
004e4e4c
004e4e4c
004e4e4c
004e4e4c
004e4e4c
004f4f4d
004f4f4d
004f4f4d
004f4f4d
004f4f4d
004f4f4d
004f4f4d
004f4f4d
0050504e
0050514f
0050504e
004f504e
0050514f
0050504e
004f4f4d
004f504e
0050504e
004f504d
0050514e
0051514f
00525250
0052534f
0052544f
0052544f
0053534f
00555552
00545552
00555652
00575753
00565552
00555451
00565853
00585956
005a5b57
005a5b57
005a5a57
004f504e
00535352
00555552
00555752
00565853
00565853
00575954
00575954
00595955
005b5a56
005d5c58
005e5e5a
0064645e
00696b63
00787973
007e7f7c
007f7f7d
007d7d7d
004d3f41
003e3b3b
007e7f7f
00807f7d
00776c68
0063605b
005a5852
0055544f
0052504c
004e4b47
005a524f
007a706e
0044443c
00704e54
007b7e7e
0071746d
006d6e66
00686761
0066655f
0063625c
005f5f59
005d5d58
005a5a56
00575753
00575652
00555452
00545351
00535350
00535350
0052534f
0050524d
004f504d
004f4f4d
004f4f4c
004e4e4d
004d4d4b
004d4d4b
004b4c4a
004b4b49
004b4b49
004a4a48
00494947
00494947
00484946
00424644
001e232e
001b1933
001b1535
00191433
0016112e
00121027
000d091a
000d1128
001c1929
001b1217
002b262a
00161016
00181f31
00142041
000f1f42
000c1931
00121c2f
00101d30
000e2238
00081f36
000f2439
000e2439
00152a3e
00131a35
000f1431
000d132c
00111022
001f242b
0014171a
000e151c
000d1923
000e222d
0012232c
00112028
00132028
0013242d
0014262e
00131321
000f1122
00121f2b
000f1c2a
00101d2b
0011212c
0012232d
0017212c
00343633
00353635
00363331
002f302e
002f2f2d
00313230
002b2826
00383935
003b3a38
003a3836
00363634
00373535
00333535
00323332
00262f32
000c1821
00121a20
00242929
002d2f2f
002d2f30
00414342
002b2d32
003d4651
000e1221
0026272d
001c2028
001d232b
0017232c
000f1314
00353838
00383a3a
00393b3b
003c3f3d
003d3f3c
003c3e3d
003a3f3e
00373d3a
00394240
003b4140
0005062a
00161a4b
00171c4f
00181c50
00171b4f
00161b4e
00151a4b
00151a4a
00131946
001c1e3c
00110a15
00102f37
000e0b15
000b0a14
00000209
0000020b
00070717
00171b4a
00171b51
00171c51
00171b51
00151a4c
00161a4b
00161a4b
00161b49
00151a47
00141a48
00191d4d
00191d4d
00181f4e
002d2f4e
00424447
00454648
00464848
00474949
00484a4a
00484949
00474a49
00494a4a
00484a4a
00474a4a
00484a49
00484949
00494a4a
004a4a4a
004a4a4a
004c4b49
004a4b4b
004a4c4b
004a4b4a
004a4b4a
004a4b4a
004a4c4b
004a4c4c
004a4c4c
004b4c4c
004a4c4a
004c4d4c
004b4d4c
004b4d4b
004d4d4b
004d4d4b
004d4d4b
004d4d4b
004e4e4c
004f4e4c
004d4e4c
004d4e4c
004e4e4c
004e4e4c
004e4e4c
004e4e4c
004e4e4c
004e4f4d
004e4e4c
004e4e4c
004f4f4d
004f4f4d
004e4e4c
004e4e4c
004e4f4d
004f4f4d
004f4f4d
004f4f4d
004f4f4d
004f504e
004f4f4d
004f504e
0050504e
0051504e
0051514d
0050524d
00515250
00525351
0052534f
00535350
00535350
00545351
00545451
00545651
00545651
00555752
00565653
00575855
00575954
005a5a57
005b5c58
005b5d58
005c5d59
00525351
00535453
00555753
00565853
00575854
00575954
00585a55
00595955
005b5a56
005d5c57
005f5e59
0061625d
00676661
0070716a
007f7f7b
007e7f7d
007f7f7e
007f7e7f
00554547
007c7f7e
007e7f7f
007d7b76
006b6460
005e5c57
005a5652
0054514f
00514e4c
004a4745
00524c48
006c5d59
007e7f7c
004f2221
007e7e7d
007e7e7a
006d6d66
00686761
0066655f
0062615c
00605f5b
005e5d5a
005b5a56
00595854
00585653
00555551
00545351
00545351
00535250
0051534e
0051534e
0050514d
004f4f4c
004f4f4d
004e4e4c
004e4e4c
004d4d4b
004c4d4b
004c4c4a
004b4b49
004a4b49
004a4a48
004a4947
004a4846
00454847
00373e3f
001c1c2f
001c1733
001a1532
0018142e
0015102f
000b0a1b
00111939
00171935
001d192a
00190e14
002b2226
00241a1b
0015151f
00162142
00102038
00102238
000d1b2f
000d2036
00162a40
00142f45
000c2238
0014263b
00070722
0012142d
000e132d
000d0e1d
001e1926
000b0c0f
000d141f
00111827
0010232c
0014252f
00112029
0012222a
0013262e
00132730
00142931
0010252e
0010252d
0012262f
000f202b
0013232e
0010242f
0024262b
00363230
00323131
00302d2d
00262523
00353333
00282725
0033312f
00343330
003b3836
003b3a38
00393a38
00383a38
00393a38
003a3938
001e2c33
000d1823
000f171b
002c2d2d
002f3231
00303332
00464644
0029292f
001b2434
00222524
0024221e
00221921
00373736
001a2830
00434447
00373a3a
00393c3b
003c3e3c
003f403e
0040413f
003b3e3c
003b3e3c
003f423f
00414342
003e4040
00010119
00161b4c
00171c4e
00171b4f
00171b4f
00161b4e
00151a4b
00151a48
00141b44
000f0b12
000e0912
00183b40
00081921
00122e37
00093741
000c3943
00050714
000f102c
00171b4f
00181b53
00171c50
00161b4c
00161a4b
00151a4a
00151b49
00141a47
00151b47
00181d4f
00191e4d
00191e4f
00131538
00424446
00454749
00464749
00474a49
00494a4a
00484a4a
004a4a4a
004b4b4b
004b4b4b
004a4b4b
004a4b4b
004a4b4a
004a4b4a
004b4b4b
004b4b4b
004b4b49
004b4c4a
004c4c4c
004b4b4a
004a4b4a
004a4c4b
004a4b4a
004b4c4b
004c4c4b
004c4c4a
004c4c4a
004d4d4b
004d4d4b
004d4d4b
004d4d4b
004d4d4b
004d4d4b
004d4e4c
004e4e4c
004e4e4c
004e4e4c
004e4e4c
004e4e4c
004d4e4c
004d4e4c
004e4e4c
004e4e4c
004e4e4c
004e4e4c
004e4e4c
004e4f4d
004e4e4c
004e4e4c
004e4e4c
004e4e4c
004d4e4c
004e4f4d
004e4f4d
004f4f4d
004f4f4d
004f4f4d
0051504e
004f504f
0051514f
0050514f
00515250
00525250
00515251
0052524f
00535350
00525351
00535351
00545452
00545651
00555652
00555753
00565853
00575954
00585a55
005a5c57
005b5d58
005d5e5a
005d5e5a
005e5e5c
00545452
00565853
00575954
00575854
00575954
00585a55
00595a56
005d5c58
005e5d59
0061605b
0065645e
006a6b64
0076786f
007f7f7c
007f7f7f
007b7f7e
00716767
003d3736
00807f7f
007d7e7d
00776f6a
0066615c
005d5955
00585551
00524f4b
00504d49
00484643
004c4945
005e5651
007f7e7b
0030281d
007c6e6e
007f7e7c
006c6c64
00686761
0066655f
0062615b
005f5e59
005e5d58
005c5b57
005a5955
00585554
00555552
00545351
00545351
00545250
00545250
0053524e
0051514e
0050504e
004f4f4d
004f4f4d
004e4f4d
004d4d4b
004d4d4b
004c4c4a
004c4c4a
004a4b49
004a4a48
004a4a48
004a4947
00474847
00424646
001e2431
001b1834
00191531
00181332
00161134
000d0d26
000f1a3e
00101936
00121734
001a182b
00221924
001d0f12
00231d1b
00171f3d
00132841
0010233b
000d2139
00122c43
00173046
00001129
00183049
0006152d
00100b22
00141329
000d132e
00090c1e
00100e1a
000b0d12
000e0e22
00120d2d
000d0e28
00142131
0013242f
0012252f
0011252e
00102630
00122830
0010262f
0011252e
0012262f
00132b34
0012262f
0012232e
0026292b
001b1715
001e1314
0032302e
00333433
002f3330
00282a28
00302d2b
00181212
00363231
00403c3a
00373635
00353534
00343332
003a3839
00182b32
000f1923
0026292b
002e3130
00303332
00393c3a
003c3e3c
00242626
0015212a
00142023
0014211f
00151f25
0011171b
001e272f
00343737
00373a39
00353837
003d403e
003f4140
003e403d
003d3e3d
003f423f
003f4240
00404241
003a3c3e
0003041d
00141b4b
00161b4e
00161b4f
00171b4f
00161b4d
00141a4a
00151a49
00171944
0005050d
0000050e
001a2931
000f3940
00103641
00103843
0006343e
001d3c46
000e091c
00161b50
00171b53
00161c50
00161b4d
00151b4b
00151b4b
00151b48
00141b47
00141b47
00181d4e
00191e4e
00161e4e
00171845
00444548
00464749
00474949
00474a49
00494a4a
004a4b4b
004a4b4b
004a4b4b
004b4b4b
004b4b4b
004b4b4b
004a4b49
004a4b4a
004b4b49
004b4b49
004b4b49
004b4b49
004b4c4a
004c4c4b
004a4b4b
004a4c4b
004a4c4b
004b4c4b
004c4c4b
004c4c4a
004c4d4b
004d4d4b
004d4d4b
004d4d4b
004d4d4b
004d4d4b
004d4d4b
004d4e4c
004e4e4c
004e4f4d
004e4e4c
004e4e4c
004e4e4c
004e4e4c
004c4d4b
004e4e4c
004d4d4b
004e4e4c
004e4e4c
004e4e4c
004e4e4c
004d4e4c
004d4e4c
004d4d4b
004c4d4b
004c4d4b
004e4e4c
004d4e4c
004e4f4d
0050504e
0050504e
0050504e
0050504f
0051514f
0050514f
0051514f
00525250
00515250
0052524f
00525250
00525350
00535451
00545553
00545552
00555652
00565752
00575854
00595955
005a5b57
005b5c58
005c5e59
005d5f5a
005e605b
005e5f5c
00525250
00565853
00585955
00585955
00585955
005a5a56
005c5b57
005e5e5a
0060605b
0061615c
00676761
006e7068
007e7f7a
007f807d
007f7f7f
007f7f7f
00524242
00767574
007f7e80
007f7f7c
00706762
00625d59
005a5754
0055524f
00504d4a
004e4b48
00464341
00474542
00564f4c
00736663
0070736d
00532627
007c7f7e
00716f6a
00696761
0065645f
0062615b
00605f59
005e5d57
005c5b57
005a5955
00585753
00545550
00535452
00545351
00555351
0053514f
00545250
0052514f
0052514f
004f504d
004f4f4d
004e4f4d
004d4d4b
004c4d4b
004d4d4b
004c4c4a
004b4b49
004a4a48
004a4a48
00494947
00484847
00474747
002d353a
001c1a33
001a1534
00171432
00141130
000f1132
000e1c42
00101b3c
000d1633
00151a37
00171831
001a1924
001a141f
000c1632
000d253c
0011243c
000f253c
000e2338
00112942
0013314a
00162c41
0018203c
000e0a1f
00181627
000f132b
000c1024
000d0b18
000f0e1a
00100b26
00110d2c
00120c30
00120c30
000e102b
00172334
0011242f
000f262d
0011262f
0011242f
0010252f
0011252e
0012262f
0011272f
0013252e
002d3030
000e0102
00413434
00464441
00262220
00383735
003d3b39
00393937
00343333
002f312e
002b2425
00262323
003c3b3a
001b1516
0041413f
00132832
000f1920
002b2e2d
00303332
00323534
00343635
00353937
002e302f
00232b2f
0014272f
0013252d
00192a32
00121e26
00040707
00343837
00282e2d
003a4040
003f3f3e
00393a39
00414140
003c3f3d
00414342
003f4241
00404342
00393b3f
000e0c2a
00151a4d
00171b4f
00171b4f
00161b4e
00151b4c
00151a4a
00151a48
00131b45
00050309
0018363e
000f0f16
001a3940
000f3a43
002d414b
0000010c
000f363e
00100c17
00141a4e
00161c53
00161c51
00171b4f
00171b4d
00171d4d
00151a48
00151c47
00151c47
00191e4f
00191e4e
00171d4f
001c1e4e
00434547
00464749
00474949
00484a4a
00494a4a
00494b4b
00494c4b
004a4b4b
004b4b4b
004b4b4c
004a4b4a
004b4b49
004b4b4b
004b4b49
004b4b49
004a4b4a
004b4b4a
004a4b49
004b4b4a
004a4a4a
004b4c4b
004c4c4b
004b4b4a
004b4c4b
004c4d4b
004d4d4b
004d4d4b
004d4d4b
004d4d4b
004d4d4b
004d4e4c
004d4e4c
004e4e4c
004e4e4c
004e4e4c
004e4e4c
004e4e4c
004d4d4b
004d4d4b
004d4d4b
004e4f4c
004e4e4c
004d4e4c
004d4e4c
004d4e4c
004d4e4c
004d4d4b
004d4d4b
004d4d4b
004d4d4b
004d4d4b
004d4d4b
004f4f4d
004f504e
0050504e
0050504e
0051514f
0051514f
0051514f
0051514f
00515250
00525250
00525351
00525250
00525250
00535351
0052544f
00545552
00555653
00555653
00565754
00575855
005a5a56
005a5b57
005b5d58
005d5e5a
005e605b
0060615d
0060615d
00545452
00575954
005a5a56
00595955
005a5a56
005d5b57
005f5d5b
0060615c
0061615b
0064655f
00686962
0075776f
007d7e7b
007e7f7e
007f7e80
007f7a7a
00423938
007d7e7e
007e7f7d
0079746f
006a615d
005e5a56
00585552
0053504e
00504d4a
004e4b48
003b3435
00484443
004f4845
00645c55
007e7e7e
002c2218
007f7777
007f7f7d
00676761
0065645e
0062615b
005f5e59
005e5d57
005c5b57
005b5a56
005a5955
00545551
00545553
00545351
00545351
00545250
00545251
0053514f
0053514f
0050504e
004f4f4d
004f4f4d
004d4e4c
004e4e4c
004c4d4b
004c4d4b
004c4c4a
004b4b49
004a4b49
004a4b49
00484948
00484848
00414846
001c1e31
001a1733
00161332
00141130
0012173a
00111d42
000f1b3e
00121c41
000f1737
00111835
0010152d
00151d3d
000f1c34
000f233a
0011253b
000f243a
0011263a
000e273c
000f2741
001c304b
0018243b
000c0b1c
0014101e
00111323
000b0f23
000c0a17
00090817
0006071d
000f0c2b
00110d30
00120d33
00130d33
00130d33
000e0d2a
00151b30
00152331
000e242e
00102730
0011262e
0010252e
0012252e
0017272f
00343639
0023292c
00080a0b
00090100
000e0000
00120506
00413536
003a3a38
00383937
003a3937
003a3a38
00393936
00323534
00303231
00353737
00132a33
00171e24
002e2f2f
00303334
00323335
00373a39
00323634
002c3231
001b1c1c
00070b0c
00010308
000e1517
00262629
00363938
00373b3b
002c3534
00303939
00333736
00262c29
003c4241
002d3630
00292e2e
003a3d3b
003e4141
0037383c
0012122f
00161a4d
00161a4e
00171b4f
00151a4d
00141a4b
00151a49
00151a48
00151844
000e0b12
00000209
000e1820
0009050d
0000020c
000a0813
000b0b13
00284048
00100f1a
00131b4c
00161c53
00161c51
00161b4c
00171c4b
00141a4a
00181c4c
00171b47
00161b46
00191e4e
00181d4d
00171c50
001a1f50
00434448
00454648
00464948
00484a49
00494a4a
004b4b4b
004a4b4b
004a4b4b
004b4b4b
004b4b4c
004b4b4a
004b4c4a
004a4a4a
004b4b4b
004b4b4b
004a4b4a
004a4b4a
004a4b4a
004a4b4a
004a4b4a
004c4c4b
004c4c4b
004c4c4b
004b4b4a
004c4c4a
004d4d4b
004d4d4b
004d4d4b
004d4e4c
004d4e4c
004e4e4c
004e4e4c
004e4e4c
004e4e4c
004e4e4c
004e4e4c
004e4e4c
004d4e4c
004d4d4b
004d4d4b
004d4e4c
004d4d4b
004d4d4b
004d4d4b
004d4e4c
004d4d4b
004d4d4b
004d4d4b
004d4d4b
004d4d4b
004e4e4c
004e4f4d
004f4f4d
004f504e
0050514f
0050504e
0050514f
0051514f
0051514f
0051514f
0051514f
00515250
00515250
00525250
00525250
00535351
00535550
00545552
00565652
00565653
00585755
00585956
005a5a56
005a5c58
005c5d59
005d5f5a
0060615d
0061635e
0062635f
00646462
00585955
005b5b57
005a5a56
005b5c58
005e5d59
0053524f
005f615b
0064625c
00666761
006e6f69
007d7e76
007f807d
007f7f7e
007f7f7f
00513e41
00504f4d
007d7e7e
007f7f7d
00766c66
00645f5b
005b5853
00565350
00514f4b
004f4c49
004d4a47
001b0b0c
00433d3d
004e4744
005d534f
0079726e
0051544a
00622a2d
007b7e7d
00636660
0063625d
0061605b
005f5e58
005e5d59
005c5b57
005b5a56
00595854
00555752
00545452
00545351
00555351
00545250
00535151
0053514f
0053514f
0051514f
0051504e
004f4f4d
004f4f4d
004e4e4c
004d4d4b
004d4d4b
004c4d4b
004c4c4a
004b4c4a
004a4b49
004a4a48
004a4a48
00454845
00252d34
001a1735
00181332
0015122f
00131b40
000a1437
000f1631
000f1637
00132044
00121c3d
000c1635
00131e41
00162b44
0011243d
000e233b
000f233b
00102a42
0010263a
000d263d
00132640
00252b39
00141a27
00120f1d
00131120
000e0f21
000b0b1b
00130e19
00110e12
00313339
00090f27
00100d34
00110c37
00130c34
00130d31
00130e30
00110c2e
00242e43
002b444a
00152d37
00142a31
0010262e
0016262d
002d2b2e
002f2f2f
00272a2b
00222627
002d3332
002d302c
000c0a0a
00150102
002a1617
0049403e
003d3d3b
003b3939
00373936
00373636
002c3232
00122b33
0021282b
002b3132
00303335
002f3133
00393e3b
00353a38
002d3433
00343938
00353939
00353938
00373a39
00363a39
00373a3a
00363c3b
003b4240
003a423e
002b3633
0033423f
002b3837
0039413e
002c3737
00333735
003a3d3f
0026272c
00121333
0016194c
00151a4e
00161a50
00161a4e
00151a4b
00151a4a
00151b49
00121847
00181a3a
00080513
0009050c
00060811
000a0c14
000b0b13
000b0913
00244149
000f0e18
00141a4b
00181b52
00161c4f
00161c4d
00151b48
00151b48
00161c4a
00151b47
00161b47
00191d4e
00171c4d
00171c4d
00161d4c
00424547
00464648
00484849
00494949
00494949
004b4b4b
004b4b4b
004b4c4b
004c4c4b
004b4b4b
004c4c4c
004a4b4a
004a4b4a
004b4b4a
004a4b4a
004c4b4a
004a4b4a
004b4b4a
004b4c49
004b4b49
004c4c4a
004c4c4a
004c4c4a
004c4c4a
004c4c4a
004d4d4b
004d4d4b
004d4d4b
004e4e4c
004d4e4c
004d4e4c
004d4e4c
004d4e4c
004d4e4c
004d4d4b
004d4e4c
004d4e4c
004d4e4c
004e4e4c
004d4d4b
004c4d4b
004d4d4b
004d4e4c
004d4d4b
004d4d4b
004d4d4b
004d4d4b
004d4d4b
004d4e4c
004e4f4d
004e4f4d
004f4f4d
0050504e
0050504e
0050504e
0050504e
0051514f
0051514f
0051514f
0051514f
0051514f
0050514f
00515250
00525250
00525351
00535351
00545450
00545552
00555654
00565755
00575755
00585a55
005a5b58
005c5c5a
005c5e59
005f605c
0060625d
0064635f
00676461
00656460
005a5a58
005b5b58
005a5c57
005d5d59
005f5f5b
005f605c
0062625d
0065655f
006a6a63
0075756d
007d7d7a
007f807d
007f7f7f
007e7b7c
004c4042
007f7f7f
007e7f7f
007c7874
006a645f
00605b57
005a5652
0056534f
00504f4b
004f4c49
004c4b47
002d2f2a
00251818
00494442
00524c48
006e5f5a
007c7d7c
003d2921
007f7e7c
007c807f
0063625d
0061605b
005f5e59
005e5d59
005d5b57
005c5b57
00595955
00565853
00555653
00545451
00555351
00545250
00535250
0053524e
0053514f
0051514f
0051504e
004f4f4d
004f4f4d
004e4e4c
004d4e4c
004d4d4b
004c4d4b
004b4c4a
004c4c4a
004b4b49
004a4a48
00494a48
00484948
00414645
001c1e2e
00181630
00131431
00111a43
00121c3e
000f1531
0010172f
000e1534
00112043
000e1e43
00162040
0010243c
0011243b
00132c43
000e273f
00102a40
00133049
00102f47
00030e28
001f1d2d
001f2631
000f0e1b
000f0a1a
000e0e1d
000b0c1a
000d0c19
000e0d0f
00130a0b
001c1a26
00272b3f
000a0d2c
00130e34
00110c33
00120d32
00110e34
00130d34
0009062b
00232f42
001b2b38
0011252e
001b272f
00302e30
00322f2f
00282828
002c292a
002d2c2a
00323331
00242726
00313735
001b2020
00050001
00120405
000f0101
00190a0c
00160c0d
00282e31
00122d34
00272c2f
002d3333
00313436
00303334
003a3d3a
00353b39
00303635
00353a39
00363938
00353a3b
00373a3b
00393a3a
003b3e3c
00404240
0040433f
0040423f
00333938
003e413e
003c3f3c
003f413f
003c413f
002d3334
0034383b
000e0f13
00161539
0015184b
00151a4e
00161a50
00161a50
00151a4d
00141a4b
00141a4a
00161a49
00131947
000b0b21
0000020d
001a424b
00254149
000c0b13
00090812
0018373d
000c0813
00181a4e
00151c51
00181c4e
00161a4a
00151b4d
00161a4b
00171d4b
00151c47
00161b46
00171d4d
00171c4d
00171c4e
00171d4e
00424449
00464648
00474848
00464948
00474a49
004b4b4b
004b4b4b
004a4b4a
004b4b4a
004b4b4b
004b4b4a
004a4b4a
004a4b49
004a4b4a
004a4b4a
004b4b4a
00494b48
004c4c4a
004c4c4a
004b4c4a
004b4c4a
004c4c4a
004c4d4b
004c4d4b
004d4d4b
004d4d4b
004d4d4b
004d4d4b
004d4e4c
004d4e4c
004c4d4b
004d4d4b
004d4d4b
004d4e4c
004d4e4c
004d4d4b
004d4d4b
00484947
004c4d4b
004c4d4b
004c4d4b
004d4d4b
004d4d4b
004c4d4b
004d4e4c
004d4d4b
004e4e4c
004d4e4c
004e4e4c
004f4f4d
004e4e4c
004f4f4d
0050504e
0050504e
0050504e
0050514f
00515250
0051514f
0051514f
0050514f
0051514f
0051514f
00525251
00525351
00535351
00545452
00545450
00555653
00565754
00575856
00575856
00595a57
005a5a58
005d5d5b
005d5e5a
005f615c
0062625e
00666561
00686561
00676762
00555552
005b5c59
005c5e59
005d5f5a
005f615c
0061625e
0064645f
00686762
006f6f68
007e7f78
007f7f7e
007f7f7e
007e7f7f
00605254
003a3433
007a7c7b
007f7f7e
00756e68
0065605b
005d5854
00595452
0054514e
004f4d49
004d4c48
004e4b47
00313030
001e1a18
00443b3c
004c4845
00605450
007e7977
0035372b
00440b0e
007f7f7f
0061605b
0062605a
005f5e58
005e5d59
005d5a56
005d5a56
00595955
00585854
00565652
00565652
00555451
00555351
00545250
0054534f
0053514f
0052514f
0052504e
0050504e
004f4f4d
004f4f4d
004e4e4c
004f4d4b
004e4d4b
004c4d4b
004c4c4a
004c4c4a
004b4b49
004a4a48
004a4a48
00494b48
00272d31
00222135
001b2137
00101f40
00101e43
000e1332
00101631
000e1530
000e1735
00111f45
000b1633
000f2339
0010243a
00082138
00112e48
00142f46
000b213b
00122f48
0019263c
000b091b
00232631
00121521
00140e1c
000f0d19
000c0c18
00100e16
000d0c0e
000d0b12
00101524
00151121
00282934
00393d50
00090b24
000c0c2f
00100d34
00130d37
00130e37
00140e33
00110e2e
000f122b
00272834
00323232
00322a2e
002c2b2c
00313334
00333333
00262423
002d2e2d
002f3432
00282a29
00272829
00393f3b
003f4545
00353637
00303132
00202f33
00152c32
002a2e2f
002e3234
00323436
002c2f2f
00393c3a
00363a38
00313837
00353939
003b3e3e
00333636
00393c3b
00191c1c
002b3130
002c312e
001f221f
00434644
001c1d1d
00393938
003c3c3b
00343637
00333532
003a3f3f
0035393b
00101015
0019173d
0015184d
00151a4e
00161a50
00171a51
0015194d
00141a4b
00151a4b
00151a49
00151a48
00090816
001f3f47
00103843
000d3943
000a0911
0016232a
001b2d38
000d091c
00171b51
00171c46
0014184a
00151a4b
00181b4a
00181d4e
00151b48
00141a46
00151b46
00181d50
00161b4c
00161c4e
00171c4f
0042454c
00444648
00464848
00474949
00484a4a
00484949
00494a4a
004b4b4b
004b4b4b
004a4a4a
004a4a4a
004b4c4a
004b4c49
004c4c4a
004c4c4a
004a4c4a
004a4c4a
004b4c4a
004c4c4a
004c4c4a
004c4c4a
004c4d4b
004d4d4b
004d4d4b
004d4d4b
004d4d4b
004c4d4b
004d4d4b
004d4d4b
004d4d4b
004d4d4b
004c4c4a
004b4c4a
004c4c4a
004a4a48
004c4c4a
004c4d4b
004c4c4a
004c4c4a
004c4c4a
004b4c4a
004b4c4a
004d4d4b
004d4d4b
004e4e4c
004e4e4c
004e4e4c
004e4f4d
004f4f4d
004f504e
004e4f4d
004f4f4d
004f504e
0050504e
0050514f
0050514f
0050514f
0050514f
0051514f
0051514f
0051514f
00515250
00515251
0052534f
0052544f
00535550
00555651
00555652
00565753
00575953
00585955
00585956
005a5b59
005d5d5b
005d5f5a
0061615d
0063635f
00676561
00696763
00696964
00686664
005b5d58
005d5f5a
005f605c
0061635e
00656460
00676661
006b6b65
0071736b
007e7f7c
007e7f7e
007f7f7f
007f7f7f
00564949
007b7a7a
007f7f7f
007f7c78
006d6560
00615c57
00595652
00575250
00524f4c
004e4d49
004c4b47
004d4945
00261518
00333830
00342627
00494443
00554c49
0072645e
00797e79
004a2a27
007d7e7d
007e7f7c
0063605b
005f5e59
005f5d59
005d5a57
005d5a56
005a5955
005a5955
00585753
00575652
00555450
00555351
00555250
0054534e
0053524f
0053514f
0052504e
0052504e
00514f4d
004f4f4d
004f4f4d
004f4e4c
004e4d4b
004d4e4c
004c4c4a
004c4d4b
004b4b49
004a4b49
004b4c49
004a4b49
00444a47
0016191f
001c1b2a
001c2438
00162341
00101c42
000f1938
000f1633
00091232
00131f44
0017233a
0010243b
000e2239
000f2037
00102d47
000f3049
0014314c
00152e47
001f293b
00101426
0021222e
00131b25
000c0917
000b0714
00100f18
00121219
000c0c0f
000d0e1a
00101a2b
00131929
00121323
00160c1b
00130e19
00383847
000f122f
00110e36
00120c39
00120e32
00140e35
00150d35
002c2734
0026262c
002e2e2f
000e0809
002e2829
002e2b2b
00272625
00363534
002e2d2d
00252222
00343431
00313231
00302f2f
002d2d2d
00363938
00182b2e
00162c35
002a2f2f
002f3234
00313335
002a2d2d
00393c39
00373a38
00323938
00353a3b
0013181b
001d2426
0039403f
002b3130
003a4443
0039403e
00373e3c
00353e3b
00252d29
001e2927
002a3131
00262a2c
00242a28
00252927
002f3234
00131217
001b193f
0014184d
00151a4e
00151a4f
00151a4f
0015194d
00141a4b
0014194b
0015194c
00151948
000c0917
001d3a45
0003020c
00132832
000a0c15
0001070d
00091721
00070719
00181a50
00141332
00070511
001d1e3f
00141a47
00141b4a
00161b49
00151a46
00141945
00171c50
00161b4c
00161d4e
001c1f52
00474a54
00434548
00464748
00484848
004a4a4a
004a4b4b
004a4b4b
004b4b4b
004b4b4b
004b4b4a
004c4c4c
004b4b4b
004b4b4a
004c4c4a
004c4c4a
004a4c4a
004b4c4b
004c4c4a
004c4c4a
004c4d4b
004c4c4a
004c4d4b
004d4d4b
004d4d4b
004d4d4b
004c4d4b
004c4c4a
004c4d4b
004c4c4a
004d4d4b
004c4c4a
00474745
004b4c4a
004b4c4a
004b4c4a
004a4b49
004b4c4a
004b4c4a
004c4c4a
004c4c4a
004c4d4b
004c4d4b
004d4d4b
004d4e4c
004e4e4c
004e4e4c
004e4f4d
004f4f4d
004e4f4d
004f4f4d
004f4f4d
004f504e
004f504e
0050504e
0050514f
0050504e
0050504e
0050514f
0051514f
0051514f
0051514f
00525250
0052534e
00525350
00535351
00535451
00545552
00555654
00575855
00575855
00585955
00595a56
005b5c5a
005e5e5b
005e605b
0062625e
00656460
00646561
00676864
006a6a65
006d6b68
005c5d58
005f605c
0061625e
00646460
00676662
006a6964
006e6e68
007b7c75
007e7f7d
007f7f7e
007f7f7f
00605153
003b3634
007d7e7d
007f7f7d
00756e6a
0065605b
005e5a56
00575451
0053514e
00504d4a
004d4d49
004c4b46
004b4745
0032292a
00363833
00130d0a
0047403e
00514a47
00615752
007f7c78
0023271d
0072494c
007f7e7e
005e5d59
005f5e58
005f5d58
005d5c58
005c5a56
005c5955
005b5854
00595854
00585753
00565551
00565450
00555351
00545250
00545250
0053514f
0051514e
0051504e
0051504e
00504f4d
004e4f4d
004e4f4d
004e4e4c
004d4e4c
004c4d4b
004c4c4a
004b4c4a
004b4b49
004b4b49
004b4b49
00484a48
00434947
002f3335
00303439
001a2533
00132140
00112043
00122042
00131e45
00131f45
000f1830
0012213a
0011253e
000c223a
000f243b
000f2a44
0010304a
0011253f
0029323f
0015182b
001c1a28
00181c27
000c0e1b
000c0915
0013111a
0015171c
00110e1a
000e0d1b
00101625
00111928
00111322
00110e1e
00140e1c
00120b1a
00191425
002f3648
000c0e2f
00130f36
00120d32
00120c33
00343237
00222122
002e2f2f
001e1f1f
002d2e2e
00262122
00181213
00383636
002a2a2a
002c2c2b
00313130
00313030
00343736
00373a3a
00363838
00132b30
00142a33
002a2f30
00303334
00303235
00282a2b
003a3c3a
00373a39
00323838
0020292a
001c2628
00383e40
00393c3a
003e403f
00383d3c
003c403d
00363f3c
0022302e
00171c1a
0005150f
00152624
00171a19
000d1716
00343a39
0033393b
000f1015
001c1b42
0015174b
0014194b
0014194b
0015194d
00151a4d
0015194c
0013194a
00151a4b
0014194a
0009091b
00203c43
000a0b14
0000010b
00060510
000c0a12
00243c44
000d0a16
0013194e
00090924
000c0913
000e0b12
0008081a
001e234a
00161c4d
00141948
00151949
00171c52
00181c4f
00161d4d
00161a4b
003a3f51
00444649
00484848
00484949
00494a4a
004a4b4b
004a4b4b
004b4b4b
004c4c4c
004c4c4a
004c4c4a
004c4c4a
004c4c4a
004c4c4a
004c4c4a
004c4c4a
004c4c4a
004c4c4a
004c4c4a
004b4c4a
004c4c4a
004a4b49
004c4c4a
004b4c4a
004b4c4a
004c4d4b
004b4b49
004b4b49
004a4b49
004c4c4a
004c4d4b
004b4c4a
004a4b49
004a4b49
004b4c4a
004b4c4a
004b4c4a
004c4d4b
004d4d4b
004c4d4b
004d4e4c
004e4e4c
004e4e4c
004e4e4c
004e4f4d
004f4f4d
004e4f4d
004f4f4d
004f4f4d
004f4f4d
004f4f4d
004f504e
004f504e
0050504e
004f504e
004f4f4d
0050504e
0050514f
0051514f
0051514f
0051514f
00525250
00535350
00545351
00545452
00545452
00545651
00555653
00575755
00585856
00595a58
005a5b58
005c5d59
005e5f5a
0060615c
0061625e
0063635f
00676763
00696965
006d6c67
006d6c67
00595854
005f615c
0061645f
00676662
006a6964
006d6d67
0075756e
007e7f7c
0080807d
007d7f7e
007c7e7d
00574949
007e7e7e
007e7f7f
00807f7c
00706863
00615c58
005b5754
00555450
0050504c
004f4c49
004e4b49
004a4946
0039292f
00332f2f
003a3835
00373935
00463737
004c4643
0059514c
00736562
0070756e
00502323
007d7c7c
007f7f7e
005d5d57
005f5c58
005e5b58
005c5a56
005b5a56
005b5955
00595854
00585753
00575651
00565452
00555353
00545350
0054534f
0052524e
0051524e
0052514f
0051504e
0052504e
004e4f4d
004f4f4d
004e4f4d
004d4f4c
004c4d4b
004c4c4a
004c4d4b
004b4c4a
004b4b49
004b4b49
004a4b49
004a4948
00434645
0039393a
00373a3b
00232c37
0017223a
00132245
00112046
00131e3f
00121e35
00152139
000e1b33
00152c46
000c243c
00132740
00082039
0008132d
00171e2a
0015192a
001d1b29
00181825
00121822
000c0914
0013111b
0012121e
00120f1f
000f0e1e
00101121
000e1624
000e111f
00110e1d
000e0d1c
00100d1c
0014182f
00131429
00201f30
00333647
000e162b
00120e2e
00383739
00302d33
00282928
002b2b2a
002d2d2d
002c2e2e
00212222
00353434
000c0909
00292223
00362f30
002a2828
00282021
002e2a2a
00373839
00122b30
00192b2f
00282c2e
002a2e30
002e3032
002d3030
00383c39
00343838
00313837
00030c0b
002d3837
00373e3f
003a3c3b
00404442
001f2624
003a4543
002c3231
00131d1b
000e1816
00151d1a
000e1d1a
000f1a18
00121816
002d302f
00393d3d
000f1417
001a1843
0016184a
0013194a
00141a4b
0014194a
0014194a
0015184c
0014194a
00151237
00161746
00090a23
00172630
0008131c
0001040d
0005060f
000f0a13
001e323a
000c0b15
00191b49
0019173b
000b0a13
000e0a10
000e0b14
000c0815
00181a4c
00171c51
00181c53
00181c53
00171c4f
00161c4c
00171d4d
00232645
00434646
00474847
00484949
00494a4a
004a4b4b
004a4b4b
004b4b4b
004b4c4b
004b4c4a
004b4c4a
004b4c4a
004c4c4a
004b4b4b
004b4b4b
004a4b49
004a4a48
004a4b49
004b4b49
004b4b49
004b4c4a
004b4b49
004b4b49
004b4b49
004a4b49
004a4b49
004b4b49
004b4b49
004a4b49
004b4b49
004b4b49
004c4c4a
004b4c4a
004c4c4a
004c4c4a
004c4d4b
004c4d4b
004d4d4b
004e4e4c
004d4e4c
004e4e4c
004e4e4c
004e4e4c
004e4e4c
004e4f4d
004d4e4c
004f4f4d
004f4f4d
004f4f4d
004e4f4d
004f504e
004e4f4d
004e4f4d
0050504e
004f4f4d
004f4f4d
0050504e
0051514f
0051514f
00515250
00525250
00535350
00535350
00545450
00535451
00555653
00555653
00565654
00585855
00595956
00595a57
005a5b58
005b5d58
00605f5b
0062615d
0061635e
00646460
00686763
006b6a65
006d6c67
0071716b
00666562
005f615c
00666763
00686863
006c6d67
00717269
007d7e78
007e7f7e
007f7f7f
007e807f
00746969
00443a39
007d7f7f
007e7f7f
0077716c
0069615d
005f5a56
00575551
0054534f
00504f4b
004d4c48
004d4c48
004e4946
00190009
00393534
003d3937
003b3b37
00291c1b
0047423f
00524b48
00665a56
007f7e79
002b1e18
00785d5e
007e7f7f
005b5a57
005e5c57
005e5b57
005c5b57
005b5a56
005a5955
005a5955
00595854
00585753
00575552
00555351
00555450
0054534f
00525250
0052514f
0053514f
0052514f
0052504e
004f504e
004f4f4d
004e4f4d
004f4e4c
004e4d4b
004d4d4b
004c4d4b
004b4c4a
004b4c4a
004b4c4a
004c4c4a
004a4a48
00494946
00434544
003a393a
00343434
002f353c
00131f36
00182443
000d1834
000f1f37
000f2138
000d1b30
000d1b32
00142c46
00102c45
00102c45
001a233d
00060c18
00171928
00181726
001e1d28
00181c24
000e0e18
000f0e14
000f0d19
00110e1e
00100e20
000e0f1f
000d1522
000e1321
000d0f1d
000d0c1b
000f0d1b
00161930
0012172e
0015152a
00191523
0018101d
00404047
003e3d3e
002f2f30
002e2f2f
00272728
00333031
00292627
002c2a2a
00313131
001b1e1d
002c2e2e
00363838
00181416
00050101
000e0405
003b3d3f
001a2a35
0017252c
002a2f30
002e3133
002d3032
003a3d3c
00363b38
00313736
00303737
0012211e
00313a39
00323a39
00383e3b
003c403e
003c4140
003a403d
003f4744
00404542
003c4240
003e4442
003d4542
00313f3d
00373d3b
00282b2b
003d3f3e
002a2d30
001b1a43
0015174a
00141949
0014194a
00141949
00141949
00141849
00141947
0013142e
00111745
0013173a
00050611
000b3740
0000040f
0005050d
000a0a13
0015202a
0000030e
001f1d43
000e122f
000f0c15
000d111a
0010161f
000d0912
00171a49
00181c50
00171b52
00171c50
00171c4d
00161b4d
00161c4b
0013173b
00434546
00464747
00474848
00484949
004a4a4a
004a4a4a
004a4a4a
004b4b49
004b4b49
004a4a48
004a4b49
004a4b49
00484948
004a4a49
004a4b49
004a4b49
004b4b49
004a4b49
004a4b49
004a4b49
004a4a48
00484947
004a4a48
004a4a48
004a4a48
00494a48
004a4a48
004b4b49
004b4b49
004b4c4a
004b4c4a
004c4c4a
004c4d4b
004c4d4b
004d4d4b
004d4e4c
004d4e4c
004e4e4c
004e4e4c
004e4e4c
004e4e4c
004e4e4c
004e4e4c
004e4f4d
004e4f4d
004e4f4d
004f4f4d
004f4f4d
004f4f4d
004f4f4d
004e4f4d
004f4f4d
004f4f4d
004f504e
004f504e
0050504e
0050514f
0052524f
00515251
00525250
00535350
00545451
00545451
00545551
00545651
00555654
00565654
00585855
00595956
005a5a57
005a5b57
005b5d58
005e5e5a
0062605c
0063635f
00666561
006a6864
006c6b65
006e6d68
0072726c
0073706d
00636462
00686964
006c6d67
006e6f6a
0075766f
007e7f7b
007f7f7e
00807f7f
007f7f7f
00594445
00757474
007f7f7f
007f7f7d
00716864
00625d58
005c5754
0056534f
0053504d
004f4e4a
004d4b47
004b4a46
00493f40
0014080d
003c3936
003d3a38
003f3b39
0015110f
00454240
004b4844
005b514e
00766964
00646661
00461213
007f7f7f
007f7f7e
005e5c58
005f5b59
005d5b56
005b5a56
005a5955
005a5955
00595854
00585753
00575652
00565452
00555451
00545351
00545250
0051514f
0052514f
0052514f
0053504e
00524f4e
00504f4d
00504f4d
004f4e4c
004f4e4c
004e4f4d
004d4d4b
004c4d4b
004c4c4a
004c4b4b
004d4d4b
004c4b49
004a4a4a
00464747
003b3c3d
00343032
00322e2d
002f3237
001b2232
001a2440
00121935
00151e3a
00112238
000d1e34
00162c47
0014243d
001e3049
001e2539
00131623
0014121f
00151726
00202029
00191c22
000e1117
000e0f0f
00110f16
000b0918
00110c1a
000c0d1c
00111726
000e1622
000d1422
000f101e
000f0e1d
0013182d
00121a30
0012182d
00121424
0011101d
00181322
00313032
001b191c
00342c31
00313033
002e3030
001b1c1b
002e2d2d
00343333
002c2a2c
002e2c2c
00323233
0029292a
001e2120
00282728
003a3b40
00141136
001c1d2f
002b3031
00303234
002b2f31
003d3e3d
00363b38
00313534
00333736
00353a39
00323434
003c3f3d
003d3f3c
00393d3c
003d403f
00222423
0032332f
0030302f
003e4340
002e2e2d
001a1d1b
003d4341
003d4442
00313837
003d403f
003f4141
00181941
00151847
00131948
00131948
00131948
00131948
00131949
00141946
00070725
00111744
00121846
000a0914
0030424c
000d3841
0011323b
00040813
00193b48
0000010a
0017193a
00191941
000b0b10
000a0c16
000e0f19
00100c16
001a1b46
00151b4b
00171d4d
00161d4d
00161c4b
00161c4c
00161c4b
00151944
00434445
00454747
00464948
00484949
004a4a4a
004a4a4a
004a4a49
004b4b49
00494a49
004a4a49
00494a49
004a4b4a
00494a47
00474845
00484846
00494a48
00494947
00494a48
00494a48
004a4a48
00494947
00494947
00494947
00494947
004a4a48
004b4b49
004b4b49
004b4c4a
004c4c4a
004c4c4a
004c4d4b
004c4d4b
004d4d4b
004c4d4b
004e4e4c
004e4e4c
004d4e4c
004e4e4c
004e4e4c
004e4e4c
004e4e4c
004e4f4d
004e4f4d
004f4f4d
004e4e4c
004f4f4d
004f4f4d
004f4f4d
004f4f4d
004f4f4d
004f4f4d
004f4f4d
004f4f4d
0050514f
0050504e
0050504e
0050514f
0052524f
00535250
00535351
00535351
00535452
00545452
00555552
00555551
00555654
00565654
00575755
00595956
00585b56
00595c57
005d5d59
005d5f5a
0060605c
0063635f
00656561
00696864
006c6b67
006f6f69
0073726d
0075746e
00646460
006b6b67
006f7169
0072736b
007e7e7b
007f7f7c
007e7e7e
007d7f80
007d7a7b
00423a39
007f7e7f
007e807e
0079736e
006b635e
005f5a57
00595552
0054514e
00534f4b
00514c4a
004e4b48
004a4843
001d1118
000c090b
003d3a37
003e3b38
00403c3a
003a3b36
00433738
004a4642
00514c49
00695b55
007f7e7b
00261c15
00756061
007f7f7e
005e5b57
005d5a57
005d5a57
005b5a56
005a5955
005a5955
00595854
00595854
00585753
00575553
00555452
00555351
00535351
00545250
0052514f
0052514f
0051504e
0050504e
00504f4d
00504f4d
00514f4d
004f4e4c
004d4e4c
004e4f4d
004c4d4b
004d4d4b
004d4c4b
004c4b4b
004c4b4b
004a4a4a
00484848
00424546
00393a3c
00322d2e
00322e30
00343437
001e2637
0019223d
001a223f
000e1932
00102239
00132f49
00152f48
000f1731
00282d3d
00111427
00121120
00141725
001f1c24
00181b1e
00101215
000d0f0f
000f0c0f
00373740
00252b38
00070a17
000f1321
000d1522
000f1722
000e1320
000e0f1d
00121b2f
00121a30
0011192f
00101425
000e1121
00141322
002a2629
00232625
00333333
00292a2a
00302d2f
00323031
00333232
002d2c2c
001f1e1f
00333232
00363538
002e2e2f
002c2b2c
001d191d
0034343c
00120e3b
001e1d32
002b3032
002e3234
002d3132
003c3e3d
00353a36
00303433
00323935
002d322f
003a3f3d
00404847
00383b3a
00262f2d
003a413f
00242a27
00212b29
002e3331
00434a48
0029302f
00293331
003f4341
00454847
003a3c3c
003f4340
00474949
00171a42
00141847
00131948
00131948
00131948
00131948
00131949
00141946
000b0a25
00121743
0016193f
000d0b15
000a0a11
00153941
000c373f
000d3740
000c3742
0000000c
0016183a
00111533
000f0b14
00172028
0017252a
000e0b12
001b1c47
00151b4b
00161c4b
00161c4b
00151b4a
00151b4a
00161c4b
00171c48
00454445
00444646
00484848
00494747
00484848
00484848
00474847
00474746
00474747
00494949
00484848
00484847
00474747
00484848
00484947
00494a48
00494947
00494947
00494947
00494947
00494947
004a4a48
004a4a48
004a4b49
004b4b49
004b4c4a
004c4c4a
004c4c4a
004c4c4a
004d4e4c
004d4d4b
004d4d4b
004d4e4c
004e4e4c
004e4e4c
004e4e4c
004d4e4c
004e4e4c
004e4e4c
004e4e4c
004e4e4c
004e4e4c
004e4e4c
004e4f4d
004e4e4c
004e4f4d
004f4f4d
004f4f4d
004f4f4d
004f4f4d
004e4f4d
0050504e
004f4f4d
004f4f4d
0050504e
0051514f
00515250
0052524f
00535350
00535351
00535351
00535452
00545452
00545552
00555652
00565755
00575755
00575856
00595956
005a5b57
005d5c58
00605e5a
005e5f5b
0061615d
0063635f
00666662
00696864
006d6c68
006e6f69
0074736d
00787872
00686863
006e6f6a
0071736b
00787a73
007f7f7d
00807f7d
007f7f7f
00807f7f
005a4848
00636361
007c7e7e
00807f7c
00736b65
00655f5b
005d5855
00575350
0053504c
00514e4a
00514b49
004d4a46
004e4646
00110d13
000c0909
003e3937
003f3b39
003f3c39
003c3d37
00211313
0045403d
004e4744
005c524d
00746966
0056554e
005c272a
00797f7e
007e7e7d
005a5a54
005d5a58
005b5a56
005a5955
005a5955
00595854
00595854
00585753
00585653
00565452
00565451
00555351
00545252
00535250
0052514f
0052514f
0050504e
0051504e
0051504e
004f4f4d
00504f4d
004f4e4c
004e4e4c
004d4e4c
004d4d4b
004c4c4b
004b4b4b
004b4b4b
004a4a4a
004a4a4a
00464747
0035373a
00323031
00332d2c
00332c2d
0036383d
0028303a
0018243b
001a2441
000a142f
0017243d
00102942
000b112e
00262d38
000c1727
00121525
00141623
00111119
0017181c
000f1112
000c0f0e
000e0e0d
00393838
0040413f
00343c40
001f2c36
00030b19
00121725
000e1321
000f111d
00121b2f
00121c32
00151e34
0012192b
000f1326
0021202e
0028272a
003e3c3b
003e3c3c
00383b3b
002c2d2f
002f2f31
00272325
00322e30
00323132
00323232
00313235
00393a39
00383a3a
0038393a
002a2d3d
00130f3b
002d2d41
002b3133
002d3234
002d3032
00383b3a
00343936
002f3432
00313937
002d3433
00192220
00333d3c
002e3836
00333e3b
00353f3d
002d3937
0037403e
00383f3d
003a413f
00373f3d
00212d2c
001d2825
00323b39
00343736
003f4241
00434646
00181a42
00141848
00121848
00141949
00131948
00131948
00131949
00141946
00131339
00131741
0009091f
000a0e1a
00090911
0002030d
00213f47
000d3841
001c3b44
000c0b11
00171740
00131943
000a0a11
000a0c14
00161d23
000d0b15
0017193c
00151b49
00151a49
00151b4a
00151b4a
00151b4a
00151b4a
00191e4c
00414044
00434445
00454646
00484747
00474848
00474848
00484848
00484848
00484848
00484848
00474847
00474746
00474846
00484846
00494947
00494947
00494947
00494a48
004a4a48
004a4a48
004a4a48
004a4b49
004b4b49
004b4c4a
004c4c4a
004b4c4a
004c4c4a
004c4c4a
004d4d4b
004d4d4b
004d4d4b
004e4e4c
004e4e4c
004e4e4c
004e4e4c
004e4e4c
004d4e4c
004e4e4c
004e4e4c
004e4e4c
004e4e4c
004e4e4c
004e4e4c
004e4e4c
004e4e4c
004e4f4d
004f4f4d
004f4f4d
004f4f4d
004f4f4d
004f504e
0050504e
0050504e
0050504e
0050504e
0050514f
00525250
00525351
00535351
00535351
00535452
00535452
00545452
00555553
00565754
00565756
00565755
00585755
005a5a57
005b5b57
005e5d59
005f5e5a
005f605b
0060625d
00656460
00676662
006a6965
006d6c67
006f6f69
0074746e
007b7c76
007e7e7b
0072726d
0076776f
007d7f7a
007f807e
007f7f7e
007d7f7f
007a7475
00453c3b
007d7e7d
007e7f7f
007d7672
006b635d
00615b58
005b5652
0056534f
00524f4b
00504d4b
004f4b4a
004a4846
003a2e32
001b1e22
000d070d
003c3736
003e3b39
003f3c38
003f3b38
0025201c
00433b38
00494541
00524c48
00695b56
007f7f7c
002d1c13
007c6d6e
0078807f
0062605e
005c5955
005b5a56
005b5a56
00595854
005a5955
00585753
00595854
00585654
00575553
00565451
00555351
00545251
00545250
00545250
0052514f
004f504e
0051504e
0051504e
0050504e
00504f4d
00504f4d
004f4e4c
004e4e4c
004d4e4c
004d4d4b
004c4c4b
004b4c4b
004b4b4b
004a4a4a
00484848
00414445
0035353b
00322d2f
00342d2e
00342f31
00333537
00333a3f
00152233
001b2641
0016213e
00111c36
001c1e3b
002a3036
00171d2b
00121826
00181822
00191920
0018181e
00121518
000e0e12
00100f10
00413e40
003f3e3f
00414040
003b3e40
00353f42
00323e46
000f1120
00121420
0011182b
00131c32
00131d32
00131b2d
0012172b
0030313a
0028272b
00312b2e
00302d2d
002c2829
00333434
002c2d2d
002e2e2f
00302e2f
00292526
00211d1e
00353334
003b3739
00383636
00373637
0031343d
0005042a
002c2d3b
002d3034
002f3234
002d3032
00343838
00323635
00303433
00343a38
003a3e3c
003a3e3c
003b3f3c
00393f3c
003a3f3c
0039403d
003b4240
003e4340
003f4441
00393f3c
003b3f3c
003a403d
003d4342
0039403e
001f2c2a
003f3f3e
002b2e2f
00171941
00151848
00131948
0014184a
00131948
00131948
00131948
00151a48
00040527
00161841
000d0917
00254048
000b0b14
00100b13
00100914
0002010b
0005020c
000b0814
00121946
00101536
000e0a14
00090911
001d2930
000a0a13
00111330
00141a48
00151a4a
00141a49
00151b4a
00151b4a
00151b4a
00151c4c
003f4045
00444345
00444545
00454646
00464747
00464747
00484848
00484848
00484848
00484848
00474847
00464645
00484846
00484947
00494947
00494947
00494947
004a4a48
004a4b49
004a4a48
004b4b49
004b4b49
004b4c4a
004c4c4a
004c4c4a
004c4c4a
004d4d4b
004d4d4b
004d4d4b
004d4d4b
004d4e4c
004d4e4c
004e4e4c
004e4e4c
004e4e4c
004e4e4c
004e4f4d
004e4e4c
004e4e4c
004e4e4c
004e4e4c
004e4e4c
004e4e4c
004d4e4c
004e4e4c
004e4f4d
004f4f4d
004f4f4d
004f4f4d
0050504e
0050504e
0050504e
0050504e
0050504e
0051514f
00515250
00525351
00525351
00535351
00545452
00535452
00545553
00545553
00555654
00565654
00565756
00585855
005a5856
005a5a57
005c5b58
005e5d59
005f5e5a
0060605c
0060625d
0064635f
00676662
006a6965
006d6c66
00706f69
0074756f
007c7d78
007d7e7b
0073746e
007d7e78
007e807c
007f807d
007f7f7f
007f7f7f
005a484a
00646060
007f7f7f
007f7f7e
00756c67
0066605b
005d5855
00585450
0054514d
00504e4a
004f4c4a
004e4a48
004c4746
00120b10
001d222a
00060308
00382f30
003e3a38
003f3c38
00403d3a
003e3d39
00402f2f
0047423e
004c4846
005c534f
00786b69
00424941
005e2123
007d7f7f
007f7e7d
005c5a54
005a5956
005a5a55
00595854
00595854
00585753
00595854
00575652
00585654
00565551
00565351
00565251
00545250
00545250
0052514f
004f514e
0051514f
0052514f
004f504e
0050504e
00514f4d
004f4e4c
004e4f4d
004f4e4c
004e4d4b
004d4d4b
004d4d4b
004c4b4a
004b4a4a
00484949
00454747
00373a40
00342d3c
00323033
00312c2b
0038363b
003b3b3b
00363c3c
00222c33
00182539
00182944
00282a3d
002f3237
00171a20
00151b26
001a1a21
0016121c
0016151d
00181920
000d0c17
0010080f
0035363b
003c3640
00454343
003f4040
00434340
003b3f46
000e0f1e
000f0c19
000e1526
000f192e
00111b2e
0011192c
0013192f
0031343a
002c2c30
002c2c2e
002e2c2d
002e2d2e
00383536
00272728
002a2a2b
00312f30
002c2b2c
002a2b2b
00363334
00303030
002c2c2e
00262627
003c3c3e
0034383f
00272d2f
002b3032
002e3134
002e3032
00333635
002f3331
002f312f
003d3f3f
003a3d3c
003c3a3a
003a3c3c
003d4342
003d4242
00434747
00454a49
00454946
00424542
00484745
00434444
00474948
00434743
003e423d
0038403d
003e4341
00101011
00151842
00121848
00131949
0013194a
00141949
00141947
00141849
00141945
0003011b
00141941
00090c14
0011363f
000b0a16
000b0d13
00000009
001c313a
00000109
00090714
0012184a
00141945
000a0912
00100d15
00090b16
000a0912
000f0f29
00131948
00141a49
00141b49
00151c4a
00161b4a
00151c4b
00191c4c
003c3f44
00424142
00454545
00454746
00444747
00474848
00474848
00494949
00484847
00484948
00494949
00494947
00484948
00484948
00484a48
00494a49
00474848
00494b48
004b4c49
004b4c4a
004c4c4b
004b4c4a
004c4c4a
004c4c4a
004c4c4a
004c4d4b
004d4d4b
004d4d4b
004d4d4b
004d4d4b
004d4d4b
004d4e4c
004e4e4c
004e4e4c
004e4e4c
004e4e4c
004e4e4c
004d4d4b
004e4e4c
004d4e4c
004d4e4c
004d4e4c
004e4e4c
004e4e4c
004e4e4c
004f4f4d
004f4f4d
004f4f4d
0050504e
0050504e
0050514f
0050504e
0050514f
0051514f
00515250
00525250
00535351
00535351
00535452
00535452
00545553
00555553
00555553
00575654
00575755
00575857
00585856
00575957
005b5a57
005b5b57
005e5d59
005d5e5a
0061605d
0062605c
0062645f
00666662
00676963
00696d66
00706f6a
00767771
007e7e79
007f7f7e
0072726e
007e7e7b
007f7f7c
007f7f7d
007f7f7f
007f7d7c
0047393b
007f7e7f
007d807e
007c7672
006c635f
00615b58
005a5652
0056534f
00524f4c
00504d4b
004f4b49
004c4945
004a3b3d
00212628
001e2330
000d0f19
002a1a1d
003c3837
00403b39
00413d39
003f3c38
0016100e
00443d3a
00494542
00554b49
00695a55
007e7f78
00261a12
007f7576
007f7e7e
006a6866
005c5955
005b5855
005a5955
00595854
00595854
00585753
00585653
00585654
00575553
00575452
00565251
00555351
00545250
00545250
00525250
0051514f
0052514f
0053504e
0052504e
00514f4d
004f4f4d
004f4f4d
004f4e4c
004f4e4c
004d4e4c
004d4d4b
004c4b49
004b4a4a
00494949
00494848
00444846
002d313c
00322c3c
0038323a
00343235
0036323a
003c3a3b
00383a3b
0034383c
001e2732
002b2c34
0029292b
0024252a
001c1f27
0023242b
00100f18
001b1b22
001e232b
000d0c17
001a0f16
00494046
00414043
003b3942
003c373f
00424345
00383842
000d0c1d
000d0a19
00101324
000e1a2b
00101c2e
00101a2d
00161c30
00353a3c
00303337
00242628
002a2c2c
002d2b2d
00303032
002d2d2e
00353434
00302e2f
00302f30
002f2e2f
00312f30
002e2c2d
001c1d1f
002b2a2e
0032323a
00282635
002d2d35
002d3034
002e3134
002d3031
002f3534
002b3331
0019201f
00162622
0010231f
00172725
00122422
00102422
00152725
0011211f
001d2a29
001c2724
00181f1d
00182422
00152423
00142321
00151e1b
00313433
003c413e
003b3f3d
00030306
00131642
0013184a
0014194b
0014194c
0014194b
00131949
0013194a
00151848
0004041f
00121743
00080817
001e3c47
0004121b
00050d15
000e383e
000a3640
00123942
0006060e
00161835
00161947
000f0b14
0002030a
00404d54
000a0b12
000a0a25
00131948
00141a49
00141a4a
00141a4a
00151b4b
00151b4b
00171b4c
0040434a
00434443
00444646
00454747
00464848
00474848
00474949
00474848
00484948
00484948
00494949
00494947
00484948
004a4a49
00484a47
00494a49
00494a4a
00494b4a
004c4c4a
004c4d4b
004c4c4a
004c4c4a
004c4c4a
004c4c4a
004c4c4a
004c4c4a
004d4d4b
004d4d4b
004d4d4b
004d4d4b
004d4d4b
004d4d4b
004d4e4c
004e4e4c
004e4e4c
004e4e4c
004e4e4c
004d4d4b
004e4e4c
004d4d4b
004c4d4b
004d4e4c
004e4e4c
004e4f4d
004f4f4d
004f4f4d
0050504e
004f504e
0050504e
0050504e
0050514f
0050514f
0051514f
0051514f
00515250
00525250
00525351
00535351
00545452
00535452
00555553
00555654
00555654
00555654
00575856
00585956
00575856
00575957
005b5a57
005d5c57
005e5e5a
00605f5b
00615f5d
0062605c
0063635f
00676662
00696864
006a6b65
0071706a
00767771
007c7d78
007e7f7e
007e7f7d
007f7f7d
007d7f7e
007f7f7f
007f7f7f
00634c4e
00545251
007e7e7d
007f7f7c
00756c68
00665f5b
005e5955
00575450
0053504d
00514e4b
004f4c4a
004e4b49
004a4744
00150d11
0029292e
001f262f
0025292d
00322926
003c3433
00403a37
00413d39
00403d39
00383833
00443937
0047423f
004e4745
005c524e
00776c69
003d463e
00551317
007c7f7f
007d7f7f
00595753
005c5856
005b5854
005b5854
005a5753
00585753
00575552
00585654
00585553
00585552
00575452
00555351
00555351
00545250
00545250
00535150
0054514f
0050514f
0052514f
0051504e
0051504e
004f4f4d
004e4f4d
004e4f4d
004e4e4c
004d4d4b
004b4b49
004b4b49
004b4a4a
004c494a
004a4949
00464b49
00373f46
002d2b3a
0034313b
0035353c
0037313a
003a383c
003b3b3b
00343b3b
001c1b25
00272528
001e1e20
0016151b
0022242a
0016151c
0027262a
001e1e20
00201e24
00252329
00201b25
00160314
003f3037
00434347
0038373e
00090917
000f0d20
000f0d1d
000d0e1d
000f1a2c
00111d2e
00101b2e
00161a2c
00363a3b
00363a3c
00363c3d
002f3435
0027282a
002c2d2f
002a2a2a
00323232
002b2a2b
00262225
00313132
00313132
00292729
002d2d2e
002e2a2c
0022212b
002a2634
002b2c33
002e3034
002f3134
002d3031
002d3434
002b3130
000f1f1f
00263331
002a3d3a
00233332
001d2f2d
000e2423
00192d2b
00152523
00213332
00162a28
001e2f2d
00071e1c
000a1b19
001c2c2b
00293b38
00182c29
00292a2a
003b3f3c
000b0a0e
00131746
0013184b
00151a4d
0015194e
0015194d
0014194b
0014194c
0014184a
001a183a
00121843
0007071e
00111d29
000b3740
000d3841
00103640
000d363f
000f363f
00132930
00040519
00121946
000b0b11
000d0a12
000f0c14
000b0b13
000c0a24
0014194a
00151a4b
00151a4c
00151b4d
00151a4d
00161b4d
00171b4c
00434652
00434545
00444746
00454847
00474848
00484949
00474949
00494a4a
00494a49
00494b4a
004a4a49
004a4a49
004a4a4a
004a4a49
00494b49
004a4b4a
00484949
00494b4a
004b4c49
004b4c4b
004c4b4d
004c4c4a
004c4c4a
004c4c4a
004c4c4a
004c4d4b
004d4d4b
004d4d4b
004c4d4b
004d4e4c
004d4d4b
004d4d4b
004d4d4b
004d4e4c
004d4d4b
004d4d4b
004d4d4b
004d4d4b
004d4e4c
004c4d4b
004d4d4b
004e4e4c
004e4f4d
004f4f4d
004f4f4d
004f504e
0050504e
0050514f
0050514f
0051514f
0050504e
0051514f
0051514f
00515250
00525351
00535351
00535452
00545452
00545553
00545553
00555553
00555654
00565654
00585755
005a5756
00575954
00575956
00595957
005c5c58
005e5c58
005e5e5a
00605e5a
0061605c
0062615d
00656460
00676662
00696864
006c6b65
0071706b
00777771
007d7e79
007f7f7e
007e7f7e
007e7f7e
007f7f7f
007c7e7e
007f7d7e
004c3a3c
007e7f7e
007f7f7e
007c7774
006e6460
00605b59
005a5753
00565350
00534f4c
00504d4a
004f4c49
004d4a48
004a4144
0021201e
00202126
0022262f
00393e37
00373e35
0025171a
003d3836
00403d39
003f3e3a
003a3d37
001d1211
00433e3b
004a4542
00514b48
00695b56
007b7d7b
002a140e
007f7174
007c7f7e
00757573
005b5954
005a5754
005b5855
005a5753
00595753
00555351
00575553
00595654
00595653
00585553
00565452
00555351
00545351
00545250
00545250
00535250
0053504f
0051514f
0051514f
0051504e
0050504e
004f4f4d
004f4f4d
004f4f4d
004a4b49
004b4c4a
004b4b4a
004c4b4a
004b4a4b
004c494a
004b4a4a
00464a49
0040464a
00282938
0032303e
0034333b
0038353c
0039353b
003b393a
00252c35
00302f35
00282728
00252326
00222227
0015141b
00302e33
00171319
00241f23
001a1416
00241d21
002c282d
0016131f
00150511
0020161c
00120e21
000e0c1f
000e0c1d
000f0d1f
00111a2b
00101a2c
00101a2d
001d202d
00373a39
00373a3c
00393a3c
00373b3c
00232225
00323234
002d2d2e
002f2f2e
002f2e2f
002d2c2f
00303232
00333737
002d2e2e
00292626
00292525
001c2028
00262530
002c2d32
002e3135
00303235
002f3032
002e3534
0026312e
00091a1d
000c1c1d
000f2322
00102421
00132725
00102524
00122623
001c2d2b
00162926
00172725
00182725
000f2624
00112623
00152826
001a2826
001c302e
001d3130
00191f1d
000f0e12
0014174a
00131949
00161a4e
0015194f
00151a4f
0014184c
00141a4d
00141849
00161432
00121746
0014163b
000e0c12
00173a46
00093943
00193943
0002040d
0002060e
00173b42
000a0815
0010174c
000a0814
00090810
001f3339
000b0912
0004071d
00161a4e
00161b4f
00171a52
00171b52
00171b51
00171c50
00181c4d
00404252
00434444
00454747
00474848
00484949
00484949
00474a4a
00484b4a
00494b4a
00494b4a
00494a48
004a4a4a
004b4b4b
004a4a49
00494b4a
004a4b4a
004a4b4b
004a4b4a
004b4b49
004c4c49
004c4c49
004c4c4a
004c4c4a
004c4c4a
004b4c4a
004c4c4a
004c4c4a
004c4d4b
004d4d4b
004d4d4b
004d4d4b
004d4d4b
004d4d4b
004d4d4b
004c4d4b
004d4d4b
004c4d4b
004e4e4c
004d4e4c
004d4d4b
004e4e4c
004e4f4d
004f4f4d
0050504e
0050504e
0050504e
0050514f
0050514f
0050514f
0050504e
0051514f
00515250
00515250
00525250
00535351
00535351
00545452
00545452
00545553
00555553
00555654
00565654
00565755
00585755
005a5856
005a5856
005b5956
005b5a56
005c5b58
005e5c5a
005e5d59
005f5f5b
0061605c
0062615d
0064635f
00666561
00696763
006c6b66
00706f69
00767670
007d7e78
007f7f7f
007e7f7e
007e7f7e
007e7f7f
007e7f7f
00615052
00625d5e
007f7e7f
00807f7d
00766c67
0066605c
005d5856
00575451
0054514d
00524e4a
004f4c49
004d4a46
004d4847
001e1013
002f2f31
0023252d
001d1c1d
0035332e
003b3d36
001d1112
003f3335
003b3b36
00413d3b
003e3d39
00393833
00453737
0046423e
004e4845
005c514d
00796e6c
00414139
004d1417
007b7b7c
007d7f7f
00575651
005a5755
005b5854
005a5753
00585753
00585654
00575652
00585753
00585753
00575553
00575653
00565452
00555351
00545351
00535250
00545250
0053514f
0053514f
0052514f
0051514f
0051514f
0050504e
004f4f4d
0050504e
004d4c4a
004f4d4b
004b4c4a
004b4c4a
004a4b49
004b4849
00494949
004b4a4a
00484a4a
00434a4b
00212833
00302b3d
003d3b40
0037383c
00353139
0034363b
00221e2d
00262426
001b181b
0019181e
001e1a22
00313438
00211d22
00221e22
001a1518
002b2529
00211d20
001e181c
0028292e
000b0a16
00111022
000f0e1c
000e0d1a
00100d1f
00121626
00101928
000f182b
002c2d37
003a393c
00373b3c
00323738
00120f11
00191a20
002e2f30
00242525
002e2f2f
002a2a2c
003a383c
003a3c3d
003f3e3f
003d3f3f
003a403f
003c3f3e
00272a2d
00434749
00313437
00313437
00313438
00313334
002e3535
00242e2e
00172d38
0014313b
0017343e
0019373e
001a393f
001f3c42
001b393f
001b383c
00152f34
00132c2d
00173133
00203b41
001e393e
00213d42
001e373b
000f2323
001a2b2b
00112622
00131015
0013194a
0014194c
00161b4f
00161a50
00151a4e
00151a4c
0015194c
00161a48
0015112f
0019194a
0014184c
00090916
0003020c
00101922
0000010b
000c0911
00100c15
0017383d
000b0915
0014194c
000c0911
000b0811
00243036
0008080f
00050617
00151b4e
00161b52
00161b51
00171c51
00191c54
00181c51
00171d4e
00222445
00444545
00454847
00474949
00474a49
00484a4a
00484a4a
004a4b4b
004a4b4a
004a4a49
00494a49
004a4a4a
004b4b4b
004a4b49
004a4b49
004b4b49
004b4c49
004a4b4a
004a4b4a
004b4c4a
004c4d4b
004c4c4a
004c4c4a
004c4c4a
004c4c4a
004c4c4a
004c4d4b
004c4c4a
004c4d4b
004c4c4a
004d4d4b
004d4d4b
004c4d4b
004d4d4b
004d4d4b
004d4d4b
004d4d4b
004e4e4c
004e4e4c
004e4e4c
004f4f4d
004f4f4d
0050504d
0051504e
0050504e
0050514f
0050514f
0050514f
0051514f
0051514f
0050514f
00515250
00525250
00535351
00535351
00545452
00545452
00545553
00555553
00565654
00575654
00575654
00595755
00595755
00595856
005b5957
005b5956
005c5a56
005d5b59
005d5c5a
005f5e5a
00605f5c
0060605e
0062625e
0063635f
00666561
00696764
006c6b67
006f6f69
00757670
007c7e79
007f807e
007f7f7f
007f7f7f
007f7f7f
00807b7c
00433536
007c7d7c
007f7f7f
007e7873
006e6460
00615b58
005a5653
0056534f
00514e4a
00504d4a
004f4c49
004c4946
004c4447
001d1b17
00313234
00272b32
00171010
00312027
001a1110
00181012
00271b1c
003d3938
00413d39
00413d3a
003d3c37
00170c09
00453e3d
00494541
00544b47
00695c55
007e7f7b
00321e17
007c7172
007e7f7e
007d7d7c
005a5853
005a5754
005a5753
00595753
00565452
00585753
00585753
00585654
00575653
00575553
00565553
00555452
00545351
00545250
00545250
00545250
00545250
0052514f
00525250
0052514f
0052504e
0050504e
004e4f4d
004f4d4b
004f4d4b
004f4d4b
004b4c4a
00494a49
004a4748
004b4a4a
004a4a4a
00494949
00494949
00444b4c
00353c42
002b2835
003c383f
00333839
0026262e
00222231
002e2c32
00232124
001c1a21
0020181f
002d2c2e
00262025
00211f23
00191317
003a373a
001b1819
001b1719
001e1a1a
00313637
000e101e
000e0e16
000d0f11
000d0f11
000f131b
00101727
0012192c
0036383d
0037393c
00383b3c
00363b3c
00333b3d
00232427
00353435
001e1f20
00363637
00232121
00363031
003f3838
003b3e3d
00404040
00424041
003f4040
00383a3c
00333035
0036373a
00343738
00323637
00303436
002f3433
001a2b31
00162f3b
0018323f
0019353f
001b363f
001a343d
00192b33
001a353e
00193640
001b3840
001c373f
001a363d
001b353b
001e373e
001b343f
001d3641
0020393f
000b2223
00102322
00110e15
0014194c
00151a4d
00161b4f
00161a50
00151a4e
0014194c
00141a48
00131845
000f0e25
00151947
0015184c
000b0c1c
00090a11
00070b14
000b0912
00090b10
00090911
001f3d43
000d0716
00141a50
000c0914
000c0912
0028343c
0005060f
00070916
00131a4b
00171b50
00191d52
00171c52
00191c54
00181c50
00161c4c
000e1037
00444545
00454847
00484949
00474949
00494a4a
004a4a4a
004b4b4b
00494b4a
00484a4a
00484a49
004a4a49
004b4b4a
004a4a48
004a4a48
004b4b49
004b4b49
004a4b4a
004b4b4a
004c4c4a
004c4c4a
004c4c4a
004b4c4a
004b4d4a
004c4c4a
004c4c4a
004c4c4a
004b4c4a
004c4c4a
004c4c4a
004c4d4b
004d4d4b
004c4d4b
004d4d4b
004d4d4b
004d4d4b
004d4d4b
004f4f4c
004e4e4c
004f504e
0050504e
004f4f4d
0050504e
004f504d
0050514f
0051514f
0051514f
0050514f
00515250
0051514f
00515250
00525250
00525250
00535452
00535351
00545452
00545452
00575553
00575654
00575654
00575755
00575755
00595755
005a5957
005a5957
005b5957
005c5a58
005c5a56
005d5b58
005e5c5a
005f5d5b
00605e5c
00615f5d
0062615d
0063635f
00666561
00696862
006b6a65
00716f6a
0075746e
007c7d77
007f807d
007e7f7f
007f7f7f
007c7e7d
00644f52
005b5a5a
007d7e7d
007f7f7d
00756c67
00675f5c
005d5955
00575450
0054514d
00514e4c
004f4c49
004e4b48
004c4948
0028171c
003a3a38
00393537
00282b31
001f1d1f
001e121e
00131011
00130e10
00160f10
003f3637
00413c39
00403d39
003e3d39
002f2f2c
003e302e
0046413e
004b4643
00584f4a
00746a68
0046493f
005b2225
007e7e7e
00807e7f
00565652
00575652
005a5753
00575551
00575451
005a5652
005a5652
00585654
00585753
00575654
00575553
00565553
00555353
00555351
00545250
00545250
00545351
00535250
00535250
0053514f
0053514f
0052504e
004e4d4b
00504e4c
004f4e4c
004f4d4b
004a4c49
004a4a49
004b4a4a
004b4a4a
00494949
00494949
00484b4a
004c4b4b
00484a4a
003f484b
002a2938
0036313e
0030353b
00212432
00231f2c
001e1a1f
001b1a1f
00242026
001d1d1f
00251f23
00201c20
00181214
00282626
001a1515
001d1819
00231a1d
00373435
000a0917
000d0f14
000d100f
000e110e
00101414
000f141a
00191a27
00353839
0035393b
00383a3d
00363a3c
0023272b
0028282a
00292c2b
00272727
00262525
00211a1b
003d3636
00373a37
00484040
003f3f3f
00414141
00414141
003a3b3d
00333639
00313336
00363839
00343838
00333838
002e3332
00122b33
00142f3c
0018323d
001a3440
001b353f
001b2f3c
001f2d36
00182e32
00193540
001b3740
001b353e
001b343d
001c353d
0019303c
00172e3e
001b3040
001b343f
001d3940
00102527
00140f17
0013174b
00151a4d
00161a4e
00161a50
00161a4e
00141a4b
00141946
00151948
0005061c
00151845
0016193c
000d0a14
00122832
001c3f4a
00040b15
0007090e
0006131b
0014222c
00050717
00131b53
00040413
000e0913
0000010b
00090a0e
00090a16
0014194a
00151a47
00161b4e
00161c52
00191d52
00181c51
00171c50
00141840
00434446
00454847
00484949
00484949
004a4a4a
00494a49
00494a49
004a4b4a
00494a4a
00494a4a
004a4a49
00494b48
00494b49
00494a4a
004a4b4b
004a4b4a
004a4b4a
004a4b4a
004a4b4a
004a4b4a
004b4b4b
004b4b4b
004a4c49
004c4c4a
004c4c4a
004c4c4a
004c4c4a
004c4c4a
004d4d4b
004d4d4b
004d4d4b
004d4e4c
004d4d4b
004d4e4c
004d4e4c
004e4e4c
004f4f4b
004f504e
004f504e
0050504e
0050504e
0050504e
0050514e
0050514f
0050514f
0051514e
00515150
0051514f
0050514f
00515250
00525250
00525351
00535351
00535452
00545452
00555553
00565553
00565654
00565654
00565755
00585856
005a5856
005a5856
00595957
00595a58
005b5a57
005c5b57
005e5c5a
005e5c5a
005f5d5b
00605e5c
0061605c
0062615d
0063635f
00656561
00696663
006c6966
00706e69
0075736e
007c7b76
007f7f7c
007f7f7f
007c7f7e
007f7c7d
0049393b
007f7d7e
00807e7e
007a7773
006c645f
00615b57
005a5652
0056524f
00524f4d
00504d4a
004e4b49
004d4a47
004c4546
00161112
003b3638
00383338
00282c32
002d2f2d
0014111a
00130f10
00140d0e
00130e0f
0026171e
00403a39
003f3d39
00413d39
003a3d37
00150908
00463b3a
00474441
00504946
00695956
007f7f7d
00291911
007d666b
007c7f7e
007e7d7c
00575651
00585653
00514e4b
00595652
00595652
00595652
00585654
00585753
00585653
00575553
00575552
00575553
00555351
00555351
00545250
00545250
00535250
00545250
0053514f
0053514f
0053514f
004e4e4c
00504e4c
00504e4c
004e4d4b
004e4c4b
004d4a4b
004c4b4b
004b4a4a
00484949
004a4949
004a484b
00494847
00494949
00474a49
0042494a
0031363e
00302c3b
002b2f39
00222432
0024222c
001c181e
00332b30
00272828
00242123
00191517
001b1619
00100d0e
001a1818
001d191a
001c1617
00373438
000e0d1d
000e0f15
000e1010
000e120f
00111412
00101410
00101010
00383a3a
00373a3c
00333638
002c2a2e
001b1d21
00383d3d
00222a29
002f2e2e
002a2d2c
002b2e2e
003a3a3b
00323031
002c2b2d
00414040
003f4040
00434342
003a3b3c
00343638
00333538
00383939
00343838
00313839
002a3132
00122b36
00152f3e
0016313d
0019333e
001b333d
00111e2d
00172d35
00112325
0019353f
001b373f
001a353d
001a343e
00182f3c
00162c3e
00193141
00102437
001c2f3f
001e3340
0021363b
00120f16
0012174a
00151a4d
00161a4e
00171a51
00161a4e
00141a4b
00131945
00151a47
00171837
00161a43
000b0824
00051119
000f3947
000d3b4b
00233a46
000a0910
0011353c
00070a10
00131739
00171b51
000e0913
000b0b13
0036474e
0013181b
00090a10
00141946
00151a44
00141845
00181b50
00151b4b
00161b4d
00171b50
001c1c4e
00434646
00444746
00484848
00484848
004a4949
00494a49
00484a49
00484b4a
00494a4a
00484b4a
004b4b4a
00494a4a
00494a4a
00494a4a
004a4b4b
004a4b4a
004a4b4a
004a4a49
004a4b4a
004a4c4b
004c4c4a
004c4c4a
004b4d4a
004c4c4a
004c4c4a
004c4c4a
004c4c4a
004c4c4a
004c4c4a
004c4d4b
004c4c4a
004c4c4a
004d4d4b
004d4e4c
004d4e4c
00504f4d
004f4f4c
004f4f4c
0050504d
0050504e
0050504e
0050514f
0051514f
0050514f
00515250
0051514e
00515150
0050514f
00515250
00525250
00525250
00525351
00535351
00545553
00555553
00565654
00575553
00575755
00565654
00575755
00585956
005a5957
005a5856
00595957
00585a58
005b5a57
00595b56
005c5c59
005e5d5c
005f5d5b
00605f5a
0061605c
0062615d
0063635f
00666662
00696663
006c6965
006f6d68
0074726d
007a7a73
007f7f7b
007e7f7f
007c7e7e
00654b50
006f6c6c
007d7e7e
007e807e
00746a64
00655f5b
005f5a56
005a5552
0055514e
00514d4c
004f4c4a
004d4a48
004c4846
00302328
00272828
00373539
00313237
00282d34
0044433f
001a151b
00130e10
00120e0e
00120e0f
0012070f
00403838
00403c39
00423c39
003f3d39
003b3a35
00322424
0045403d
004b4543
005b514e
00726663
00484943
005d292c
007d7f7f
007f7f7f
006f6e6b
00595753
00524e4d
00575652
00585753
00595652
00595654
00585553
00595654
00585654
00575654
00575553
00585351
00575352
00555351
00555351
00555250
00555250
00555250
00535250
0052514f
004f4f4d
004f4f4d
004f4e4c
004f4d4b
004d4c4a
004c4b49
004b4a4a
004b4a4a
004b4949
004b4949
00474747
00484848
004a4a4a
004a4a4a
00494a4a
00444948
003e444b
00292c35
00272939
00201f2b
00241d2a
003b2f3a
00313333
002b2b2b
00282826
00211e20
00131212
001c1a1c
001c191b
001d171a
0039393d
00111021
00100f1a
000f1010
000e120f
00101410
000f140f
00121310
00393b3b
00383c3d
00212427
002b3233
00303639
00353739
00202526
003a3e3e
00171617
00363133
00323334
00232526
003d3f3f
00404040
00404040
00414141
00363539
00323337
00343636
00363839
00333738
00313837
00273034
00172d39
00142f3d
0016313d
00183340
0017323d
00080e1c
00163136
00122222
001d353d
001a353f
001a333d
001c353e
0018313c
001b333f
00192e3d
00182c3d
00122333
00182d3c
001f313a
000f0e17
0014184a
00161a4d
00161a50
00161a51
0015194d
00151a49
00141947
00131844
00101337
00131942
00040616
00253b45
0012222e
001c2d3a
00273e4c
000e0a12
00203a42
000f0c16
00171a43
00161b51
00090718
000f0a12
0002050f
00040409
000e0a13
00151a46
00141844
00121944
00161b4f
00171b4d
00181b50
00161c4c
00191b49
00404244
00444746
00464848
00484949
00494a4a
00494a4a
00484a4a
00494a4a
00494a4a
00484a4a
004a4a4a
004a4a48
004a4a48
00494a49
004a4a49
00494a48
004b4b49
004b4b49
004b4b49
004a4b49
004b4c4b
004b4c4b
004a4c4a
004c4c4a
004c4c4a
004c4c4a
004c4c4a
004c4c4a
004c4c4a
004c4d4b
004d4d4b
004c4c4a
004c4c4a
004d4e4c
004e4e4c
004f4f4d
004f4f4d
0050504e
0050504e
0050514f
0050514f
0051514f
00515250
00525250
00525250
00525250
0051514f
0051514f
00525250
00525250
00525351
00535351
00545452
00545553
00565553
00575553
00575652
00565654
00565853
00575856
00595856
00595955
00595957
005a5957
005b5957
005b5a57
005c5b57
005e5d59
005e5d59
005f5e5a
00605e5c
00615f5d
0062605e
0064635f
00676662
00696663
006c6a65
006e6d67
0071706a
00797670
007d7d79
007d7f7e
007f7e7f
00493637
007e807f
007d7f7e
0079736e
006c625d
005f5a56
005a5852
00585651
0052504d
00504d49
004e4b48
004d4a47
004c4645
00160e12
002a2a2a
00484846
00302f35
00272b31
00484342
001d1b1c
00140f10
00110e0e
00130f10
000c080f
0025181f
003e3a39
00403d3b
00413d39
003c3c38
00191310
00443a39
00484341
004f4845
00635552
007e7d7c
0027160e
00745356
007e7f80
007d7f7f
00545852
00555350
00595653
00595653
00575652
00595654
005a5655
00595654
00585654
00585653
00575553
00585552
00575452
00555351
00555452
00545250
00555250
00545250
0053514f
0052514f
0051504e
004f4e4c
004f4d4b
004f4d4b
004e4d4b
004d4c4a
004d4c4b
004c4b4a
004c4a48
00494847
004a4949
00494949
004b4a4a
004a4a4a
004a494a
00494a4a
00484a4a
0043484a
002d3841
001c2333
00160d30
001d0d2f
0025162f
00372e38
002e2c2d
002b2c2b
002a2829
001b1c1e
001d1a1c
002d292a
00313035
00110e1e
0011101c
000c0e0e
000f1510
000f130e
000e140f
0031322f
00393b3b
00393c3e
0021282b
001d2f33
002d3034
002f3333
00302f31
002f3131
00383b3b
003d403f
0015100f
001c1a19
003f3e3e
00414141
00404040
003c3f3e
00323437
00323438
00333537
00363938
00343739
00303637
00253033
00152c3a
0015303e
0017323d
0018323f
0018343c
00020d12
00253e3b
00112020
001c353b
0016313c
001a323d
001d343e
001e343e
001c323d
00142a3c
00122638
001a2e3f
0019303f
001e313e
000f0e17
0011164a
00151a4e
00171b50
00161a51
0015194f
00141849
00141946
00141846
001a1c41
00121643
00070615
00283a43
000c0912
000b060d
002b434d
000b0911
0001050f
00010910
000c0a21
00131a53
000b0a1f
000d0a0f
0017242e
00101217
00080a12
00141943
00141944
00131944
00171c4e
00151a4d
00181c50
00151b4e
00181c4a
00444544
00444646
00464848
00474949
00474a49
00484a4a
00474a49
00484949
00494a4a
00484949
004a4a4a
004a4a49
004a4a49
00494949
004a4a49
004a4a48
004b4b49
004b4b49
004b4b49
004c4d4b
004a4c4b
004a4c4b
004a4c49
004c4c4a
004c4c4a
004c4c4a
004c4c4a
004c4c4a
004c4d4b
004d4d4b
004c4d4b
004c4d4b
004b4c4a
004d4e4c
004e4e4c
004f4f4d
004f504d
0050504e
0050504f
0051514f
0051514f
00515250
00525250
00515250
00515250
00525250
00525250
00515250
00525250
00525250
00535351
00535452
00545452
00555553
00565654
00585655
00585654
00585755
00565754
00585856
005a5957
005b5957
005b5957
005a5957
005a5a57
005c5b58
005d5c59
005e5d58
00605f5a
005f5e5a
00615f5c
0062605d
0063615f
0064635f
00676662
00696662
006c6a64
006d6c67
0071706a
0074736d
007f7e7e
007e7d7e
005c3c3f
007d7f7f
007e7f7e
00807f7d
00746965
00645e5b
005d5955
005b5c56
005a5754
00554f4d
004e4b48
004d4a46
004d4946
003e3339
001b2127
0029272b
003b3735
002e2e34
00242a2c
00493d3f
001a1c1c
0012100f
00130d0d
00191617
000c0910
0011070f
003c3637
00403c39
003f3d39
003f3c38
00373834
00392f2e
0045403e
004b4544
005a4e4b
00716764
005a544f
00532021
007d7d7c
007c7f7f
007b7f7c
00575652
005a5654
00595753
00575753
00595653
005a5655
00595654
00595654
00595652
00595554
00585553
00585453
00565452
00555351
00535250
00535250
00545351
0053514f
0052514f
0052504e
00504f4d
00504f4d
004f4d4b
004e4d4b
004f4d4b
004e4c4a
004d4b49
004a4a48
004a4949
004b4a4a
004b4a4a
004d4b4a
004c4b4a
004b4a4b
00484949
00494a49
00464948
00444848
0034404b
00131135
00161234
00150e31
001d0e34
0024152d
00373037
002d2d2e
002d2b2b
00201e1e
00393737
000f0f15
00100d1a
000f0f13
0010120f
00191f1c
000e140f
000f1511
003c3b3b
00393b3a
00393c3d
0019282b
0012313b
0024282f
00303234
002c2f30
002f3434
00212122
00302f30
001e1f1e
00373837
003e3f40
00404040
00414141
003d3d3e
00353739
00343739
00333737
00383b3a
00333737
00252c2f
001d2c31
00132b39
0014303d
0017313e
0018353b
00203a3d
001f3c3c
00143130
00143030
00142b32
00152f3b
0018313c
001e343d
001e323d
00192f3b
00142e3e
00192f3e
00142b3c
001a2a40
0024303f
000f0e16
0011174a
0014194d
00161a50
00171a52
00161a4f
0015194a
00131946
00151846
0008061d
00171841
0007071d
00050f18
0006101b
000b0910
002e464f
000b0911
000d0a14
00223d47
00070813
00131a51
000b0b14
000c0a10
0029303a
000e161b
000b0a11
00141942
00151945
00131945
00151b4b
00161b4e
00161b4f
00171b4f
00151949
00414342
00434645
00454847
00464948
00474949
00484949
00484949
00494a49
004a4a49
00494a4a
004a4a4a
004a4a4a
004a4a4a
00494a4a
004a4b4a
004a4b49
004b4b49
004a4b49
004a4c4a
004a4c49
004b4c4a
004b4c4a
004c4c4a
004c4c4a
004c4c4a
004c4d4b
004d4d4b
004d4d4b
004d4d4b
004d4d4b
004d4d4b
004c4d4b
004d4d4b
004d4d4b
004e4f4c
004e504b
004f514c
0051504e
00505150
0051514f
00515250
00525250
00525250
00525251
00525351
00525250
00525250
00525250
00525351
00525351
00535452
00535452
00545553
00555553
00565654
00585654
00575654
00595755
00585754
00595857
005a5957
005b5957
005b5957
00595a58
005a5b59
005c5b59
005e5c5a
005e5d5a
005f5e5a
00605f5b
00605f5b
0062615d
0063625e
0064635f
00686561
00696663
006b6964
006d6b65
00706e69
00706e6b
007e7e7e
007a6d6d
00393031
007e7e7e
00807f7f
0079726e
0069605c
005d5a57
00595852
005a5553
00514846
00514e4a
004e4b47
004c4945
004d4745
000f070e
00212931
0027272c
00313031
002a2f36
00272b2a
0037262a
00191c1f
0012100e
0017100f
00161617
000b0810
000b0610
0025161d
00413c39
00403d39
003f3c39
003c3b39
000f0907
00423c3a
0047423f
004e4947
00665755
007e7d7b
00251c17
0079595d
007d7e7e
007e7f7d
00575855
005c5753
005a5853
00585753
00595653
00595654
00595653
00585753
00595653
00595654
00585554
00585553
00575453
00565351
00545351
00545351
00545250
0053514f
0052514f
0052504e
00514f4d
00504f4d
00504e4c
004e4d4b
004f4d4b
004e4c4a
004d4b49
004c4b49
004d4b4a
004c4b49
004d4b49
004c4b49
004b4b49
004b4b49
00494a47
00474847
00494849
00484849
00383d49
00151135
00171033
001f1d36
001a1d34
0012112e
00190e2b
0023132a
003a323a
003c383a
00393737
000b0910
000f0e16
00111210
00181714
00161716
00111616
000f1616
003c3b3e
00383a3a
003a3c3d
00272e32
0015313b
00152732
002b2a2f
0027282b
00313335
002f3031
00323233
00282727
00181818
00414040
00414141
00414141
003b3b3d
0036383a
00353838
00343737
00393b3b
00343736
000e1319
0013232f
00132b39
00122d3c
00142f3d
00163337
00112527
000a2120
000d2b2a
000f2f31
00123035
0015303c
00172f3c
001c333d
00132637
00162b3c
00142a3d
00152b3d
00162d3d
0018283d
00151d2f
00101016
0014184a
0014194d
00161a50
00161a52
00161a4f
0014194a
00131947
00141845
00181935
00161941
00121533
0009090f
00103943
00000610
0027444d
000c0912
000c0812
0010353f
000f0b12
0014194e
000a0924
000c0a0f
00232b31
00344047
000c0910
00171b44
00151945
00131a45
00141a48
00161b4d
00171b4e
00161c4e
0013194c
00404344
00444646
00454747
00464848
00474949
00484949
00494949
004a4a4a
00484949
00484a4a
00484a4a
00494a4a
004a4b4b
00494a4a
004a4c4a
004b4b49
004b4c4a
004a4b49
004a4b49
004a4c49
004c4c4a
004c4c4a
004c4c4a
004c4c4a
004d4d4b
004d4d4b
004d4d4b
004d4d4b
004d4d4b
004d4d4b
004d4d4b
004d4e4b
004d4d4b
004d4e4c
004f4f4d
004f504d
0050514e
0051514f
00515150
0051524f
00525250
00525250
00525250
00535351
00535351
00535351
00525351
00535351
00525351
00535452
00545553
00535452
00555553
00555554
00575755
00595753
00595854
00585854
00595856
00585857
005a5957
005a5957
005b5957
00595a58
005a5c59
005d5b59
005e5c5a
005e5d5a
005e5e5a
00605f5b
0061605c
0062615d
0063625e
0065635f
00686561
00696663
006b6864
006b6a65
006f6b67
007d7e7e
007f7e7e
0049292b
007f7e7e
007c7e7e
007f7f7c
00756964
00625d58
005d5754
0058534f
00433232
00322a27
00514e4b
004c4a46
004b4844
0045393d
00343a38
00272a34
0024282c
00303235
002a2d36
00424341
00231515
001d1b20
00150f0f
00180e0d
00090909
000b0810
000b0710
00140911
003f3436
00423c39
003f3c39
00403b3b
002e2c2c
00403635
0044403c
00494442
00584d4a
00706260
006c706c
00401213
00807d7e
007d7f7e
007e7e7e
00575651
00595652
00595652
005a5754
00595654
00595652
00585753
00595554
00595654
00585654
00575553
00595553
00585452
00565352
00545351
00535250
00535250
0053514f
0052504e
00514f4d
00514f4d
00514f4d
00504f4d
004d4d4b
004e4d4b
004e4c4a
004c4c4a
004d4c4a
004e4c4a
004e4d4b
004d4c4a
004c4c4a
004c4c4a
00494947
004a4a4a
00494949
00484848
001d2d33
001a2d3c
00051027
00171135
001c1435
001f1f36
00202131
00171130
001f1133
00231129
0041383f
00131a1f
000e0d0f
00101111
0011120d
00131413
00111616
001a1f24
001c1c29
0028232d
0039393f
00313539
001b2a2d
001a323a
00222328
00363b3b
00393d3d
00242626
00313333
00323333
00303030
00404040
00414140
0041413f
003a3b3b
0036393a
00363938
00373a39
00393c3b
00363a3a
0010161b
00192832
00122534
00152c3d
000f2b36
000b2325
000e2020
000e2322
000d2b28
00102f33
0014313a
0016313c
00152e3b
001c323d
0014253b
00142a3d
0012263c
00152a3d
00142a3c
0018243d
00181d30
00101016
00151847
00141a4d
00151a50
00161a52
00161a4f
00141949
00141948
00141945
00151533
00111840
0013183f
000a0910
0027404b
000d3841
00153e49
00060912
00080b13
00093640
00100c13
00181b53
00121231
00090a0f
000b0f19
0010171d
000b0910
001c2147
00141944
00131a45
00141947
00151a4d
00151a4b
00161c4f
00161c4e
00424547
00444646
00454847
00464948
00474949
00474949
00484a4a
00484a4a
00474a49
00484a4a
00474a49
00494a4a
00494a4a
004b4b49
004a4b49
004b4b49
004b4b49
004a4b49
004b4c4a
004c4c4a
004c4c4a
004c4c4a
004c4c4a
004d4d4b
004d4d4b
004d4d4b
004d4d4b
004d4d4b
004d4d4b
004d4d4b
004d4d4b
004d4d4b
004d4d4b
004e4f4d
004f504e
0050514f
0051514f
0051514f
0051514f
0052524f
0051524f
00525351
00525250
00525351
00535351
00525351
00535351
00525351
00535351
00545452
00545452
00545452
00555553
00565555
00565654
00595854
00595854
00595955
00595856
00585856
00595957
005a5957
005b5a57
005b5b58
005d5c57
005e5d58
005e5d58
005e5e59
005f5f5a
00605f5b
0061605c
0061615d
0063625e
00666360
00686561
00686562
006a6764
006e6965
00727270
007e7f7f
004f292c
003d3536
007d7f7f
007d7e7e
0078706b
00665e5a
005c5753
0057534f
00504546
00342a28
00201d19
004f4d48
004c4945
004d4445
0013070a
002b2a2a
002a2d36
0023262e
00303037
002b2d36
004c4b49
00291d1b
001f1c21
00181411
00231918
000e0d12
000b0712
000a0811
000d0712
0021131c
003e3a38
00413c38
00413c3a
00373835
002d2221
003f3c38
0045423e
004e4844
0062554f
007e7c79
00201a16
006f3e45
00797f7f
007a7f7f
00717573
005b5855
005a5653
00595653
00595653
00595652
00595753
00595755
00585654
00585654
00585654
00585554
00575553
00565553
00555452
00545250
0053514f
00535250
0053514f
0052504e
0052504e
0051504e
00524f4e
00504e4c
004f4d4b
004f4d4b
004e4e4c
004e4d4b
004f4d4b
004e4d4b
004d4d4b
004d4c4a
004a4a48
004c4b4a
004a4a4a
004a4949
00464848
001b2e37
001b323b
001c3b40
002c4751
00010f24
001a1135
001f1630
001d1e34
001c1c31
000f0c2b
001b0d30
001a0d2b
00393742
00121d17
000e130e
000f1211
000d1114
00151c27
00131e2b
00131e2c
001a1c2d
00171124
003c3d45
00222b2d
001f1f1f
00383d3f
00393e3f
003a3d3f
003a3d3f
003f4142
003e3e3e
00404040
00414141
00414241
00383a39
00373a39
00363939
00383a3a
003b3c3b
00353b3c
00141a21
00253235
00122331
00112031
000b2329
000c1f21
00091f1e
000f2424
000e2c29
00123137
0015313d
0016313c
0017303d
001a303d
00142037
00121d35
000d1731
00152a3e
00162c3d
00112b3d
001c2b34
00110f19
00151947
00141a4d
00151a50
00161a52
00161a4f
0015194a
00141948
00141845
0015152c
00151940
00111643
000a0a22
0005050d
00133942
000a3946
00133b45
00173e48
000c3741
00100a14
00141849
00060617
000e0b11
00283840
001e303b
000b0b10
00202349
00151848
00131945
00131846
00171c4f
00161a4c
00161b50
0015194d
00444851
00444646
00464747
00464848
00474949
00464948
00474949
00484a4a
00484a4a
00484a49
004a4c49
004a4b4a
004a4b4a
004b4b49
004a4b49
004b4b49
004b4b49
004b4b49
004b4c4a
004c4c4a
004c4c4a
004c4c4a
004c4d4b
004d4d4b
004d4d4b
004d4d4b
004d4e4c
004d4d4b
004d4e4c
004d4d4b
004d4e4c
004d4d4b
004d4e4d
004e4f4d
0050504d
0051514f
0051514f
0051514f
00525250
00515250
00525350
00535351
00535351
00535351
00535351
00535452
00535351
00525351
00535452
00545452
00545553
00545553
00555553
00565756
00585755
00595854
005a5856
005a5856
00585855
00585956
00595856
005b5957
005b5a57
005d5c58
005d5b59
005d5c5a
005c5c5a
005f5d5b
00605e5b
00615f5d
0061605c
0063605d
0065625e
00666360
00666561
00686561
00676460
00676764
007f7f7f
007e7b7c
003e3230
007d7f7f
007d7f7f
007f7e7a
00726662
00615c57
005a5551
0053504e
00483d3e
0030302a
0042403c
004f4b49
004d4a48
00312529
000f0a0b
000d0a0b
001b1a1e
00252a31
002e2f37
00282d33
003a3938
003e3230
00291f20
001a1415
001e1a1a
000d0d15
000a0a12
00080811
000a0711
00130f1a
003f3638
00403b38
00403c39
003c3b37
000e0906
00403a38
00443f3c
00484440
00564c49
006d5f5b
00807e7c
00301713
007f7b7b
007d7e7e
007a7f7e
00545450
00595652
00595653
00595653
00595653
005a5753
00595755
00585755
00595654
00595654
00575553
00575553
00565452
00565452
00545351
00545250
00545250
00535250
0053514f
0052514f
0052504e
00514f4d
004f4f4d
00504e4c
004f4e4c
004d4d4b
004e4d4b
004f4d4b
004e4d4b
004d4b49
004c4a48
004d4c4a
004c4b4a
004a4b4b
004a4949
00454949
001a3138
001b363c
001f3e41
00244245
00254448
00334d55
000c1529
00190f30
001e1733
001d1d36
00120d34
00130e33
001b0e31
001e142b
00202129
001a1e21
00081212
00181e2a
00151d28
000e1b28
000f182a
0014172c
001c162c
002e2936
00373d3f
003a3c3e
003c3d3f
003c3d3e
003d3d3e
003e3f3f
003e3f3f
00414040
00414141
00414141
00383b3a
00373a39
00373939
003a3b3b
003a3b3b
00313839
00192426
00293235
00152730
000e252d
000b2124
00091d1e
000b2120
000f2726
000e2e2d
00113137
0014313e
0016313c
0017303c
00142f3b
000f1d30
0008122a
000a142d
001a273c
0018263a
00132537
00212e36
00100f1b
00141847
00141a4d
00151a50
00161a52
00151a4e
00141948
00131947
00141743
000d0d1d
0016193d
00121742
0013173c
000b0a11
00020a12
00103a47
000a3a48
00103a47
00193a42
000b0a13
0012184a
000f112e
000d0a11
000d0c14
000d0d12
000b0a10
001f2247
00151849
00131a45
00131846
00161b4e
00161a4b
00151b4f
00191c50
00424659
00444647
00474847
00464848
00474949
00464948
00474949
00484a4a
00484b4a
004a4a49
004a4b4a
004a4b4a
00494a49
004b4b49
004b4b49
004b4b49
004b4b49
004b4c4a
004b4c4a
004c4c4a
004c4c4a
004d4d4b
004d4d4b
004d4d4b
004d4d4b
004d4d4b
004e4e4c
004d4d4b
004c4d4b
004d4d4b
004d4d4b
004e4e4c
004d4e4d
0050504d
0050514e
0051514f
0051514f
00515250
00525250
00525351
00535351
00525351
00535351
00535452
00545452
00545452
00535452
00535452
00535452
00535452
00555654
00555654
00555654
00555655
00595755
00595955
005a5856
005a5856
005a5856
00585856
00585856
005b5957
005c5a58
005d5c58
005d5c5a
005e5c5a
005f5d5b
005f5d5b
00605f5d
00615f5d
0062615d
0063605d
0065625e
0066635f
00676461
00686561
00686562
007e7c7c
007f7e7e
003a1b1b
00514f4f
007f7f7f
007f7e7e
00756c66
00655e5a
005e5854
0056524f
00514e4b
00483e3c
0035312d
002f2926
004e4a46
004a4443
0016090e
000c0909
000b0909
000d0c0c
00222426
002c2e37
00282d33
00212323
00433834
002f231d
00171213
000f0a12
000e1011
000c0e10
00121018
0009080f
000e0e17
001e1017
00403c3a
00413c39
003f3a38
0032332f
00403031
00443d39
0046413f
004c4743
005f514e
007b7674
002e2d29
00632b2c
007c7d7e
007b7e7d
007f7f7d
0056544e
00585654
005a5653
005a5755
005a5753
00585854
005a5754
005a5754
00595653
00595654
00575553
00575553
00565452
00565553
00555452
00545250
00535250
00545250
0053514f
0052514f
0051504e
0050504e
00514f4d
004f4e4c
004f4d4b
00504e4c
004e4e4c
004c4c4a
004d4c4a
004d4c4a
004d4c4a
004c4c4b
004b4b49
004b4a4a
0040484a
001e2e36
00253c41
00214044
00234247
0028464a
00314e51
00345253
00254049
00020d21
00130d32
00110f35
00120e33
00160e35
00130d2c
00130c23
00170d2a
00241f34
00212c35
00121f29
000f1827
00101428
000f1429
00111429
0015152c
001c1226
003e393d
003a3c3d
003f3e3e
00403e40
00423f40
00403f40
00404040
003f4040
00404141
00383a3a
00373939
00373939
003a3c3c
003a3c3c
00343836
002c3433
00272e32
00192b2d
00113132
000a2626
000b2221
000c2320
000c2624
00102f2f
00113238
0014303d
0014303a
0016303d
00152f3c
00122737
00122337
00102436
00232c3d
00111b34
00152e3d
00151c29
000f101d
00141849
0013194b
00161950
00171a52
00151a4e
0014184a
00131947
00131845
000c1034
0013183f
00111741
00111028
00070a11
000a0a0f
00030610
00143c4a
00183c45
00070b13
00060714
00151952
0018193d
000c0a13
00181d25
00000004
000a0a11
001c1f41
00151a46
00121a45
00121945
00151a4f
00161b4d
00151b50
00171b50
0031344d
00434548
0047464b
00464948
00464949
00474a49
00484a4a
00484a4a
004a4b4b
004b4a4b
004b4b4c
004a4b4a
004a4b4a
00484c49
004a4c4a
004c4c4a
004c4c4a
004b4c4a
004b4c4a
004c4d4b
004d4d4b
004d4d4b
004d4d4b
004d4e4c
004e4e4c
004e4e4c
004e4e4c
004d4e4c
004e4e4c
004e4e4c
004d4d4b
004d4e4c
004e4f4d
004f504e
0050504e
0051514f
00515250
00525250
00525250
00535351
00535351
00535351
00535452
00545452
00545452
00535351
00535351
00545452
00535452
00555553
00555553
00545553
00565553
00595656
00585856
00575856
005a5857
005b5956
00585756
00575857
005b5959
005d5b58
005c5a58
005c5b59
005d5c5a
005e5d5b
005f5d5b
005e5d5b
00605d5c
00635f5d
00625f5c
0064615d
0064625e
00656460
00686462
006a6662
00626160
007e7d7c
00644f51
00372b2b
007e7f7f
007d7f7f
007e7975
006e625d
00605955
0057534f
0053504c
004f4c48
00483f3c
00332a26
00241d1b
004d4a47
00241b1c
00281d23
000a0808
000b0809
000c0a0a
00201e1d
002b2c36
00282d36
002a2e30
00493e36
0034271d
00131113
000d0c10
000f1112
000e0c14
001a181d
00090c10
000d0f18
00130d16
00413538
003f3b39
003e3a3a
00383936
00150b0a
003e3a37
00433f3c
00474341
00544a47
006b5d5a
007c7e7b
00301713
007b6567
007a7e7e
007e7f7e
006c6e6a
00595752
00585654
005a5755
005a5754
00595854
005a5753
00595653
00595653
00595654
00595755
00575654
00565553
00565553
00565553
00555351
00545250
00545250
00535250
0053514f
0052514f
0052504e
00514f4d
00504f4d
00504e4c
00504e4c
004d4d4b
004c4d4b
004d4d4b
004d4c4a
004d4d4b
004c4c4a
004c4c4a
004a4b4a
0029383e
001b2126
000e171b
00274447
00284749
002a4749
00364f52
003a5356
00415e5f
00456266
00334f57
000c122f
00120e34
00110f33
00120d2d
00120d28
00130d2e
00160e32
00170c2b
002b2a3c
00333c49
00081124
000f132c
0010172e
0011162e
00151c34
00221f38
00231c2e
003a3440
00423f41
00414040
003f3f3f
00423f40
00414141
00424040
0037393a
00373939
00373939
003b3d3d
003a3b3b
00252d2f
00222627
00162326
00153031
000f3030
000a2827
000b2322
000b2420
000b2826
000e2c2c
00113236
00132e3a
0013303b
00132f3d
0016303d
00162f3c
00132b3a
00102535
000b192b
00131d35
0017273c
000e1521
000b0d1d
00141848
0013194c
00171a51
00171a52
00151a4e
0014184a
00131948
00131946
00111843
00111843
0013173d
000a0710
00010912
001d3039
0001010b
0006101c
00020511
000b090f
0016193d
00161b4f
00040519
000d0a11
00313740
0004050e
000a0a10
00151735
00131a46
00141845
00141845
00151b4e
00161b4c
00151a50
00161a4e
001b2040
0045464a
0048474a
00474949
00474949
00484949
00484949
004a4a4a
004b4b4b
004a4b4a
004b4c4b
004b4b4a
004b4b4a
004a4c4a
004c4c4a
004c4c4a
004b4c4a
004c4c4a
004c4d4b
004d4d4b
004d4d4b
004d4d4b
004d4d4b
004e4e4c
004e4e4c
004e4e4c
004e4e4c
004e4e4c
004e4e4c
004e4e4c
004d4d4b
004d4e4c
004f4f4d
0050514f
0051514f
00525250
00525250
00525351
00535351
00535351
00535351
00535452
00535452
00535351
00535351
00535351
00535452
00545452
00545553
00555553
00555553
00555654
00575755
00585656
00585755
00595856
005b5957
005a5955
00575652
005a5956
005c5b58
005d5c57
005b5957
005c5b57
005e5c5a
005e5d5b
005f5c5b
005f5e5c
00605e5c
00625f5c
0063605c
0064615d
0065625e
0064635e
0066645f
00666260
007d7d7d
007c7d7d
00472c2e
00787776
007e7f7f
007f807d
00776b67
00665f5a
005c5653
0055524f
00514e4b
004e4b48
00484441
00231716
00261c1c
00524e4a
003c3133
00191117
000b0809
000c0808
00090909
00191315
0026292c
00262c34
00272e32
004b433b
003b2321
00131112
00111111
000e0f13
000f0b16
001b181b
000b0b11
000c0e18
000c0a13
00170910
00403a3a
003e3b39
003f3a38
002f322c
00403232
00413c38
0044413e
004c4643
005d504b
00726966
0050504b
00622c2d
007e7f7f
00777d7c
0078807d
0051544e
00595655
005b5756
005a5754
005a5854
005a5754
005a5754
005a5754
00595654
00585654
00595654
00595654
00595554
00565553
00565452
00555351
00545250
00545250
00545250
0053514f
0053504f
0052504e
00514f4d
00504f4d
00504e4c
004f4e4c
004e4e4c
004e4e4c
004f4d4b
004e4d4b
004d4d4b
004c4c4a
004b4a4a
001b3135
00101919
00212f30
00264447
002d494b
00304c50
002e474b
00374d4f
00486062
00446062
003a565b
00102d34
00142533
000f1430
00131032
00100c2c
00110f30
00130f33
00140e36
00161039
001d1037
001e142f
0038404e
000d162a
00141631
00121b33
00121f36
00141f39
001b213d
002f2c36
002b252b
002b1d1d
003e3a3a
00464245
003f4041
0037393a
00363839
00363838
003b3e3d
003b3c3b
00101d22
00081418
00102a2d
000b2528
0010282a
000c2526
000a2221
000c2523
000b2826
000c2c2b
001a3437
0018252e
0013303e
00162f3c
0017323e
0015303b
0013303b
0016303d
0013313c
000b1f32
0013243b
000d131c
000b0d1f
00151948
00151a4e
00171b50
00161a51
0015194d
0015194a
00131948
00141947
00131946
00121844
000c0f2a
0003050c
0009363e
00093743
00143c45
00110b15
00273d48
00120f15
00191a47
00141a4f
0015163c
000d0a12
0021292e
0043545a
000b0a10
000c0f29
00141a49
00131945
00131945
00151a51
00141a4a
00171c50
00171c50
0011133e
00454449
00444847
00484949
00494a4a
004a4a4a
004c4b4b
004a4b4b
004a4b4b
004c4c4a
004c4c4a
004c4c4c
004b4c4b
004c4c4a
004d4c4a
004c4c4a
004c4c4a
004c4d4b
004d4d4b
004d4d4b
004d4d4b
004d4e4c
004e4e4c
004e4e4c
004e4e4c
004e4f4d
004e4e4c
004e4e4c
004c4e4c
004b4d4b
004d4e4c
004e4f4d
004f504e
0051514f
00525250
00535250
00535351
00535351
00535452
00545452
00545351
00535351
00535351
00535351
00535452
00535452
00545452
00535452
00545452
00555553
00555654
00565755
00585755
00585756
00595856
005b5957
005a5955
005a5954
00595a56
005b5b59
005d5b59
005d5b59
005c5a5a
005d5c5a
005f5d5b
005e5d5b
005f5e5c
00605f5c
00605f5c
00625f5c
0063605d
0063625e
0065625e
0065625e
00676563
007e7d7d
007d7f7f
0040272b
002e2f2d
007d7f7e
007f7f7e
007c736f
006c635e
005f5956
00585350
00524f4c
00504d49
004d4a47
00484644
003b3535
001b1615
00484941
00786a70
00191117
000b0809
000a0707
000d0e0d
000f080b
00121415
00232932
00252930
004b433f
001f0d13
00140e0d
00161214
000e0c11
00110c14
001b191b
000a0b14
000a1118
000b0b11
000d050c
00382c30
00403a38
00413b38
00373a35
000f0504
003d3836
00443e3b
00464240
004e4947
00685853
007f7e7d
00261d16
00714b4f
007e7e7e
007e807d
007d7f7c
00565551
005a5755
005a5753
005b5854
005b5854
005a5754
00595754
00595654
00585654
00595654
00595654
00595654
00575553
00565452
00555452
00555351
00535250
00535250
00545250
0053514f
0053514f
0052504e
00504f4d
00504f4c
00524e4d
004f4e4c
004e4e4c
004e4f4d
004d4d4b
004c4d4b
004c4c49
00484b4a
00233c40
002a4246
00384f50
00445e5f
00334d4f
00334d4f
00365154
00334c50
00385155
00364d51
003b5558
003b5658
0009272c
000f2631
00102836
00172b3a
00020921
00110e34
00110e34
00130e37
00151139
00180f3a
00180c35
001f1b35
002b3140
000e1832
00131d39
00131e38
00172039
002e313b
002c3539
001e2323
002b272a
002e2a30
0039373a
00383a3b
0035393a
00343736
003c3d3d
003a3c3b
000b191f
00122022
000e2225
000c2023
000c1f20
000c1e1e
000d2120
000b2320
000c2a27
000e2d2b
00153434
000d0e14
00182e39
00142f3d
0015303d
0015313d
0016313d
0016323d
0017333e
00132f3d
0016303e
000b0e19
000c0e23
00141849
00141a4c
00151b4f
00161b52
00161a4e
00151a49
00141949
00141948
00141947
00131844
0007081f
00000c14
00223a44
002b3e49
00153a44
000f0911
0014272e
0001050c
000d1028
00151c4f
00191c46
000c0b11
0014161e
002c3b42
00090a11
0005051e
00131a4a
00131946
00131945
00151b4f
00141b4c
00171c4f
00161c4e
00171949
0046464b
00474848
00474949
00484b4a
00494a4a
004b4b4b
004a4b4b
004b4b4b
004b4b4b
004c4c4c
004c4b4c
004c4c4b
004c4d4b
004c4d4b
004d4d4c
004c4d4c
004c4d4c
004d4d4b
004d4d4b
004d4e4c
004d4d4b
004e4e4c
004e4e4c
004e4f4d
004e4f4d
004e4e4c
004e4e4c
004c4e4c
004c4e4c
004e4f4d
004f4f4d
0051514f
0051514f
00525250
00535250
00545351
00535351
00535452
00545351
00545351
00535351
00525351
00535351
00535452
00535452
00545452
00555452
00555452
00555553
00565755
00575856
00575755
00575856
00595856
005a5957
005a5955
005b5a56
005c5b57
005c5b59
005d5b59
005d5b59
005d5c59
005e5c5a
005f5d5b
005f5e5c
00605e5c
00605e5c
0061605b
0062605c
0064615d
0062615d
0064625e
0064615e
005f5e5d
007f7f7f
00807c7d
003e292c
007d7d7d
007f7f7f
007f7d7a
00736964
00675e5a
005d5754
0057524f
00524f4b
004e4b48
004d4a46
00494744
00423e3d
00252d26
003f3734
001f0a13
00191318
000b080a
000a0808
000f0d0e
000c090a
000d0d0c
0023282f
00262c32
0047393a
0012080e
00130d0e
00201e1c
00181617
00171519
001a171b
000c0f19
00091117
00090b12
000c070d
0011060d
00403839
003e3b39
003d3a36
00363633
003c2c2c
00413c38
00453f3c
00494643
00584e4b
006f615c
00717373
004e2325
007e7c7d
007c7e7e
007f7f7e
006a6d65
005d5854
005a5754
005a5753
00595854
00595854
005a5754
00585654
00595754
00585654
00585654
00585653
00575654
00575553
00565553
00565452
00545351
00515250
00545250
00545250
0053514f
0052504e
0051504e
00514f4d
00514f4d
004f4f4d
004f4e4c
004f4e4c
004f4e4c
004d4d4c
004d4c4c
00434a49
001f3239
001f333a
0023333a
00425056
004f6264
003b5253
003b5355
00354f51
00385256
00365053
00385356
00324b4e
00415e60
00224042
0027484a
00395256
00496668
00152a3a
000a0f2c
00130e35
00140f3a
00150f3a
00120e3a
00160e3a
00180c35
002e2e43
00152437
00101631
0016102b
002f2938
0032393b
00262931
00292c33
002b2c35
0036353b
00393c3d
00363a3c
00313636
003c3d3e
003b3c3b
00102025
00111b1f
000e2021
000b1f1f
000e1e1e
000c1c1b
000f2320
000b2421
000d2c2a
000d2e2e
000d2f2e
00100d0f
00101319
00132a39
00142f3d
0013303e
0013313c
0016313d
00173340
0014303f
00173340
00040a13
000b0d27
0013184c
00161a4e
00161b51
00151c53
00141a4e
0015194a
00111947
00121844
00121943
00141943
00070720
00071219
00070611
000c0a11
001e3d44
000c0b13
00070710
00223841
000a0915
00141b4e
00111133
000c0912
00080b11
00151c1f
000d0a10
00030318
0013194a
00131945
00131945
00161b4d
00151b4c
00171b4f
00171b4f
00171c4e
00474647
0047484a
00474a49
00474a49
00494b4a
004b4b4b
004c4c4b
004d4c4c
004c4c4c
004a4c4c
004b4d4c
004b4d4c
004e4d4b
004d4d4b
004e4d4d
004d4d4c
004b4d4a
004c4d4c
004f4c4d
004d4d4b
004d4d4b
004d4e4c
004d4d4b
004e4f4d
004e4f4d
004f4f4d
004e4f4d
004e4f4d
004f4f4d
004f4f4d
0050504e
0051514f
0051514f
00525250
00535351
00535351
00535351
00535351
00525351
00525351
00535351
00535452
00545452
00545452
00545452
00545452
00555553
00555654
00555654
00565755
00565755
00575856
00585957
00595957
00585856
00595856
005b5a58
005d5b59
005d5b59
005c5b59
005c5c58
005e5d59
005e5c5a
005f5d5b
00605e5c
00605e5c
00605e5c
0061605d
0063605c
0064615d
0064615d
0063605c
0061605e
007e7f7e
007c7d7d
004c2a2e
00484242
007d7f7f
007e807f
007a6f6a
006a615d
005f5955
00595552
0054514d
00504d49
004e4b48
004c4946
004a4644
0041443f
00696965
00251618
00201419
00161319
000c090a
000f0d0d
000d0708
000b0607
000c0809
00222729
00292a2a
00190e12
000b080b
00180d0f
0034332e
00151210
00181415
00120e16
00111920
000b1319
00090b12
000c090d
000e070e
002d2124
003e3938
003c3a37
003a3a36
00130908
003f3737
00433e39
0046423f
004f4844
005c524e
007e7975
002f2a25
00652b31
00797f7d
007d7f7e
007d7f7b
0051544c
005a5654
005c5854
005a5854
00595854
005a5754
005c5755
005a5755
00595755
00585654
00585654
00585755
00575553
00575553
00565553
00565452
00555452
00545250
00545250
00545250
0053514f
0052514f
0052504e
0052504e
0050504e
004f4f4d
004f4f4d
004e4e4c
004d4d4c
004d4c4c
002d393b
0013222a
0013222b
0016232b
001c262e
00263037
00334348
0031484c
002d4347
002d4044
00374a4d
00576a6f
004e6a6b
00546c6e
003d595a
00446365
003b585b
00466467
001c3940
00132d37
000d1a2f
000e0f33
00130f39
00120f38
00130e3a
00140f39
00190f37
001c1733
002e3447
00161a2a
00100d1a
0036343d
00282935
002d2c35
002e2e38
002e2f37
00393a3f
0031373e
0032343b
003c3c3e
00363a3b
001a2e33
000e2024
000e2123
000a2021
000b1e1e
000c1e1d
000c2120
000d2726
000d2d2c
000f2e2e
000d2828
000c0b0d
000c0c11
00101925
00112131
00122938
00162e3b
0016303c
0016323e
0016313f
00193540
00070c15
000c0e2a
0014184e
00161a50
00161b53
00151b51
0013184a
00141a48
0016163a
00080717
00070814
00151734
000e0e24
0000010b
0007141d
000d0911
00214046
000c0a11
000e0a11
001c3842
000f0a13
0017194a
00171b46
000c0a0f
0001030a
00102c34
0008070f
00020314
00131949
00141a46
00131945
00171b4f
00151b4c
00161b4f
00181c50
00181d50
00464647
00474949
00484a4a
00484b4a
00494b4b
004b4b4b
004a4c4b
004b4c4c
004d4d4d
004b4d4d
004d4d4b
004d4e4c
004e4e4c
004d4d4b
004d4c4c
004c4d4c
004c4e4b
004c4d4c
004e4d4d
004d4e4c
004d4d4b
004e4e4c
004e4e4c
004e4f4d
004e4e4c
004f4f4d
004f4f4d
004f4f4d
004f4f4d
004f4f4d
0050504e
0051514f
00515250
00525250
00525250
00525250
00525351
00525350
00535351
00535351
00535452
00545452
00545452
00545452
00545452
00555553
00555654
00565755
00585755
00595755
00595856
005a5957
005a5957
00585856
005a5957
005b5a58
005c5a58
005c5a58
005c5b59
005c5c5a
005e5d59
005f5e5a
005f5d5b
005f5e5b
00605e5c
00605f5a
0061605b
0062615c
0063605c
0064615d
0064605d
0064625f
007f7d7d
00807f7f
006d5153
002d2625
007e7f7e
007f7f7f
007d7673
00736661
00635c58
005b5652
0056524f
00524f4b
004f4c49
004d4a48
004b4846
00494643
004a4947
00231014
00140e11
00514547
00141217
000d0b0c
000d0708
000a0707
00090607
000b0708
00222321
002e2726
0011090c
00090809
00200e13
0037322e
00171a15
00141313
000e0f16
00141c1f
000f171c
000c0a13
000e0e0f
000a070e
0012080c
003f3838
003c3a38
003a3935
00373834
002e1d1d
003f3b37
00433f3b
00494340
00514b48
006c5b55
007b7e7d
003a1e1a
0080696c
007e7f7e
007f7f7e
00727d75
00524f4a
005a5754
005a5754
005a5754
005a5754
005a5754
00595755
005a5754
00595655
00585654
00585654
00585654
00585753
00575553
00575553
00565452
00555452
00555351
00555351
00535250
00535250
0053514f
0052514f
0051514f
0050504e
004f504e
004f504e
004e4e4c
004e4d4c
00283c3c
00142e33
00152d35
0012232b
00111e25
00131b22
00151e27
0013232b
0020313b
00243a42
001f353c
001d2d35
0025383f
00304249
003a5156
003c595c
00415f64
002c474e
001f3c41
0017353a
000f2730
00112934
001e2f43
00080c2f
00140f3a
00110d39
00140e3a
00170d3a
001d0f36
00190b30
00322845
003d3a4d
00333744
00282c35
002c2b34
002e2f39
0031353e
003b424b
0030333c
0037393b
00272f30
00182a2f
0015262b
000f2326
000b2324
000b2021
000d2120
000b2221
000e2828
000d2828
000f2f2e
000f2727
000f0f12
00100d0f
000c0f16
00121e2a
00122031
00122334
00132b3b
00142d3f
00152d3c
001c3540
000f141b
000a0c2a
0013174d
00161a50
00171b54
00141a4d
00171b4c
001a1b42
000f0a15
0004050c
0003060d
00060a11
000d0d18
000b0b13
00163b44
0002040d
0025434b
000c0913
000e0a12
00314a54
0003040e
00161636
00161a44
000d0c12
000a0a12
0000050c
00100b13
00060717
0014194d
00131a45
00131a45
00171c51
00161c4e
00161c51
00171c51
00171c50
00424543
00464948
00484a4b
00494b4b
004a4c4c
004a4c4c
004d4d4d
004d4d4d
004c4d4d
004c4d4c
004d4d4c
004b4d4d
004c4d4c
004c4d4c
004c4e4e
004c4d4c
004d4d4b
004d4d4c
004e4e4e
004d4d4c
004d4e4d
004e4f4d
004e4e4c
004e4f4d
004e4f4d
004f504e
004f504e
004f504e
004f4f4d
0050514f
0050504e
0050514f
00525250
00525250
0051514f
00525351
00535351
00535351
00535351
00545452
00535452
00535452
00545452
00545452
00555553
00555654
00565654
00575755
00555754
00585856
005a5856
005a5856
005a5856
00595957
005c5a58
005c5a58
005c5a58
005c5a58
005d5b59
005e5c5b
005e5d5a
005f5e5a
00605e5c
00605e5c
00605e5c
00605f5b
0061605c
0061605c
0063605d
0063605d
0064615e
006a6867
00807f7f
007f7f7e
003c2527
007e7e7c
007e7f7e
00807f7d
00776a64
00675f5b
005e5954
00585350
0054504c
00514e4a
004f4c49
004d4a47
004b4746
00494140
00311c1f
00180b10
00212421
00625558
00111217
000d090a
000b0708
000b0607
000a0607
0009070a
00262320
002f2424
000c0608
00080808
00291a1c
003a322d
002e312b
00161313
00141617
0014181a
00121c20
00100915
000f100f
000a090f
000e0a0d
00211719
003b3836
00393532
00353833
001e1b17
003e3233
00423d3a
0046413e
004b4543
00594f4c
00756863
00565954
005e2224
007c7d7d
00807f7f
007f7f7c
00656f66
00575451
005a5753
005a5754
005a5754
005a5754
005a5753
005b5755
005a5755
00585755
00585755
00585755
00585753
00585654
00575553
00565553
00565452
00555452
00555351
00545351
00545250
00545250
0053514f
0051514f
0050514f
0050504e
004f4f4d
004e4f4d
004d4d4b
00203334
00203a40
001e3d41
00162f37
00111e27
0010191f
000f191e
00121c23
00121c25
00121f27
0017252f
001c2f36
001c3039
001e3239
003d4b52
00455e64
00476066
001e3c41
002e4a4d
00224046
000f2b32
00122731
00213c45
0019373f
00122136
000f1032
00120e37
00130e38
00100c39
00150e3d
00160e3d
001d1140
001f0b38
00210d34
003a3046
00423e4b
003b3e45
003e4348
002b2f39
0035363b
002d3135
000f181c
000c171b
000e2325
000b2324
000c2324
000b2322
000a2525
000f2a2b
00292d28
00222927
00232924
00191a17
00131311
000c0f11
000e1118
00121c29
0012212b
00162c3a
00162e3c
00192e3e
001c323e
0013171e
000f1130
0014184d
00171b50
00161a53
00131a4c
0015194b
00070619
0000020a
00143c40
00113f44
00091b22
000c0a12
0008080f
001e3c45
00193f4a
00193d47
000c0914
000e0913
002c454f
00040c16
00090c25
00171944
000d0b11
0004050b
0007262b
00080812
00080915
0015194b
00141a45
00131a45
00161d53
00171e54
00171d55
00161b51
00171e51
0042484a
0048484e
00484a4b
00494b4b
004c4c4c
004d4c4c
004c4c4c
004a4c4c
004c4d4d
004c4e4b
004e4d4b
004d4d4d
004d4e4f
004c4d4d
004b4e4d
004c4d4c
004d4e4c
004d4e4d
004e4e4e
004d4d4c
004e4f4e
004e4f4d
004f4f4d
004f4f4d
004f4f4d
0050504e
0050504e
0050504e
0050514f
0050514f
0050514f
0050514f
00525250
00525250
00525351
00535452
00535351
00535351
00535351
00535452
00535351
00545452
00545553
00555553
00555553
00565654
00565654
00575856
00575856
00595856
005a5856
005a5957
005c5a58
005c5a58
005e5a58
005b5a58
005b5a58
005c5b59
005d5c5a
005e5c5b
005f5d5b
005f5e5a
005f5d5b
005f5e5e
00605e5c
00625f5c
0064615c
0063605c
0063605d
0064605c
005e5a59
007e7e7f
007d7e7e
00311215
00313030
007e7e7e
007e7f7f
0078716d
006b625d
00615b57
005a5550
0056514d
00524e4b
00504d49
004e4b48
004c4947
00494644
003c2c30
00140f0f
002a2725
003e3835
000f080c
00141117
00090609
000a0708
000a0607
00080607
00080808
00292722
002c2222
000c0709
00090909
00352b27
003b322d
003b342e
00191b15
000f0e0e
0018191d
000f141a
000e0914
00130f14
000b090f
000e0b0d
00130a10
003d3437
003c3936
003d3a37
00383935
00190a08
00413b39
00433e3c
0047433f
004f4845
00665855
007d7b79
002b1c18
00653a3f
007b7b7b
007f7f7e
007b7f7a
00585e55
005a5553
00595653
00595653
005a5753
005a5755
005a5755
005a5755
00595755
005a5755
005b5753
00595755
00585755
00585654
00575654
00565553
00565553
00555452
00555351
00555351
00545250
00535250
0052514f
00515250
0050514f
0050514f
004f504d
00494948
0029343a
00213940
001e383e
00213f43
000f292d
00273b40
00061318
0011181f
00101820
00101a1f
00121c24
00101d24
0016262d
00172a32
001f2c35
00525f67
004b6268
00153138
00516a6d
002e4e50
0019363d
00132931
00173137
00264449
00112c36
00102832
00111a32
00120e38
00110e38
00120e3b
00140f3b
00140f3c
0014103b
0015103c
001c113f
002d2045
00221131
00301f3a
00383445
002e323a
002b3135
000f1418
000f1419
000d1f20
000d2122
000c2223
000b2121
000b2221
00122928
002e291f
0024221f
00312b1c
002f2219
002d251c
001c1715
0012151a
003e494a
003c4847
001b2a2c
00152b3a
001a2f3f
001a2f3e
00171922
000e1032
0015184c
00151b52
00141c53
0014194d
00131949
000a0a13
001d3f44
000c3c41
00103b44
000e3a40
00031119
000e0b13
00060a14
000d3840
000f3a47
001c3944
0010212c
000c3740
000b1420
000a0821
00151a4d
000f0c14
00090a0f
0004060e
000b0b14
000b0a14
00131c49
00141a49
00171c50
00171d54
00181d55
00181d55
00161d52
00171d51
00464a4f
00484a4c
004a4b4b
004b4a4a
004a4b4b
004b4b4b
004c4c4c
004b4d4d
004b4d4d
004b4d4d
004c4d4d
004c4d4d
004c4c4b
004d4d4c
004d4d4c
004d4d4e
004e4f4d
004e4e4c
004e4e4c
004f4f4d
004e4f4d
004e4f4d
004f4f4d
0050514e
0050514f
0050504e
004f504e
0050514f
0051514f
00515250
0051514f
00515250
00525250
00535351
00525351
00535351
00535351
00525351
00535452
00535452
00535452
00545553
00555553
00555553
00555654
00565755
00575856
00585856
00595856
00595957
005a5957
00595957
005c5a58
005c5a58
005c5a59
005b5a58
005d5a58
005b5a58
005d5c5a
00605d5b
00605d5b
00605d5a
00605d5a
00615e5b
00625f5c
00625f5b
0063605c
0063605c
00625f5c
00635e5c
007f7e7d
007f7e80
00695155
00342727
007e7c7c
007e7f7e
007f7c79
00736862
00655e59
005d5753
00585350
00534f4c
00514d49
00504c48
004f4a47
004c4845
004b4345
0014070b
000e0d0b
002c1d1e
001f1215
00140d12
00121116
000b080a
00090607
00090607
00080606
00090b08
002f2c27
00281d1e
000b0809
000a090a
003c312d
003b312d
003a352f
00252a21
000d0d0e
000e0c11
000b0b17
000c0918
000d0915
000d0a11
000f0b0f
000f0a11
00201820
003d3838
003b3a38
003b3837
0034342f
00302627
00403c3c
00473f3c
004a4542
00554c4a
006d5f5c
007b7f7c
00482221
007f7c7d
007d7f80
007d7f7e
006f776f
004a4c46
00595452
00575553
005b5753
005a5755
005a5755
005a5755
00595755
005a5755
005a5754
00595755
00585655
00585654
00585654
00575654
00575654
00565452
00565452
00555351
00555351
00545351
00535250
00525250
00515250
0051514f
0050504e
004c4d4c
00253336
00192c35
001d353c
00213d42
0018343a
00233f44
001c3a3a
001e3237
000e171f
000e151b
000f191e
00121b20
00141c23
00121f27
00152029
00363e47
004c5960
00183038
0037494d
00415a5d
0028484b
00112d33
00142831
00284147
00143238
00112a32
00102a31
00142733
000c1331
00120f37
00130d39
00130f39
00140f3e
0015113c
0027244d
00150d36
00241e44
001b113d
001e1439
00313338
00222a31
00141d23
000c1519
00101a1b
000e1d1d
00091919
000d1f1d
000d211f
0015201e
00252719
001f2014
003b2c1d
00311910
002f1810
00201a18
00283031
0041413d
00514945
00393e3d
00192b3d
00192f3f
00172f3e
0018171f
000e1235
0015184d
00161b52
00151b54
00161b51
00161c48
000c0b12
000f3c40
001f4248
001c4148
000e3b44
000e373d
00090910
000c0a12
000d1b25
00143b46
00103b47
00103b48
000e3a44
0000000c
000d0f2c
00161a4b
000c0910
000d0c12
003b5156
000e151d
000a0a10
00121a4a
00161d52
00171d55
00161d54
00181d55
00171d53
00171e53
00181d52
00494c5a
0047494b
00484a4b
004b4c4c
004a4d4c
004b4c4c
004c4d4d
004a4d4c
004b4d4d
004b4d4d
004c4d4d
004c4d4d
004c4c4c
004d4d4d
004d4d4c
004e4e4f
004e4f4d
004f504e
004f4f4d
004e4f4c
004f4f4d
0050504e
0050504e
004f504e
004f504e
0051514f
0051514f
00515250
0051514f
00515250
00525250
00525351
00535452
00535351
00535351
00535351
00535351
00535452
00545452
00545553
00555553
00555553
00555553
00565654
00575755
00575755
00585957
00575856
005a5957
005b5957
005b5a58
005c5a58
005c5a58
005b5957
005a5958
005b5b59
005d5b59
005f5c5b
005e5b5a
00605d5b
00615e5c
00615e5b
00615e5a
0063605c
00625f5c
00625f5c
0063605c
00625f5b
00625f5c
00797977
007c7f7e
007f7f7f
00482a2d
00747271
007e7e7f
0080807c
00746964
00675e58
00605955
00595350
0056514e
00524e4b
004f4c48
004e4b47
004d4946
004b4745
002f1d23
00100a0b
000a0a0a
00140b0c
000d0a0c
000e0d10
00111015
000b070a
00090606
00070505
00070606
00101310
00342d29
00261a1b
000b0709
00090909
003a312d
003c312d
003d3430
0034352d
000b110d
00100c11
000f0c17
000b0a19
000c0917
00100b13
00100d0f
000f0a12
0013161f
00362d31
003a3936
003b3937
00393834
00180f0e
00413638
00423d3b
00464240
004c4644
0060534f
00746b68
0048433f
00652528
007e7e7e
00777f7e
007d7f7c
00646d65
004c4d48
00575251
005a5753
00585753
005a5955
00595753
00595854
005a5755
005a5755
005a5754
005a5754
005b5655
005b5655
00585755
00575654
00575553
00565553
00565553
00555452
00545351
00545351
00525250
00525250
00525250
0051514f
004e4f4e
00404d4b
00112428
00162b33
00213a41
001c383e
00233c42
001b3438
00324e51
0007181f
0008141b
000d161d
000f171b
000d161b
0010191e
00111b22
00181e27
00121823
00142a31
0025373d
002a3e44
0040585c
0017353a
00122b33
00182e35
001f3b42
00132b32
00102a30
00102833
000b262e
00112534
000f1833
000a0b32
00161439
0017143a
0019123e
00332d54
002c264d
001d1944
001b143c
002f3034
001d252d
00192227
000f161b
0014181b
00181d1d
00151c1c
000c1f1d
000d211e
001a201f
002b3a32
00243228
001d2317
001d1c13
00222016
00191919
00363534
00262621
00372f27
0043423f
00172835
00152c3a
00162b3a
001d1921
00121439
0015194e
00161b52
00161c54
00181c55
00141947
000d0c12
00143f44
00070811
0001010b
001f404a
00083940
00192a34
000b0a11
000b0913
000b1521
001d3e4a
00113843
0021414b
000d0b16
00171c43
00151c4f
000e0817
000b0a14
0029353b
000e0c16
000c0b13
00151c4f
00181e54
00181d54
00161d54
00191e54
00181e53
00181e53
00181e53
00464865
0047494c
00494b4b
004a4c4c
004a4c4c
004c4d4d
004d4e4e
004d4e4e
004d4d4d
004d4d4d
004b4d4c
004c4e4d
004d4d4b
004e4e4c
004e4f4e
004e4e4f
004f4f4d
004e4f4d
004f4f4d
004f504e
004f504e
0050504e
0050514f
0051514f
0050514f
0050514f
0051514f
00515250
00515250
00525351
00525351
00525351
00535351
00535351
00535351
00525351
00535452
00545553
00555553
00555553
00555553
00555553
00555654
00575755
00575856
00585856
005a5957
00595957
005c5958
005d5a58
005d5a58
005b5957
005d5a58
005a5957
005a5b59
005e5b5a
005e5c5a
005f5b5a
00605c5b
00605c5c
00615e5b
00615e5c
00605d5a
00625f5c
00625f5c
00625f5c
00625f5c
00625e5b
005b5a58
007e7f7f
007c7f7f
0047252b
00272222
007f7f7f
007d7f7e
007b736e
006b615d
00625a57
005b5651
0057524e
00544f4c
00524d49
004e4b48
004d4a47
004d4845
004d4344
0016090c
000d0909
000b0809
000b0708
000b090c
000c0c0e
00121013
000b0609
00090606
00070506
00060505
00171815
00342b27
00201416
00090809
000a090a
0039312c
003d312d
003d332f
003a3430
001a1f19
0010100f
00131116
00120f1d
000e0c19
000f0a11
00130f10
000f0b12
0012181f
001e191f
003c3536
003c3937
003d3837
0033332f
002a1b1e
00403b3a
00453f3d
00494442
004f4a46
00655955
007d7d7b
002f1d18
005c3235
007d7f7f
007e7f7d
007a807b
00626c62
0054504e
00585552
005b5855
005c5955
00595753
00595854
005a5755
005a5755
005b5855
005a5755
005a5755
005a5755
00595755
00585654
00585654
00585554
00575553
00565452
00575452
00565251
00555351
00545250
00545250
0051514f
004f504f
004f4f4d
0043504f
00112429
0020393f
001f393f
00203a40
00223d42
00324e4f
00203e42
00122b31
00162b32
000e161c
000d1619
000d1519
000d161c
00151f26
00182930
001e2f37
0016282f
001c3138
00263c43
0040585c
00102c32
00142b32
001c363e
00122c34
00122a33
00112a31
00102931
000f2631
00122932
0018353f
002a434a
00374e59
00041126
00212546
001e1942
00140f3b
00170f39
002e2f34
0020282f
001b2127
0013181d
0016181a
00181b1b
00101c1a
000f1e1d
00101f1e
001a1e1d
00070606
00262624
00343a37
00323f39
002a3c32
00171e1f
00191915
001a1b13
00292d24
001b1b13
000e151b
0016222e
0017212d
001b1822
0011153b
0015194d
00161b51
00171d53
00181c55
00171a4e
000c0c12
001b434a
000c0b13
000c0b11
0001020b
00153c49
00113946
000b0a13
000c0911
000f0a12
0002020c
0000010c
00182b36
000a0913
001a1d50
00171d52
000a0912
000d0c16
00394e55
001f2529
000d0a0e
00151a49
00171d54
00171d54
00171d55
00181c52
00181e53
00161d51
00181d51
002f314f
0048494c
00494b4b
004b4c4c
004a4c4c
004b4d4d
004c4c4c
004c4c4c
004c4d4d
004d4e4e
004d4e4d
004c4e4d
004d4e4d
004e4e4d
004e4f4e
004f4f50
004f4f4d
004f504e
0051514f
0050514f
0050504e
0051514f
0051514f
00515250
00515250
00525250
00515250
00525351
00525250
00535351
00525351
00535351
00535351
00535452
00535452
00545553
00545553
00555654
00565553
00565553
00555553
00555654
00565755
00575856
00585856
00585856
005a5957
005a5957
005a5a58
005a5a58
005a5957
005b5a58
005c5a58
005c5a58
005d5b59
005f5c5b
005f5c5a
00605d5b
004e4b49
00605d5a
00615d5d
00615d5d
00605d5a
00625f5c
00625f5c
00625f5c
00625f5c
00595654
007f7f7e
007c7e7f
00786165
00352628
007d7e7f
007e7f7e
007f7d7a
00726863
00655c57
005d5752
0057524f
00554f4d
00524d4a
00514c48
004f4b47
004c4946
004b4744
0041343a
000b0809
000b0909
000a0808
000b0607
000b090b
000c0c0e
00100f14
000a0507
00090606
00090506
00090606
00201e1c
002f2622
00160c0e
0009090b
0009090a
0039302b
003c312c
003f332e
003d3530
00373832
00101611
00141114
0012101a
00161621
00171016
00160e0d
000d0b14
00131a1e
00191b21
00251e22
003a3736
003b3835
00393632
001f1817
003c3433
00433d3a
0045413d
004a4542
00584c49
006b5d5a
007b7b78
004e2222
00807c7d
007f7f7f
007d807d
0070776e
00535a54
0057534f
00585753
00595754
005a5855
005a5856
005a5955
005a5855
005a5856
00595755
00595755
00595755
00595755
00595755
00595654
00595654
00595554
00585553
00575552
00555452
00555351
00535250
00535250
0053514f
0053514f
0050514f
004c4f4c
00414c4c
00263c3f
001d383c
00203a40
00243d43
002d4448
002d474b
00254045
00264146
000b1d23
00112027
00060f15
000f191c
000d171f
00152630
00111b24
00121b24
000c161c
001c262e
001b262f
003f5157
001e3a3e
00132e34
00152d35
00122a33
00102931
00102830
00112830
00122831
001d353d
002d4d4f
004a696d
00435f62
002b404c
0017273b
00111732
0011122d
002c2c33
0023292f
001b252b
0013161c
000f1114
00101212
000f1313
000d1515
000e1717
000f1313
00171b1e
00191e21
00232528
001b181a
00373736
001a2227
00242624
0033392e
001a1e14
00373632
00313435
00141a20
00171a25
001c1a27
00141741
0016194e
00161c4f
00161d51
00171c53
00181c51
000b0b14
001f474d
00030a11
000b0a10
000b0810
00162836
00113c4a
0001020d
00090b12
000c0913
000b0a13
000f0a13
00183a42
00100c15
00191a42
00181d54
00090613
000c0a14
000c0b13
000e0c15
000c0a12
00141a4c
00161c50
00171e52
00171d53
00171e53
00191e54
00191e53
00191e51
001b1e40
0048494a
004a4b4b
004c4c4c
004b4c4c
004c4d4d
004c4c4c
004d4d4d
004c4e4e
004e4e4e
004d4e4d
004e4e4d
004f4f4d
004f4f4d
004e4f4e
004f504f
0050504f
0051514f
0052514f
0051514f
0051514f
00515250
00525250
00525351
00525250
00525250
00525250
00525250
00525351
00535351
00535351
00535351
00535452
00545452
00555553
00555553
00555553
00545553
00565553
00565654
00565654
00575755
00575856
00585856
00585957
005a5957
005a5957
005b5957
005a5a58
005b5a58
005c5a58
005c5b59
005d5c5a
005c5b59
005e5c5a
00605d5b
005f5d5b
005f5d5b
00534f4e
00605d5a
00615e5d
00615e5c
00615e5b
0062605c
00625f5c
00615e5a
005e5b58
007f7f7e
007d7e7e
007e7f7f
0049262b
00717272
007d7d7d
007f7f7d
00726a65
00675e58
005f5854
005a5451
0056504d
00534f4b
00504d49
004f4c48
004d4a47
004b4743
00463f41
001d1116
000e0b0b
000c0909
000b0808
000a0708
000a0809
000c0b0d
00100e13
00090507
00090706
00080606
000e0c0b
00272523
00312422
00100b0d
0009090b
000a070a
003b2f2a
003c302b
003f322d
003d342f
003f3732
001e261e
00171113
00151315
0017161d
00140f11
000d0607
00090911
0015171e
00181a20
001c1a21
003a2f34
003c3735
003b3635
00373833
00281d1c
00403938
00433e3c
0046423e
004c4643
005e524e
00736d6b
00393a34
0066292b
007a7e7e
007f7f7f
007c7f7c
00667066
00494b45
00595453
005a5753
005b5854
005b5855
005a5955
005a5956
005a5955
005a5955
005a5855
00595755
00595755
00595755
005a5755
005b5655
00595654
00595654
00575553
00565452
00565453
00555351
00535250
00545250
00535150
0051514f
0051514f
004e4f4e
00444d4c
002d4040
00213c41
00264348
00243e43
002a4248
00233c41
00395459
001f3c41
00203b40
000a262d
00263d46
000b1f28
00122b33
000f1d26
0011181f
000c151a
0010161d
00131a21
00171e26
003e4c52
003c5b5f
0017353a
00142b35
00112831
00122932
00112931
00102a32
00152b33
00697d80
004f686a
002a3e45
00172f36
00112a33
000f2832
001c2834
002c2c33
0025292f
001c242a
0016181c
000e0f13
00131515
00141616
000c1212
000e1315
00131417
00131b1f
00192228
001a262b
001b2226
001a1d21
001b2128
002a3030
00211e11
003c3e35
0034342b
00242929
00172026
001a1f28
001d1b28
00151844
00171b4e
00151b4e
00181c4f
00171b51
00161b4e
000a0817
00283d46
00183d47
00090a13
000a0b12
000c0c15
00103c47
00152734
000b0a12
000d0a11
000c0b12
00090a12
002c4a52
000c1621
0009081f
00181b4f
00090615
000c0b14
000c0914
000b0916
000e102f
00141c4f
00171d50
00161d52
00171e53
00181e54
00191e56
00181e54
00191f54
0011163f
00484849
00494b4d
004b4c4d
004b4d4d
004d4d4d
004e4e4e
004e4e4e
004e4e4e
00504f4f
004e4f4e
004f4f4e
004f504d
004f504e
00505150
0050504f
0050504f
0052524f
0051514e
0051514f
00515250
00525250
00515251
00525250
00525250
00535351
00525250
00515250
00515250
00535351
00535452
00535452
00535452
00535452
00555654
00545553
00555553
00565654
00565755
00565654
00565755
00575856
00595957
00595957
00595957
005a5957
005b5a58
005b5a58
005a5a58
005a5a58
005b5a58
005c5b59
005c5b59
005d5c5a
005f5d5a
00605c5b
00625e5c
00605d5c
005d5958
005d5b59
00615e5c
00625e5c
00625e5b
00635f5b
00625f5c
00635f5d
007c7b7a
007f7f7f
007e7e7e
003f1c23
002c2525
007d7e7e
007e7f7d
00786f6c
006b615e
00625855
005a5551
0057524f
00534f4b
00504d4a
004e4b48
004e4b48
00504947
004b4544
001c1118
00140c0d
000e0b0c
000b0809
000a0707
000a0708
000a0809
000a0a0c
00100e12
00090507
000a0706
000a0706
0013120f
00201d1b
00302322
00100a0e
000c090c
000a0708
003d2f2a
003c302b
003b322c
003e342f
003f3632
00363830
00161210
00191313
00141113
00110e0f
00191516
000a0712
000e0c16
00191921
001b1c21
0022191f
003b3435
003a3636
00393635
001a1715
003a3131
00413b3a
0044403c
00494440
00504946
00675855
007f7e7d
00321c18
00715053
007c7f80
007f7f7f
00797f79
00606b62
00474643
00585452
005b5854
005b5854
005b5855
005a5856
005a5854
00595753
005b5855
005a5755
00595755
00595755
005a5755
005b5755
005b5755
005a5655
00585755
00575654
00565553
00565452
00555452
00545452
00535351
00525250
0051514f
0051504e
004e4e4c
00484b4a
00374647
00384d4f
00243f42
00233d42
001f353c
0021373f
00223a41
00233c41
0020393d
00354d51
00183339
00374e56
00182e39
000b1820
000d181f
000e161d
000d161b
0010181d
00131921
00323e46
003f5a5e
00132b32
00122831
00112831
00112831
00122830
0015262f
001a202a
0016252c
001a2b34
00152a34
00112931
00122a32
001d2830
002a2c33
001f252d
001a2129
0015181c
00191a1b
00211e1f
00201e1d
00242222
003c4342
002d3b3b
0033393d
00212a2a
001d282b
001b242a
00192226
001b2127
00202227
00191e12
001e1809
002f2f27
00181f23
00182427
001d212a
001f1d2a
00141845
00161a4d
00171b4f
00181c51
00171d52
00161c50
000b0a25
0001050e
000e3d48
00122731
00100c16
000e0911
00213d48
001d444d
0000040c
0000050f
0000050f
000a0914
0021414b
0020404a
00110a19
00141d4f
00090716
000b0a16
0006061c
00141946
00181d52
00171d53
00171d54
00161d55
00171f56
00181f56
00181e55
00181f56
00182054
001a1d4d
00484949
004a4c4e
004b4d4f
004c4d4d
004f4e4e
004e4e4e
004f4f4f
004e4e4e
004f4f4f
004f4f4e
004e4f4e
004f504e
00505050
00515151
00505150
0051524f
0051514f
00515250
0050514f
0051514f
0051514f
00515151
00525250
00535351
00535351
00525351
00525250
00525351
00535452
00545452
00565654
00555553
00555553
00545553
00555654
00565755
00565755
00575755
00575755
00585856
00595957
00595856
005a5957
005a5a58
005b5a58
005b5a58
005b5a58
00595a58
005a5a58
005b5a58
005c5c5a
005a5957
005e5d5b
005f5d59
00605d5b
00625e5c
00605d5c
005d5a59
00646361
00615e5b
00625f5b
00615e5b
00635f5b
00625e5c
00686666
007e7f7e
007f7f7e
006c5b5f
002f1e23
007d7d7d
007f807e
00807c78
006f6560
00635957
005c5552
0058534f
0055504d
00524e4a
004f4c49
004e4b47
004d4a47
004c4745
002c1920
00151217
001c1415
000e090a
000c0909
000a0707
000a0707
00090808
000b0a0b
000f0b0f
000a0608
000a0606
00090606
00161311
001f1d1b
002a201e
000e0a0e
000c080b
00090707
003b2f2a
003a302b
003c322c
003c332e
003e3631
003c3733
00151712
001b1514
00181515
00121011
00100e0f
000f0c17
00110e18
00181520
00191c21
00191a1d
002d252a
00363432
003b3737
00363531
00281e1e
003c3836
00423c3a
0046403c
004b4441
00574c4a
006f5d5b
007a7e7c
00481d1d
00807b7b
007e7f7f
007b7f7d
00757c75
005d675e
004b4644
00575553
005b5856
005a5754
00595755
005b5856
005b5856
005b5754
005b5755
005a5755
005a5755
00595755
005a5755
005a5655
005a5755
00585755
00585654
00585654
00575654
00555553
00565452
00555452
00545351
004f514f
004f4f4d
0051504e
004f4f4d
004a4d4c
00444d4c
00283b3d
00263b42
00162730
00142730
00192b34
00142b34
0023363f
0012282f
001a2a34
00152531
00243a43
00112833
000c1c26
000e1a23
000d171f
000d151b
000f171d
00141a20
00192129
00203b40
000e272e
00102833
000f2730
0011272e
0012252e
000f2129
00132930
00122a31
00142a33
00112b31
00162c33
001a222b
00292c33
001d242b
001a2329
0018191d
00242221
00272424
00272323
00292525
00352e2d
003a3a3a
00312a2b
002a2627
0029292a
0023292a
001c282b
001b2429
001d252b
00293031
00131c15
00282f2e
001d262a
001d282c
0022252c
00201e2b
00151947
00161b4e
00171c51
00181d55
00171d55
00161d56
001b1f48
000a0a13
001a3e48
000f3f45
0001121a
000b0a13
00000711
00163f4e
00173f4b
00103d4c
00123e4b
001a424c
00113c45
00113b44
000f0a16
00141d52
0006041b
000d1033
00181e50
00151c4d
00161d52
00161d53
00181f54
00171e56
00161f56
00182056
00191f57
00182056
00172054
00202252
004b4b50
004b4c4d
004d4d4e
004d4d4d
00504f4f
004e4e4e
004f4f4f
004f4f4f
00505050
0050504f
004f504f
00515151
00505050
00515151
00515151
00515151
00515251
00535250
00525250
00545352
0050504f
0050504f
0052524f
00505150
00535351
00535351
00525351
00535452
00535452
00565452
00575453
00575553
00565654
00555654
00565755
00565755
00565755
00585755
00585755
005a5856
005b5957
00585957
005b5a58
005c5a58
005c5a58
005b5a58
005b5a58
005b5a58
005c5b59
005c5b59
005d5c5a
005f5d5b
005f5d5b
005f5e5a
005f5d5b
00605e5e
00605e5b
00605d5b
004d4a47
00615e5c
00625e5a
005f5c59
00635d5c
00514f4e
007f7f7f
007c7f7e
00807c7e
0043282d
007d7e7f
007e7f7f
00807f7d
00726964
00615d58
005d5754
00575350
0055504c
00534e4a
00504c49
004e4b47
004d4a47
004b4945
004f4145
00130f16
00171219
00281f20
00110a0c
000c090a
000a0707
00090607
00080808
000b0909
000b0608
000a0708
000b0708
00080707
00161312
00201b1b
0021191b
000b090c
00090809
00060606
00392f2a
003a302b
003b312c
003d332e
003e3631
003d3730
00282f26
001a1513
001b1715
001a1919
000d0b11
000f0a17
000f0d19
00110e16
0016191f
0013131a
001d191e
00373132
003a3634
00383734
001b1715
003a3130
00403a39
00443e3b
0046423e
004c4542
005c514e
00746967
003f4540
005d1e22
007b7d7c
007c7f7e
007f7f7d
006a736a
005f6760
00524c4a
00595655
00595852
00595854
005b5855
005b5856
005a5855
00595755
005b5856
005b5756
005a5755
005a5755
005a5755
005b5756
00595655
00595655
00585655
00575654
00575553
00565553
00565452
00555452
00535351
00515250
004f504e
0051504e
004f4f4d
004d4e4c
00464c4b
003a4846
001d2d30
00112027
0012212b
0012222f
000f202d
0012232f
0012202a
0012252f
00142e36
00233d47
000f2a30
0013242c
0006141b
000d161c
000c171b
000e161a
0012161e
000f141b
003b535a
000d2c2f
00112b32
00122932
000e262f
0011272f
0011252c
00102932
00142b33
000b252d
0008232a
00122027
00282b32
001c2328
001a2529
001a1b1e
00282626
002b2828
002d2b2b
002c2a29
00332c2b
00373233
003e4543
00373b3a
002d302f
00323233
00313739
0021282c
001d252c
0020262b
00202a2d
001b2629
001c272d
001d292e
0024262d
0022212c
00161a48
00161b4e
00171c52
00171e55
00181e56
00171e56
00161b49
00080915
00101d26
0015474c
00143c45
0002040f
000d0c17
00133d4c
001a424f
00204350
00133e49
00103d48
000e3c47
00113a45
000c0b16
00181d52
00151c4e
00141f55
00161c50
00151b4d
00161d51
00171d53
00181e54
00171e56
00171f56
00182057
00192057
00192157
00182156
001d2353
00494a4e
004d4c4d
004e4d4d
004f4f4f
004f4f4f
004f4f4f
00505050
00505050
00505050
00515151
00515151
00515151
00525251
00525252
00525252
00525252
00525251
00535250
00525250
00494847
0050504f
00515150
00525250
00525251
00525351
00535452
00535452
00545452
00535452
00555452
00575553
00575654
00565755
00565755
00575755
00575856
00575755
00585755
005a5856
00595957
005a5957
005a5957
005b5a58
005b5a58
005b5a58
005b5a58
005d5b59
005d5b59
005d5c5a
005e5c5a
005d5d5b
005e5d5b
005f5d5b
00605f5b
00605e5c
00605e5c
00605e5b
00615e5b
00494644
00615e5b
00615e5a
00605b57
00514d4d
007d7d7d
007c807d
007e7f7f
00532b33
00373234
007d7e7f
007e7f7d
00776e6a
0069605c
005e5854
005a5551
0055514e
00524e4b
00514d49
004e4b48
004d4a47
004c4945
00514848
00170c12
00131016
0017121a
00191414
000f080a
000d0a0b
00090707
00090607
00080707
00090607
000a0606
00090607
00090607
000d0e0d
00161413
00201c1b
00191112
000b0a0a
000d0c0c
000a0909
003a2f29
0039302a
003b312c
003d332e
003e3531
00423631
0036352e
00151611
00201a19
001b1718
000e0b13
000e0b16
00100f19
0017171e
0014181f
0014131f
0016181e
001f161e
003b3434
003b3635
0032342f
002d201e
003d3736
00413b3a
00443f3d
00484240
004e4845
00635552
007e7d7a
00211210
00764b4c
007d7d7f
007e7f7f
007c7f7b
00676f66
00595f59
00544c4b
005a5652
005a5753
005a5754
005a5754
00595855
00595757
005b5756
005b5856
005a5755
005b5756
005a5856
00595856
005a5755
005a5755
00595856
00585654
00585554
00585554
00575654
00565452
00555452
00545351
00515250
0052514f
00504f4d
004f4f4e
004e4f4d
004b4d4b
00484d4b
00414849
00333f41
0028363a
001c2d33
001c2c32
0009242a
00163037
00142f37
00173038
001b353b
00162d34
0012252f
001b2e33
00081117
000e171b
000d171a
000e161a
0014141b
0055676e
0025474b
001a353e
00152b34
00132931
000f282e
0012272f
00112a30
00546f71
004b686e
00243238
002d3236
00282f33
001d2429
00262525
002c2929
002c2929
00302f2e
00343331
00353231
003a3434
00474241
00474746
003d3d3c
003b3c3c
003e403f
00383b3b
00202628
001d252c
001f272d
001d2b30
001c2a30
00202a2f
0027282f
0026252f
00151b49
00161c4f
00171d53
00181e56
00191e57
00171e56
00141a4c
00121436
000b0b10
00214248
00113b45
00123e49
00010916
00204351
0000010f
000c0c15
00050b18
0028414e
00103c45
0027414c
000e0813
00151c54
00171e56
00171e56
00151b4f
00171d50
00171e51
00161d52
00171d53
00171e54
00181e54
00191f56
00191f58
00192058
00192158
001b2054
004a4a4d
004d4d4f
004f4e4f
004f4f4f
00505050
00505050
00505050
00505050
00505050
00515151
00525252
00525251
00525250
00525253
00525252
00525251
00515251
00525151
0051514f
004d4d4c
00515251
00515150
00535352
00525451
00535452
00555452
00555452
00555553
00545553
00555553
00565755
00565755
00575856
00595957
00595856
00595957
00585755
00595856
005b5857
005b5957
005c5a58
005c5a58
005c5a58
005d5a58
005e5b59
005d5c5a
005c5b59
005e5c5a
005e5c5a
005e5c5a
005f5b5a
00615d5c
005f5d5b
00605e5c
005f5e5c
00605e5c
00605e5c
00615e5c
005d5a58
005f5c5a
00635e5c
00555151
007e7f7f
007d7f7f
007c7d7d
006a4049
0023181d
007c7e7e
007f7f7e
007f7874
006c625e
005f5956
00595551
0056514e
00534f4b
00514d49
004f4c49
004d4a47
004c4945
004d4845
002f2125
00110c11
00151218
00110e14
000c0a0a
000e0709
000f0b0b
000a0708
00080506
00080606
00080606
00090505
00090606
00080605
0011110f
00181513
001f1b19
001c1314
00110e0f
000e0b0c
000a0909
00392f26
003a2f29
003b302b
003e322d
003d342f
003f3632
003c3933
00212720
00181213
000e0a10
000e0c18
000f0e19
000d0a13
0017151f
0010121b
0014131e
0013171e
00191721
002f252a
003a3434
00373632
001c1613
003d3534
003f3938
00423c3b
00453f3e
00494341
00554b48
00655b58
007a7e7a
00351410
00807173
007f807e
007d7e7e
007a7e79
00666d65
00545851
005b5553
005a5753
005a5754
005a5753
005a5755
005b5757
005a5755
005b5755
005b5756
005a5755
005b5856
005b5856
005a5755
005a5755
00595755
005a5755
005a5655
00585654
00585654
00575553
00565553
00565452
00545351
00535250
0051514f
004f504e
004f504e
004f4e4e
004d4e4e
004c4d4d
004b4e4e
00444b4a
003d4444
00374040
00334446
002c454a
00213f44
001c353d
0041595f
003a5358
00061d22
0014252c
001c3137
00122128
000c171d
000d161a
0010161b
0015151d
0048555c
004e696e
0016353f
00122f36
00172d34
001a343a
0013282f
00182128
00121f28
00212a31
00363739
00363b3b
002f3536
00303030
00292828
002e2b2b
00353131
003a3635
003a3735
003b3736
00413a38
00545553
00595f5b
0041403e
00414241
00403f41
002d2f2e
00232629
001b2226
001e262b
001e292e
0021272d
002b2b33
002a2832
00171d49
00161d50
00171d54
00181e56
00181e57
00181e56
00171d52
00141c4a
00070818
0001050c
00123e46
00103c46
00173e47
00123f4b
00010714
000b0a15
00100c17
000f0814
0001020c
000d0814
000a0920
00161e53
00181e59
00191f57
00171d51
00161c4d
00141c4d
00161d50
00171d50
00161c4f
00181e52
00181e54
00171f56
00192057
00192158
001e2156
004a4a4f
004c4e50
004e4e50
004f4f4f
00505050
00515151
00505050
00515151
00525252
00525252
00525252
00515251
00525250
00525253
00515251
00525351
00515251
00545353
00515150
00505151
00525352
00525251
00555454
00555452
00565553
00575553
00575553
00565654
00565654
00565755
00565755
00575755
00585856
00595856
005a5856
00595856
00595856
005a5957
005c5957
005b5a58
005b5a58
005c5a58
005c5a58
005d5a58
005e5b59
005d5b59
005e5c5a
005e5c5a
005e5c5a
005f5c5a
005d5a58
00605d5b
00615e5c
00615e5c
005f5e5c
00605e5c
00605e5c
00615e5c
0063605d
00605d5a
005c5655
007c7d7c
007e7f7f
007d7e7e
00756b6c
003d2228
007f7f7f
007e7f7e
00807e7b
00716562
00615956
005a5551
0056524e
0054504c
00514d49
004f4b48
004d4a47
004e4a46
004d4946
00504547
001a0e11
00130f14
00141117
000c090e
00080606
0010090b
000f0b0b
000c0709
00090606
00080506
00080506
000a0606
00090607
00080604
00141110
001a1413
00211918
000f090c
000e0b0d
000a0809
000a0a0a
00392c29
003a2e27
003c2f2a
003f322d
003e332f
003e3531
00413834
00353a31
000f1112
000c0a15
0013101c
000d0b15
000d0b15
000a0711
00141720
0015161e
0014181f
0014151e
0018131f
003d3334
00393332
00363332
002d2020
003a3636
00403a39
00443c3b
00453f3e
004a4443
00584e4a
006b6160
00676561
006c2e2f
007d7e7d
007f7e7e
007d7f7d
00777b75
00656e65
004e524d
005c5554
005b5756
005c5755
005b5754
005b5854
005b5756
005b5756
005a5755
005b5856
005b5856
005b5856
005b5756
005b5856
005b5856
005a5755
005a5655
005b5755
00595654
00585654
00575553
00565553
00555452
00565452
00535250
0052514f
0051504e
00504f4d
004f4f4d
004f4f4e
004e4e4d
004e4e4e
004b4d4c
00484c49
003f4646
00283336
00385156
001e3a42
002e454d
00173236
00233d43
002c4249
0012252b
000d212a
00142c2e
00071b1f
000d151a
000c151a
00181a23
002e3340
00556970
003f5f61
0017383e
001d3c41
001e3b41
000f2830
00182e36
00202b32
00383b3a
00404141
00444545
00434648
00434748
003a3d3d
00313030
003a3637
003c3838
00403a3b
00413a3b
00635453
005f5754
006f6c6a
00383835
004f4f4e
00383836
002a2a2a
00252525
0025282a
0021262b
0032323b
0032303a
002d2c36
00171d4b
00181d52
00161d53
00171e51
00161e55
00151e53
00141c4d
00151d4f
00171b40
000b0a10
00243441
00113d45
00123c44
00113d48
00193f49
00090913
000e0a15
000d0d1b
000e0c17
00050416
00191e4d
00181d57
00181f58
00181f57
00171e53
00161e50
00171e4f
00161d50
00171d50
00161c4d
00181d50
00161d53
00191e56
001a2156
001a2156
001d2255
00494b4e
004c4e50
004d4f51
00505050
00515151
00505151
00515252
00525252
00525252
00525252
00525252
00525251
00525352
00515252
00525353
00525353
00525352
00555452
00525353
00515252
00535452
00535452
00555452
00565553
00575553
00575553
00585654
00585654
00575755
00575755
00585755
00595856
005a5856
005a5856
005a5856
00595957
00595957
005b5957
005b5a58
005c5a58
005c5a58
005d5a58
005e5a59
005b5b59
005c5b59
005c5c5a
005e5b5a
005e5c5a
005e5c5a
005e5c5a
00605c5b
00605d5b
005f5d5b
005f5d5c
00615e5c
00625e5a
00605d5a
00615d5a
005f5c59
005c5655
00797a7b
007c807f
00757677
007f7e7e
004e2d32
00696667
007e7d7d
007f7f7c
00726863
00675d59
005e5653
0057514f
0052504b
00514e4a
004f4c4a
004f4a49
004d4948
004f4946
004d4848
0016020a
00110f0f
00151015
00111118
000c080a
00090505
000c0808
000e0a0a
000a0607
00080506
00080506
00090506
00090506
00090504
000a0807
00141210
00191414
0022191a
000d0a0c
000b0a0b
000a0909
000b0909
00382b27
00392d28
003b3028
003d312b
003d332c
003e3530
00403733
003a3932
00212622
000f1115
000f0a17
000e0b17
000d0c14
000b0812
0012111d
0015151d
0013171e
0013151e
0014141e
00181119
00383133
00363434
001c1815
003e3534
003d3837
00403a39
00433c3b
0046403f
004d4744
00605350
00757170
00362724
0058252a
007d7f7f
007f7e7d
007c7f7c
00787c76
00767f78
004a4f4a
00595452
005a5755
005a5754
005b5855
005b5856
005b5756
005b5856
005b5856
005b5856
005b5756
005b5856
005b5856
005b5856
005b5756
005a5755
00595755
00595655
00585654
00575654
00575654
00565553
00565452
00525250
00535250
0053514f
0052514f
0050504e
004f514e
0050504f
004f4f4e
004e4f4e
004d4e4d
004b4e4d
00464c4c
00384447
004d686b
001e373e
001e353b
00304b50
00223d42
00223b3f
00132b32
001e353b
000b2328
001c333a
00111f26
000e1419
00151920
00323843
0056676f
00516c6f
0038585b
003d5c5f
002e4d50
00355356
00243036
003d3c3c
00434343
00464646
00474847
00474847
00474947
00484948
00454645
00383636
003d3738
003e3635
00453333
003d2a28
003b2a2a
00564f4e
004e4b4a
003c3735
002f2d2f
002f3134
00373a3d
0036383d
0037373e
0035333b
002f2d39
00191d4f
00161e50
001c1d45
00000017
00000214
00000117
0011102a
00191f48
00141c4d
00090c27
000f0d16
00234049
00113d46
00123d47
00123e48
0026444f
00090815
000c0919
001e2340
00161c4c
00161d55
00172054
00181f57
00182057
00171e53
00171d50
00171d4f
00161d4f
00161c4f
00131948
00171c4e
001a1e52
00192053
00192056
001a2157
001a2157
004e5059
004d4e50
004f5051
004f4f4f
00505050
00525151
00525151
00525252
00525252
00525252
00525252
00525252
00535353
00535353
00535353
00535353
00545353
00555351
00555454
00555454
00545452
00545452
00565452
00575654
00585654
00585755
00585755
00585755
00585755
00585755
00595856
005a5856
005a5856
005a5957
005a5957
005a5957
005a5957
005a5957
005b5a58
005c5a58
005c5a58
005e5a59
005e5b59
005f5b5a
005f5b5a
005d5c5a
00605d5b
005f5c5a
005f5d5b
005f5d5b
00615d5c
00605d5b
00605d5b
00605d5c
00615d5c
00625e5a
00615d5a
00605e5a
00615c5a
00686666
007f7f7f
007f7f7f
007d7e7e
00553237
002c2021
007b7e7d
007f807d
0079706d
006c5f5a
00605754
0058524f
0055504c
00514d49
00514c4a
004f4a48
004e4949
004d4947
004b4846
00392a2f
000d080b
000f0d10
00121015
00101015
000c0809
000a0607
000a0606
000b0707
000a0606
00080505
00080506
00090506
000a0606
00090604
00080605
00151210
001c1515
001b1415
000b090c
000b0a0c
000b090b
000a0709
00372b23
00392c28
003b2e2b
003c302c
003d332d
003e352f
00403632
00413c38
00333731
00121d1c
000d0c16
000d0b17
00101019
000d0b14
00110f1a
0016161d
0015171e
0013161f
0012151d
0014121c
00271a1f
00373433
00333430
002a1c1e
003c3635
003d3938
00413b3a
00433d3c
00464241
00524946
00655754
00797e7a
002f1713
00785d60
007a7d7d
007e7e7d
007e7f7d
007e7e7c
00727f79
00424241
005a5354
005a5755
005b5756
005b5756
005b5856
005b5856
005b5856
005b5856
005b5856
005b5856
005b5856
005b5856
005b5856
005b5856
005a5856
00595755
00595755
00585654
00595654
00585553
00565452
00545351
00555351
00545351
00525250
004f514f
00505050
00504f4f
0050504e
0050504f
00515050
004e4f4e
004d4e4c
004b4c4c
00323d3f
0022373c
0023353d
00354c53
001f3b3f
002d484c
00193338
002d454a
00132529
00263d43
000e252b
00243c41
000f1f24
000d131c
0021222f
00353b47
005d747a
004b6a6f
00517074
0029464a
00243236
003d3c3c
00444444
00474747
00494949
004a4b4a
004a4b49
004a4b4a
004a4b4a
004a4b4b
00404141
0034302f
003c3332
00383330
003b3331
00423a38
00413a36
003e3937
00353436
003c3d41
003c3d41
003b3b42
003b3b42
00383940
0033323e
00191d4d
00121644
00213745
001d4550
00174051
0012404d
00204550
00080f1c
00181c48
00161e4f
0008091c
000c0913
001f3c45
000d3c45
00133e49
00113e49
0022444e
00030410
000e0a16
001a1c40
00181d52
00191e58
001a2058
00192057
00181f54
00191d51
00171e51
00171d52
00171d50
00171a44
00161a46
000e0f39
00101340
001a2056
00192158
001a2259
0053545f
004e4e50
00505051
00505050
00505050
00535051
00545152
00525252
00525252
00535353
00535353
00525252
00535353
00525352
00525453
00545454
00555454
00565452
00565452
00555452
00565452
00575553
00575654
00585654
00585755
00595755
005b5755
005b5755
005a5856
00595856
005a5856
005a5856
005b5857
005c5957
005d5957
005c5957
005c5957
005d5957
005e5a58
005c5a58
005e5b59
005d5c5a
005d5c5a
005f5c5a
005f5c5a
005f5d5b
00605d5b
00605d5b
00615d5c
00605c5b
00605d5b
00605d5b
00615d5c
00615e5c
00615e5b
00605d5b
00605d5a
00645e5d
0053504f
007e7f7f
007d7f7f
007d7e7e
00583538
002f1f21
007e8080
007f7e7e
007e7a77
006e605d
00605853
005b5350
0055504d
00534d4c
00514b4a
00504a49
004f4948
004e4947
004e4947
004a4144
001a1017
00100e10
000e0b11
000f0f16
00110e14
000d080b
000a0606
000a0607
000a0606
000a0606
00080506
00080506
00080505
00080506
00080505
00070506
000f0d0c
001b1514
00160f11
000b0b0c
000a090a
000a0909
00090606
00342623
00382b25
003c2e2a
003c302c
003d322b
003e352f
003f3632
003e3734
003f3a36
0018231d
000f1518
000f0a15
0012101c
000d0c16
0014141c
00181a1f
0015171f
00161721
0013141e
0015151d
00130b14
00392b30
00343230
001d1919
003b3231
003d3736
003f3938
00413b3a
00443d3c
00494340
00534a47
00695a59
007a7e7b
004b1818
007f7476
007b7f7e
007d807e
007e807d
007a807c
006f7876
00474441
005c5655
005b5756
005b5856
005b5856
005b5856
005b5856
005b5856
005b5856
005b5856
005b5856
005b5856
005b5856
005c5857
005b5755
00595755
005a5755
005a5755
005a5655
00595554
00595553
00565452
00555452
00555351
00555150
00535250
00535150
00515050
00525050
0051504f
00515050
004f504f
004f504e
004f4e4d
004a4e4d
003e4949
00203137
002e3e44
00284144
002d474c
0020353b
00344a50
00223438
00394e52
00182e31
00293e43
00172b30
0022393e
00213239
000c1620
00363846
005b6d75
0048646a
004e6d71
00222f31
003e3d3d
00454545
00494949
004c4a4a
004d4b4b
004d4b4b
004d4c4b
004e4d4b
004d4d4b
004a4b4b
004b4f4d
004b4e4d
00474b49
003a3c3b
003d3b3a
003f3a39
003c3635
003e3e3e
00434444
00454545
00444547
00434348
00424045
003a3742
00161e4e
000c1f44
00113d4d
001d3e4e
000e1e2f
0016404e
00123e49
00153f49
000d1e3f
00151c51
00191e48
00090818
00080911
0023404b
00113f49
00144049
0014404b
001c414d
00000510
000d0a18
001b1d4d
00191f56
001a2057
00192057
00181e54
00181d50
00161d51
00171e51
00181d50
00100f35
00151842
00121842
00191d49
00192056
00192258
001d225b
00484d5b
004e4e50
00505051
00515151
00515151
00525151
00525252
00525252
00535353
00525252
00525252
00535353
00545454
00555453
00565453
00555354
00555454
00565452
00575553
00575553
00575553
00585654
00585654
00585755
00595755
00595755
005a5755
005b5756
00595856
005a5856
005a5856
00595856
005c5957
005c5957
005c5957
005c5957
005c5957
005d5a58
005d5a58
005d5a59
005f5b59
00605c5a
00605c5a
005f5c5a
00605c5b
00605d5b
00605d5b
00605d5b
00605c5b
00605d5b
00605d5b
00605d5b
00615d5c
00605d5b
00605d5a
00605d5a
00655e5c
004b4545
007d7d7c
007d7f7f
007d807f
00796d6f
003e2325
007e7e7e
007e7f7e
007f7c7a
00726461
00625955
005d5350
0057504d
00564d4a
00514b48
00504b48
004f4847
004e4847
004d4747
004c4546
002b1f2a
000e0d12
000f0d13
000f0d12
000f0e14
00110d10
000a0708
000a0606
000a0606
00090506
00090506
00080506
00080506
00080505
00080505
00080505
00090405
000a0809
00170f10
0010080b
000d0b0c
000b080b
00080707
00080505
00130009
00362a26
003a2c28
003c302b
003b322d
003e352f
003f3531
00392f29
00413935
00393d37
0012201d
000a0c13
000f0916
000e0c17
0016141c
00191920
0017171f
0017171f
0015151e
0015151f
000d0c14
00140912
00363130
0032312f
00251a1b
003c3534
003e3837
003e3a38
00403b3a
00453e3d
004b4542
00564c48
006b6362
00666663
004c1316
007d7c7d
00787c7c
007f7f7e
007d807d
006e736c
00666e68
00433f3c
005c5655
005b5655
005a5755
005b5856
005b5856
005b5856
005b5856
005b5856
005b5856
005b5856
005b5856
005b5856
005b5756
005b5756
005a5755
005a5755
005a5755
00595654
00585553
00585553
00575452
00555452
00555352
00545152
00555150
00545251
00515150
00525150
00514f4f
0052504f
0052504e
0051504f
004e4e4d
004d4e4d
00484e4e
00303a3c
00556a6c
00314d51
00253f45
002a444a
001b2f31
00354b4e
001f3339
00304649
001c2f38
00293c42
00324448
000e242b
003c4a54
00202730
0047515a
00586d75
002a3035
00413e3f
00484646
004b4949
004d4b4c
004e4c4c
00504c4b
00504d4b
004f4e4c
004e4e4c
004e4d4b
004e4d4c
004e4d4e
004e4d4c
004d4c4c
004c4d4d
004a4b4b
00494c4b
00494a4a
004a4849
004a484a
00484748
00474649
00444248
00403d45
00171f4f
0010254a
00143f4e
000e2635
000d1b27
00143e4b
00143e49
00144048
00051740
00161d50
00161c4f
00161a46
000b0817
000a0a17
002b444e
00163f4a
0015404b
0015404c
00163e4a
00030916
000f0a1f
00181e57
001b2059
001b2159
00181e53
00181c52
00171e52
00171e52
00181c50
00101238
0012143a
000f103a
00171b48
00182056
001a2258
001d2359
00383959
004d4e51
00505052
00515151
00515151
00525252
00545353
00545152
00555253
00545252
00555353
00565453
00565453
00555353
00555353
00565454
00575455
00575555
00575555
00585655
00585654
00575654
00585755
00595755
00595755
00595755
005b5756
005a5856
005b5856
005a5857
00595757
005b5957
005b5856
005b5756
005b5856
005a5957
005b5a58
005c5a58
005d5a58
005e5b59
005f5b5a
005f5c5a
005f5c5a
005f5c5a
00605d5b
00605d5b
00605d5b
00605d5b
00615d5b
00635c5b
00605d5b
00635c5b
00625c5b
00625c5b
00605e5c
00655e5d
004b4341
007e7f7d
007d807f
007e7e7e
007f7b7d
004b282c
00726f70
007e7f7f
007f7f7c
00776965
00665b58
005b5552
0054504e
00534d4c
00514b4a
004f4948
004f4948
004e4847
004e4846
004e4746
003c3137
0019121e
00191b22
000f0d10
00100e13
000f0e13
000b080b
000b0607
000a0607
00090506
00090506
000a0506
00080506
00080506
00070506
00070405
000a0405
00070405
00070606
00080505
000a0709
000c0a0b
000b0809
00090607
00080506
000e0704
00311e1f
00382e25
003b2f2a
003c322e
003e342e
003e3531
00271f1b
00413935
00413b36
00222b24
000d1816
000f0914
000f0b17
00191821
001b1b23
00171620
00181821
0014141d
0015151f
000d0f16
000f0a11
002c2125
00362f30
00211e1d
00392e2e
003d3736
003c3937
003f3b39
00423c3b
0046403f
004e4644
005f514d
00767672
00362e29
00784349
007b7d7d
007f7f7f
007e7f7d
0071736e
00636762
00656a65
004b4443
005d5656
005b5755
005c5756
005b5856
005b5856
005b5856
005b5856
005b5856
005c5856
005c5856
005c5856
005c5856
005c5856
005b5856
005b5856
005b5756
005a5755
00595554
00595654
00595553
00575453
00565454
00555353
00555352
00555252
00555152
00545251
00535051
00525050
00514f4f
00524f4f
00504e4e
00514f4d
004f4e4e
004c4e4b
00494d4e
004d595c
0042575d
002e454b
0021383c
003b4b50
00192f31
0032484e
0023393f
00293c42
003a4a51
0012252a
0042555c
000c1e24
002b333b
00313640
0036373a
003e3f3f
00484646
004c494a
004c4b4b
004f4d4d
00504d4b
00514d4c
00514e4c
00514e4d
00504e4c
00514e4e
00514e4e
00514e4e
00504d4d
00514e4f
00504d4e
004d4d4d
004c4a4a
004c4b4b
004b494c
004b494b
0048474a
00464549
00403d45
00181f51
00142a4e
0015404f
001a3e4d
0026364a
00103e4a
00153e4b
00134048
00081742
00171d50
00181c50
00151b4d
00171a43
000d0b19
000c0c1a
00253e49
001a404d
0017414c
00153e49
001a3c46
000f0e18
001c1f4f
001b2059
001a2058
00181e53
00181d53
00181e52
00181e52
00161c50
000e1339
0012143a
00141542
00111342
00191f55
001b2157
001b235a
0026264b
004c4d50
00515151
00535252
00525151
00535252
00555253
00545252
00555353
00565354
00565354
00565453
00555353
00565454
00575455
00585555
00585556
00585656
00575556
00585556
005a5654
005b5755
005b5755
005b5755
005b5756
005b5856
005b5856
005a5856
005b5856
005a5857
005b5858
005e595b
005b5755
005b5756
005c5857
005d5958
005e5958
005c5958
005f5b59
005e5b59
005f5c5a
005f5c5a
00605c5b
00605d5b
00605d5b
00605d5b
00605d5b
00615d5b
00625d5b
00635d5c
00615d5b
00625c5b
00625d5b
00625c5b
00655e5c
004a4140
007b7b79
007b7d7c
007f7e80
007e7e7f
00300509
00413738
007e7e7e
007f7f7d
00766b68
006c5d5a
00595350
00564f4c
00534c4b
00514b4a
004f4948
004d4947
004e4847
004d4746
004d4745
00493d40
002c2a34
000f0f14
00191c28
000e0d12
00110f14
00120e13
000b0707
000b0606
000a0606
00070405
00080505
00090505
00080506
00080506
00080506
00090405
00080405
00070405
00060505
00070505
00090708
000b0809
000a0707
00090606
00080506
00181b15
00130305
00372b27
003c2f29
003f312b
003d332e
003e3430
002c211d
00423733
00413a36
00393832
000f1b15
000b0c11
000e0917
0015121e
0017181f
00191921
0015161f
0014151e
0014151e
0012151d
000c090f
00251e23
002f2327
002f312f
00180d0c
003b3232
003c3736
003e3837
00403a3a
00433b3a
0047403f
00504645
00675555
007b7c7b
002b1713
00745658
007c7e7e
007f807f
007e7f7e
00656762
0061635e
005f625f
00494140
005e5655
005d5755
005c5756
005d5756
005d5756
005c5856
005c5856
005d5756
005d5756
005d5756
005d5756
005d5756
005e5756
005e5756
005b5756
005a5655
005a5654
00595654
00595554
00585553
00585553
00575353
00565351
00565351
00575252
00555151
00545050
00545150
00535050
0052504f
00514e4f
00514f4f
0052504f
00514f4f
004f4e4e
004b4d4c
00414548
00344145
00111e23
0047565a
002c3c3f
0036464a
002c4048
00283a3f
00404f57
00122228
0040515b
001a2930
001d2a31
0038464e
00323537
00414040
004a4748
004d4a4a
004d4b4b
004f4c4d
00514d4c
00514d4c
00524e4d
00524f4d
00524e4d
00534f4e
00524f4d
00514f4d
00514f4e
00504e4e
00504e4e
004f4c4d
004e4c4c
004d4b4b
004d4a4d
004d4a4c
004a474b
00464549
00414048
00171e52
00182e52
00164050
00153f4c
001f3140
001e3e4d
00061625
00163e46
00081a44
00171d50
00181c50
00161b4f
00151a4d
00141a48
000a091c
00100a1b
0014202d
001c3f4b
0016404b
00144049
0000000b
00100f35
001a2059
001a1f59
00181e54
00181e53
00181d52
00171d51
00161e50
00181d48
00161941
00131441
00131444
001a1f57
001c2258
001c2259
001b1b45
00525052
00545054
00545152
00535051
00535151
00555253
00565353
00565354
00565354
00565353
00575455
00575555
00585556
00595656
005a5657
00595555
005a5655
005a5657
005a5656
005a5755
005a5755
005b5756
005a5655
005b5856
005c5857
005c5858
005b5856
005d5857
005b5856
005c5859
00464046
00585654
005c5957
005d5958
005c5a58
005e5a58
005e5958
005f5a58
005e5b59
005f5c5a
00615c5b
00615c5b
00635c5b
00635c5b
00635c5b
00635c5b
00625c5b
00625c5b
00635c5b
00635d5b
00635c5a
00625c5b
00635b5a
004f4442
00646361
007e7f7e
007f7f7e
007c7e7d
005d2e34
001f1112
007f7f7f
007e7f7d
007d726f
006a5d5a
005d534f
0058504d
00534d4b
00534a4a
004f4948
004e4847
004e4847
004f4847
004f4846
004f4445
0039333c
00151119
0021232b
001d1e2b
000d0e14
00110f15
00100b11
000a0606
00090505
00080506
00080506
00080506
00080506
00080506
00080506
00090405
00080405
00080405
00070405
00070405
00080506
00090708
000a0708
000a0707
00080505
00080505
00261a18
000a0a06
00311e1f
003b2d2a
003e302b
0040322e
0040342f
003a302b
003f3632
00433935
00433c36
001a221d
000f1716
000c0d14
00100918
00181721
001a1a23
00181821
0016151e
0016151e
0013141e
000f0b10
001c1d20
00161016
00352c2f
00322f2e
00261819
003c3132
003b3535
003e3738
00423a39
00443d3c
0049413f
00534946
006e5b5b
00807e7d
00401515
00807d7f
007e7f7f
007e7f7f
00787976
0061625e
005b5c5a
00595a57
004a403f
005d5655
005c5655
005c5655
005d5756
005e5857
005d5756
005d5756
005d5756
005d5756
005d5756
005d5756
005d5756
005d5756
005c5856
005c5856
005b5755
005b5755
005a5655
005a5654
00585654
00575453
00585452
00575452
00565253
00565253
00555051
00555251
00555151
00545050
00555052
00534f4f
00514e4e
00524f4d
00524f50
00514f4e
004d4f4f
00494d4c
0043484b
00282e31
000e121a
00444c55
0037484c
001c2d34
00495a5f
0016272d
0036464f
00283c42
0014222a
003b4c51
00323738
00424040
004c494a
004e4b4b
004f4c4d
00514d4d
00514d4d
00524e4e
00524e4e
00534f4f
00545050
0053504f
00524f4d
00534f4d
00534f4d
00524e4e
00524e4e
00504d4e
004f4d4d
004e4c4c
004e4b4d
004e4b4d
004b484c
0048454a
00423f48
00161d52
001c3255
00163f4f
001c414f
00060d1d
00163c49
000d1c29
00183f48
00091945
00171c50
00181c52
00191c52
00181b4e
00151d4c
00161a4a
000c0e25
00110c19
00010210
00293d4b
002b4853
0000000c
000d0f30
001a1f58
001a1f59
00191e55
00181e53
00181d52
00181d52
00181d51
00171b4a
0014143c
00161744
001b1d4b
001a1f56
001c2358
001c2359
001a1e4b
00504d4f
00545152
00535151
00545152
00545152
00565354
00565354
00585555
00575455
00585555
00585555
00575555
00585656
00595556
005a5657
005b5657
005b5655
005b5656
005b5655
005a5656
005b5757
005b5757
005b5856
005c5856
005c5856
005c5757
005c5856
005d5857
005c5856
005c5858
0048424c
00565655
005c5957
005d5a58
005e5b59
00605a59
00605a59
005f5a59
005f5b59
00605c5b
00625c5c
00635c5c
00625c5c
00625c5b
00625c5b
00625c5b
00625c5b
00625c5b
00635c5b
00625c5a
00625d5b
00635c5b
004f4443
00514f4e
007c7e7d
007e7f7f
007e7f7e
004a282c
00351d1e
007d7d7d
007f7f7e
007e7774
00715f5e
00604a48
00483e3b
004d3e3b
00524b49
00514846
004f4746
004f4745
004e4745
004f4645
004f4646
003c343a
003a323f
001f2020
00252732
0015121a
00110f15
00141015
000c070d
000a0606
00080506
00080505
00080506
00090506
000b0506
00090506
00090506
00080405
00070405
00080405
00070404
00070405
00080506
00090708
00090708
00090607
00080405
00080505
00190709
0020201a
00120506
003b2c28
003d2f2a
003f312d
003d332f
003d332e
00403630
00423834
00423a35
00242522
00111917
00111917
00100e17
00120f1b
00181720
00161620
0016151f
0016151f
0014131e
00100b11
001b191d
00111115
0014080c
00352f2f
00272321
002e1e20
003b3031
003c3534
00403938
00413a39
00453c3d
004c4342
00584b49
006b5d5d
00757874
00521b1f
00797a7c
007e7d7e
007c7f7e
0061625f
005f5d5b
00595957
005b5957
004a4241
005d5454
005c5655
005c5655
005c5655
005e5857
005d5756
005d5756
005e5857
005e5856
005e5856
005d5756
005d5756
005d5756
005d5756
005b5755
005d5756
005c5554
005b5554
005a5554
005a5554
005a5554
00585454
00575354
00575354
00565252
00565253
00565252
00555152
00555152
00555152
00535151
00535050
00534f4f
00534f50
00535050
00524f50
00504e4e
00494b4b
00484e4f
002e3335
000b0c14
001e222b
003e4b54
0013242c
002b3a45
0034464e
0014222b
00384950
0038393e
00464443
004d4a4a
004f4c4c
00514d4d
00524e4e
00524e4e
00534f4f
00534f50
00534f50
00534f50
00534f50
00534f50
00534f4e
00524f4d
00524e4f
00534d4e
00524d4e
00504d4e
004f4c4d
004f4b4d
004e4b4d
004d494d
0049464a
00423f46
001a1f54
001e3558
00174150
001c3f4e
00040816
001f3f4d
00030513
0016414b
00081844
00181d53
00171c52
00171d51
00191d50
00171c4f
00171d51
00171c4e
00121538
000c091b
00110d1c
000a0a1a
000e0c1a
00191d49
001b2159
001a1f59
001c1d56
00191e53
00171e54
00181e54
001a1f52
00191d4e
0014163e
0013153f
00131439
001b1f55
001d2259
001e225a
001d2154
00524f50
00545150
00555252
00555253
00545252
00575353
00595555
00595555
00595556
00595556
005a5556
00595556
005b5755
005a5656
005b5657
005b5657
005b5556
005a5657
005b5757
005b5856
005c5856
005c5856
005a5756
005d5756
005c5757
005d5757
005d5856
005d5756
005d5756
005c5856
005e5a5e
0056575a
005c5757
005f5958
00605a59
00615b5a
00605a59
00605a59
00615b5b
00615b5b
00625c5d
00635c5d
00635c5d
00635c5b
00625c5b
00635d5b
00635c5b
00635c5b
00625b5a
00625b5a
00625a59
00513c47
00393142
007e7f7e
007e807e
007f7f7f
00746467
003c2224
007d7b7b
007e7e7e
007f7d7b
0073615e
00685353
00321716
00362523
00493f3b
00382a26
004f3839
004d4846
004a4744
004f4645
004d4444
003c3338
003a353f
0009040a
0036373b
00302e37
000d090e
00100e14
00130f15
000a0506
000a0606
00090505
00080506
00090506
00090506
00090506
00090506
00090505
00080405
00080405
00070405
00060304
00080505
00090606
000a0708
00090707
00090607
00090505
00090505
00160508
002b1c17
000d0705
002e1815
003d2e2a
003e312d
003f322e
003f332d
00423531
00443733
00433935
00312f2c
00222827
00141b1a
00141a1d
000f101b
0014141d
00181721
0015151f
0015151f
0013121d
00110c12
00161419
00101013
00110b0c
00140006
002c2e2d
00231719
00302022
00383231
003d3635
00413938
00423a3b
00493e3d
004f4445
00684f4e
006b6161
00696a66
00722929
007b7f7f
007e7f7f
007c7f7e
00595858
00595957
00535452
005a5757
004f4141
005d5554
005e5655
005d5655
005e5655
005e5756
005d5756
005e5857
005e5856
005e5856
005d5756
005d5756
005f5756
005e5756
005d5655
005e5655
005c5655
005b5554
005d5755
005c5654
005a5451
005b5554
00595354
00585354
00585253
00565253
00565252
00565253
00565252
00555152
00585152
00565152
00545151
00535050
00534f50
00544f51
00564f4e
00524e4f
00504d4d
00474e4d
00455451
00495059
00293843
0025313b
0024303d
00282f3a
00101923
0023353c
0033373b
00484645
00504a4b
00524c4d
00514d4e
00534f4f
00534e4f
00544f50
00544f50
00534f50
00534f50
00534f50
00534f50
00545050
00534f50
00534f4f
00534e4f
00534e4f
00504d4d
00504c4e
00504c4e
00504b4e
004e4a4d
004a464c
0045414a
001a1e56
0021375c
00194152
00234150
00000411
00032635
0009232e
0013404a
000a1c47
00191e54
00181d53
00171c52
00191d51
00171b4f
00161c52
00191e54
00171c54
00242c51
000f1020
000e0d1a
00100d1f
001b2057
001b2059
001a1e5a
001a1e56
001a1e53
001a1e53
001a1e54
00191f53
001f1f53
001b1748
00181947
00262850
001b2056
001f2259
001e225a
001f2358
00535051
00545251
00565353
00555253
00585253
004a4344
00585454
00595555
00595555
00595556
005b5556
005d5657
005c5655
005c5556
005d5657
005b5657
00595656
005b5757
005b5757
005b5856
005c5856
005c5856
005b5857
005d5756
005e5758
005e5757
005d5756
005e5758
005f5859
005c5757
00595656
005b5959
005e5858
00615b59
00625a59
00635b5a
00615a5b
00625b5c
00635b5c
00635b5c
00625c5d
00625c5d
00635c5d
00635c5b
00625c5b
00635d5b
00645b5b
00635b5a
00625b5a
005f5a5a
004d383b
00462a47
0036344b
007d7e7d
007d807e
007c6e6e
005b3234
007f7c7e
007d7e7d
007f7f80
007c6563
00685352
00400b0d
001b1212
00241413
00321817
002a0906
001d0e12
00494543
004b4643
004d4544
00493d3e
003a3037
002e2631
00303638
003e353e
00312833
000d0c0d
00100e13
00120e13
000b0707
00090506
00090506
00080506
00090506
00090506
00090506
00090505
00090505
00080405
00080404
00070405
00070405
00080505
00090606
000a0708
00090707
00090607
00070505
00070505
